
*** Running vivado
    with args -log apex_control_mgt_top.vdi -applog -m64 -product Vivado -messageDb vivado.pb -mode batch -source apex_control_mgt_top.tcl -notrace


****** Vivado v2022.2.2 (64-bit)
  **** SW Build 3788238 on Tue Feb 21 19:59:23 MST 2023
  **** IP Build 3783773 on Tue Feb 21 23:41:56 MST 2023
    ** Copyright 1986-2023 Xilinx, Inc. All Rights Reserved.

source apex_control_mgt_top.tcl -notrace
INFO: [IP_Flow 19-234] Refreshing IP repositories
INFO: [IP_Flow 19-1700] Loaded user IP repository '/home/agreshil/vivado_projects/i2c-master/x2o-vivado-usplus-control-i2c-master-pl/control/ip_repo/i2c_master_1_0'.
WARNING: [IP_Flow 19-2248] Failed to load user IP repository '/home/agreshil/vivado_projects/i2c-master/x2o-vivado-usplus-control-i2c-master-pl/control/ip_repo/myip_1_0'; Can't find the specified path.
If this directory should no longer be in your list of user repositories, go to the IP Settings dialog and remove it.
WARNING: [IP_Flow 19-2207] Repository '/home/agreshil/vivado_projects/i2c-master/x2o-vivado-usplus-control-i2c-master-pl/control/ip_repo/myip_1_0' already exists; ignoring attempt to add it again.
WARNING: [IP_Flow 19-2248] Failed to load user IP repository '/home/agreshil/vivado_projects/i2c-master/x2o-vivado-usplus-control-i2c-master-pl/control/ip_repo/myip_1_0'; Can't find the specified path.
If this directory should no longer be in your list of user repositories, go to the IP Settings dialog and remove it.
WARNING: [IP_Flow 19-2207] Repository '/home/agreshil/vivado_projects/i2c-master/x2o-vivado-usplus-control-i2c-master-pl/control/ip_repo/myip_1_0' already exists; ignoring attempt to add it again.
WARNING: [IP_Flow 19-2248] Failed to load user IP repository '/home/agreshil/vivado_projects/i2c-master/x2o-vivado-usplus-control-i2c-master-pl/control/ip_repo/myip_1_0'; Can't find the specified path.
If this directory should no longer be in your list of user repositories, go to the IP Settings dialog and remove it.
WARNING: [IP_Flow 19-2207] Repository '/home/agreshil/vivado_projects/i2c-master/x2o-vivado-usplus-control-i2c-master-pl/control/ip_repo/i2c_master_1_0' already exists; ignoring attempt to add it again.
INFO: [IP_Flow 19-1700] Loaded user IP repository '/home/agreshil/vivado_projects/i2c-master/x2o-vivado-usplus-control-i2c-master-pl/control/ip_repo/i2c_master_1_0'.
WARNING: [IP_Flow 19-2207] Repository '/home/agreshil/vivado_projects/i2c-master/x2o-vivado-usplus-control-i2c-master-pl/control/ip_repo/i2c_master_1_0' already exists; ignoring attempt to add it again.
INFO: [IP_Flow 19-1700] Loaded user IP repository '/home/agreshil/vivado_projects/i2c-master/x2o-vivado-usplus-control-i2c-master-pl/control/ip_repo/i2c_master_1_0'.
WARNING: [IP_Flow 19-2207] Repository '/home/agreshil/vivado_projects/i2c-master/x2o-vivado-usplus-control-i2c-master-pl/control/ip_repo/i2c_master_1_0' already exists; ignoring attempt to add it again.
INFO: [IP_Flow 19-1700] Loaded user IP repository '/home/agreshil/vivado_projects/i2c-master/x2o-vivado-usplus-control-i2c-master-pl/control/ip_repo/i2c_master_1_0'.
WARNING: [IP_Flow 19-2248] Failed to load user IP repository '/home/agreshil/vivado_projects/i2c-master/x2o-vivado-usplus-control-i2c-master-pl/control/ip_repo/i2c_master_buf_1_0'; Can't find the specified path.
If this directory should no longer be in your list of user repositories, go to the IP Settings dialog and remove it.
WARNING: [IP_Flow 19-2207] Repository '/home/agreshil/vivado_projects/i2c-master/x2o-vivado-usplus-control-i2c-master-pl/control/ip_repo/i2c_master_buf_1_0' already exists; ignoring attempt to add it again.
WARNING: [IP_Flow 19-2248] Failed to load user IP repository '/home/agreshil/vivado_projects/i2c-master/x2o-vivado-usplus-control-i2c-master-pl/control/ip_repo/i2c_master_buf_1_0'; Can't find the specified path.
If this directory should no longer be in your list of user repositories, go to the IP Settings dialog and remove it.
INFO: [IP_Flow 19-1700] Loaded user IP repository '/home/agreshil/vivado_projects/i2c-master/x2o-vivado-usplus-control-i2c-master-pl/control/ip_repo/axis_jtag'.
INFO: [IP_Flow 19-2313] Loaded Vivado IP repository '/tools/Xilinx/Vivado/2022.2/data/ip'.
add_files: Time (s): cpu = 00:00:29 ; elapsed = 00:00:13 . Memory (MB): peak = 2974.816 ; gain = 1061.934 ; free physical = 5419 ; free virtual = 14038
Command: link_design -top apex_control_mgt_top -part xck26-sfvc784-2LV-c
Design is defaulting to srcset: sources_1
Design is defaulting to constrset: constrs_1
INFO: [Device 21-403] Loading part xck26-sfvc784-2LV-c
INFO: [Project 1-454] Reading design checkpoint '/home/agreshil/vivado_projects/i2c-master/x2o-vivado-usplus-control-i2c-master-pl/control/apex_kria/apex_kria.gen/sources_1/bd/design_1/ip/design_1_axi_dma_0_0/design_1_axi_dma_0_0.dcp' for cell 'bdw/design_1_i/axi_dma_0'
INFO: [Project 1-454] Reading design checkpoint '/home/agreshil/vivado_projects/i2c-master/x2o-vivado-usplus-control-i2c-master-pl/control/apex_kria/apex_kria.gen/sources_1/bd/design_1/ip/design_1_axis_data_fifo_0_0/design_1_axis_data_fifo_0_0.dcp' for cell 'bdw/design_1_i/axis_data_fifo_0'
INFO: [Project 1-454] Reading design checkpoint '/home/agreshil/vivado_projects/i2c-master/x2o-vivado-usplus-control-i2c-master-pl/control/apex_kria/apex_kria.gen/sources_1/bd/design_1/ip/design_1_axis_jtag_0_0/design_1_axis_jtag_0_0.dcp' for cell 'bdw/design_1_i/axis_jtag_0'
INFO: [Project 1-454] Reading design checkpoint '/home/agreshil/vivado_projects/i2c-master/x2o-vivado-usplus-control-i2c-master-pl/control/apex_kria/apex_kria.gen/sources_1/bd/design_1/ip/design_1_clk_wiz_0_0/design_1_clk_wiz_0_0.dcp' for cell 'bdw/design_1_i/clk_wiz_0'
INFO: [Project 1-454] Reading design checkpoint '/home/agreshil/vivado_projects/i2c-master/x2o-vivado-usplus-control-i2c-master-pl/control/apex_kria/apex_kria.gen/sources_1/bd/design_1/ip/design_1_ila_0_0/design_1_ila_0_0.dcp' for cell 'bdw/design_1_i/ila_0'
INFO: [Project 1-454] Reading design checkpoint '/home/agreshil/vivado_projects/i2c-master/x2o-vivado-usplus-control-i2c-master-pl/control/apex_kria/apex_kria.gen/sources_1/bd/design_1/ip/design_1_jtag_logic_0_0/design_1_jtag_logic_0_0.dcp' for cell 'bdw/design_1_i/jtag_logic_0'
INFO: [Project 1-454] Reading design checkpoint '/home/agreshil/vivado_projects/i2c-master/x2o-vivado-usplus-control-i2c-master-pl/control/apex_kria/apex_kria.gen/sources_1/bd/design_1/ip/design_1_jtag_logic_0_1/design_1_jtag_logic_0_1.dcp' for cell 'bdw/design_1_i/jtag_logic_1'
INFO: [Project 1-454] Reading design checkpoint '/home/agreshil/vivado_projects/i2c-master/x2o-vivado-usplus-control-i2c-master-pl/control/apex_kria/apex_kria.gen/sources_1/bd/design_1/ip/design_1_proc_sys_reset_0_3/design_1_proc_sys_reset_0_3.dcp' for cell 'bdw/design_1_i/proc_sys_reset_0'
INFO: [Project 1-454] Reading design checkpoint '/home/agreshil/vivado_projects/i2c-master/x2o-vivado-usplus-control-i2c-master-pl/control/apex_kria/apex_kria.gen/sources_1/bd/design_1/ip/design_1_system_ila_0_0/design_1_system_ila_0_0.dcp' for cell 'bdw/design_1_i/system_ila_0'
INFO: [Project 1-454] Reading design checkpoint '/home/agreshil/vivado_projects/i2c-master/x2o-vivado-usplus-control-i2c-master-pl/control/apex_kria/apex_kria.gen/sources_1/bd/design_1/ip/design_1_system_ila_1_0/design_1_system_ila_1_0.dcp' for cell 'bdw/design_1_i/system_ila_1'
INFO: [Project 1-454] Reading design checkpoint '/home/agreshil/vivado_projects/i2c-master/x2o-vivado-usplus-control-i2c-master-pl/control/apex_kria/apex_kria.gen/sources_1/bd/design_1/ip/design_1_xxv_ethernet_0_0/design_1_xxv_ethernet_0_0.dcp' for cell 'bdw/design_1_i/xxv_ethernet_0'
INFO: [Project 1-454] Reading design checkpoint '/home/agreshil/vivado_projects/i2c-master/x2o-vivado-usplus-control-i2c-master-pl/control/apex_kria/apex_kria.gen/sources_1/bd/design_1/ip/design_1_axi_chip2chip_0_0/design_1_axi_chip2chip_0_0.dcp' for cell 'bdw/design_1_i/C2C/axi_chip2chip_0'
INFO: [Project 1-454] Reading design checkpoint '/home/agreshil/vivado_projects/i2c-master/x2o-vivado-usplus-control-i2c-master-pl/control/apex_kria/apex_kria.gen/sources_1/bd/design_1/ip/design_1_axi_chip2chip_1_0/design_1_axi_chip2chip_1_0.dcp' for cell 'bdw/design_1_i/C2C/axi_chip2chip_1'
INFO: [Project 1-454] Reading design checkpoint '/home/agreshil/vivado_projects/i2c-master/x2o-vivado-usplus-control-i2c-master-pl/control/apex_kria/apex_kria.gen/sources_1/bd/design_1/ip/design_1_axisafety_1_0/design_1_axisafety_1_0.dcp' for cell 'bdw/design_1_i/C2C/axisafety_1'
INFO: [Project 1-454] Reading design checkpoint '/home/agreshil/vivado_projects/i2c-master/x2o-vivado-usplus-control-i2c-master-pl/control/apex_kria/apex_kria.gen/sources_1/bd/design_1/ip/design_1_axisafety_2_0/design_1_axisafety_2_0.dcp' for cell 'bdw/design_1_i/C2C/axisafety_2'
INFO: [Project 1-454] Reading design checkpoint '/home/agreshil/vivado_projects/i2c-master/x2o-vivado-usplus-control-i2c-master-pl/control/apex_kria/apex_kria.gen/sources_1/bd/design_1/ip/design_1_axi_bram_ctrl_0_0/design_1_axi_bram_ctrl_0_0.dcp' for cell 'bdw/design_1_i/IPMC/axi_bram_ctrl_0'
INFO: [Project 1-454] Reading design checkpoint '/home/agreshil/vivado_projects/i2c-master/x2o-vivado-usplus-control-i2c-master-pl/control/apex_kria/apex_kria.gen/sources_1/bd/design_1/ip/design_1_axi_bram_ctrl_1_0/design_1_axi_bram_ctrl_1_0.dcp' for cell 'bdw/design_1_i/IPMC/axi_bram_ctrl_1'
INFO: [Project 1-454] Reading design checkpoint '/home/agreshil/vivado_projects/i2c-master/x2o-vivado-usplus-control-i2c-master-pl/control/apex_kria/apex_kria.gen/sources_1/bd/design_1/ip/design_1_axi_gpio_0_1/design_1_axi_gpio_0_1.dcp' for cell 'bdw/design_1_i/IPMC/axi_gpio_0'
INFO: [Project 1-454] Reading design checkpoint '/home/agreshil/vivado_projects/i2c-master/x2o-vivado-usplus-control-i2c-master-pl/control/apex_kria/apex_kria.gen/sources_1/bd/design_1/ip/design_1_axi_gpio_1_0/design_1_axi_gpio_1_0.dcp' for cell 'bdw/design_1_i/IPMC/axi_gpio_1'
INFO: [Project 1-454] Reading design checkpoint '/home/agreshil/vivado_projects/i2c-master/x2o-vivado-usplus-control-i2c-master-pl/control/apex_kria/apex_kria.gen/sources_1/bd/design_1/ip/design_1_i2cSlave_0_0/design_1_i2cSlave_0_0.dcp' for cell 'bdw/design_1_i/IPMC/i2cSlave_0'
INFO: [Project 1-454] Reading design checkpoint '/home/agreshil/vivado_projects/i2c-master/x2o-vivado-usplus-control-i2c-master-pl/control/apex_kria/apex_kria.gen/sources_1/bd/design_1/ip/design_1_i2cSlave_1_0/design_1_i2cSlave_1_0.dcp' for cell 'bdw/design_1_i/IPMC/i2cSlave_1'
INFO: [Project 1-454] Reading design checkpoint '/home/agreshil/vivado_projects/i2c-master/x2o-vivado-usplus-control-i2c-master-pl/control/apex_kria/apex_kria.gen/sources_1/bd/design_1/ip/design_1_i2c_master_0_4/design_1_i2c_master_0_4.dcp' for cell 'bdw/design_1_i/IPMC/i2c_master_0'
INFO: [Project 1-454] Reading design checkpoint '/home/agreshil/vivado_projects/i2c-master/x2o-vivado-usplus-control-i2c-master-pl/control/apex_kria/apex_kria.gen/sources_1/bd/design_1/ip/design_1_i2c_switch_dual_0_0/design_1_i2c_switch_dual_0_0.dcp' for cell 'bdw/design_1_i/IPMC/i2c_switch_dual_0'
INFO: [Project 1-454] Reading design checkpoint '/home/agreshil/vivado_projects/i2c-master/x2o-vivado-usplus-control-i2c-master-pl/control/apex_kria/apex_kria.gen/sources_1/bd/design_1/ip/design_1_ipmb_watchdog_0_0/design_1_ipmb_watchdog_0_0.dcp' for cell 'bdw/design_1_i/IPMC/ipmb_watchdog_0'
INFO: [Project 1-454] Reading design checkpoint '/home/agreshil/vivado_projects/i2c-master/x2o-vivado-usplus-control-i2c-master-pl/control/apex_kria/apex_kria.gen/sources_1/bd/design_1/ip/design_1_system_ila_2_0/design_1_system_ila_2_0.dcp' for cell 'bdw/design_1_i/IPMC/system_ila_2'
INFO: [Project 1-454] Reading design checkpoint '/home/agreshil/vivado_projects/i2c-master/x2o-vivado-usplus-control-i2c-master-pl/control/apex_kria/apex_kria.gen/sources_1/bd/design_1/ip/design_1_axi_jtag_0_0/design_1_axi_jtag_0_0.dcp' for cell 'bdw/design_1_i/JTAG/axi_jtag_0'
INFO: [Project 1-454] Reading design checkpoint '/home/agreshil/vivado_projects/i2c-master/x2o-vivado-usplus-control-i2c-master-pl/control/apex_kria/apex_kria.gen/sources_1/bd/design_1/ip/design_1_axi_jtag_1_0/design_1_axi_jtag_1_0.dcp' for cell 'bdw/design_1_i/JTAG/axi_jtag_1'
INFO: [Project 1-454] Reading design checkpoint '/home/agreshil/vivado_projects/i2c-master/x2o-vivado-usplus-control-i2c-master-pl/control/apex_kria/apex_kria.gen/sources_1/bd/design_1/ip/design_1_xbar_3/design_1_xbar_3.dcp' for cell 'bdw/design_1_i/axi_interconnect_0/xbar'
INFO: [Project 1-454] Reading design checkpoint '/home/agreshil/vivado_projects/i2c-master/x2o-vivado-usplus-control-i2c-master-pl/control/apex_kria/apex_kria.gen/sources_1/bd/design_1/ip/design_1_auto_us_1/design_1_auto_us_1.dcp' for cell 'bdw/design_1_i/axi_interconnect_0/s00_couplers/auto_us'
INFO: [Project 1-454] Reading design checkpoint '/home/agreshil/vivado_projects/i2c-master/x2o-vivado-usplus-control-i2c-master-pl/control/apex_kria/apex_kria.gen/sources_1/bd/design_1/ip/design_1_auto_us_2/design_1_auto_us_2.dcp' for cell 'bdw/design_1_i/axi_interconnect_0/s01_couplers/auto_us'
INFO: [Project 1-454] Reading design checkpoint '/home/agreshil/vivado_projects/i2c-master/x2o-vivado-usplus-control-i2c-master-pl/control/apex_kria/apex_kria.gen/sources_1/bd/design_1/ip/design_1_auto_us_3/design_1_auto_us_3.dcp' for cell 'bdw/design_1_i/axi_interconnect_0/s02_couplers/auto_us'
INFO: [Project 1-454] Reading design checkpoint '/home/agreshil/vivado_projects/i2c-master/x2o-vivado-usplus-control-i2c-master-pl/control/apex_kria/apex_kria.gen/sources_1/bd/design_1/ip/design_1_axisafety_2_1/design_1_axisafety_2_1.dcp' for cell 'bdw/design_1_i/bram_loopback/axisafety_2'
INFO: [Project 1-454] Reading design checkpoint '/home/agreshil/vivado_projects/i2c-master/x2o-vivado-usplus-control-i2c-master-pl/control/apex_kria/apex_kria.gen/sources_1/bd/design_1/ip/design_1_axi_bram_ctrl_0_1/design_1_axi_bram_ctrl_0_1.dcp' for cell 'bdw/design_1_i/cpu/axi_bram_ctrl_0'
INFO: [Project 1-454] Reading design checkpoint '/home/agreshil/vivado_projects/i2c-master/x2o-vivado-usplus-control-i2c-master-pl/control/apex_kria/apex_kria.gen/sources_1/bd/design_1/ip/design_1_blk_mem_gen_0_0/design_1_blk_mem_gen_0_0.dcp' for cell 'bdw/design_1_i/cpu/blk_mem_gen_0'
INFO: [Project 1-454] Reading design checkpoint '/home/agreshil/vivado_projects/i2c-master/x2o-vivado-usplus-control-i2c-master-pl/control/apex_kria/apex_kria.gen/sources_1/bd/design_1/ip/design_1_proc_sys_reset_0_0/design_1_proc_sys_reset_0_0.dcp' for cell 'bdw/design_1_i/cpu/proc_sys_reset_0'
INFO: [Project 1-454] Reading design checkpoint '/home/agreshil/vivado_projects/i2c-master/x2o-vivado-usplus-control-i2c-master-pl/control/apex_kria/apex_kria.gen/sources_1/bd/design_1/ip/design_1_proc_sys_reset_1_0/design_1_proc_sys_reset_1_0.dcp' for cell 'bdw/design_1_i/cpu/proc_sys_reset_1'
INFO: [Project 1-454] Reading design checkpoint '/home/agreshil/vivado_projects/i2c-master/x2o-vivado-usplus-control-i2c-master-pl/control/apex_kria/apex_kria.gen/sources_1/bd/design_1/ip/design_1_proc_sys_reset_0_2/design_1_proc_sys_reset_0_2.dcp' for cell 'bdw/design_1_i/cpu/proc_sys_reset_2'
INFO: [Project 1-454] Reading design checkpoint '/home/agreshil/vivado_projects/i2c-master/x2o-vivado-usplus-control-i2c-master-pl/control/apex_kria/apex_kria.gen/sources_1/bd/design_1/ip/design_1_proc_sys_reset_2_0/design_1_proc_sys_reset_2_0.dcp' for cell 'bdw/design_1_i/cpu/proc_sys_reset_3'
INFO: [Project 1-454] Reading design checkpoint '/home/agreshil/vivado_projects/i2c-master/x2o-vivado-usplus-control-i2c-master-pl/control/apex_kria/apex_kria.gen/sources_1/bd/design_1/ip/design_1_system_management_wiz_0_0/design_1_system_management_wiz_0_0.dcp' for cell 'bdw/design_1_i/cpu/system_management_wiz_0'
INFO: [Project 1-454] Reading design checkpoint '/home/agreshil/vivado_projects/i2c-master/x2o-vivado-usplus-control-i2c-master-pl/control/apex_kria/apex_kria.gen/sources_1/bd/design_1/ip/design_1_zynq_ultra_ps_e_0_0/design_1_zynq_ultra_ps_e_0_0.dcp' for cell 'bdw/design_1_i/cpu/zynq_ultra_ps_e_0'
INFO: [Project 1-454] Reading design checkpoint '/home/agreshil/vivado_projects/i2c-master/x2o-vivado-usplus-control-i2c-master-pl/control/apex_kria/apex_kria.gen/sources_1/bd/design_1/ip/design_1_s00_data_fifo_560/design_1_s00_data_fifo_560.dcp' for cell 'bdw/design_1_i/cpu/axi_interconnect_1/s00_couplers/s00_data_fifo'
INFO: [Project 1-454] Reading design checkpoint '/home/agreshil/vivado_projects/i2c-master/x2o-vivado-usplus-control-i2c-master-pl/control/apex_kria/apex_kria.gen/sources_1/bd/design_1/ip/design_1_s00_regslice_560/design_1_s00_regslice_560.dcp' for cell 'bdw/design_1_i/cpu/axi_interconnect_1/s00_couplers/s00_regslice'
INFO: [Project 1-454] Reading design checkpoint '/home/agreshil/vivado_projects/i2c-master/x2o-vivado-usplus-control-i2c-master-pl/control/apex_kria/apex_kria.gen/sources_1/bd/design_1/ip/design_1_auto_us_0/design_1_auto_us_0.dcp' for cell 'bdw/design_1_i/cpu/axi_interconnect_2/s00_couplers/auto_us'
INFO: [Project 1-454] Reading design checkpoint '/home/agreshil/vivado_projects/i2c-master/x2o-vivado-usplus-control-i2c-master-pl/control/apex_kria/apex_kria.gen/sources_1/bd/design_1/ip/design_1_s00_data_fifo_561/design_1_s00_data_fifo_561.dcp' for cell 'bdw/design_1_i/cpu/axi_interconnect_2/s00_couplers/s00_data_fifo'
INFO: [Project 1-454] Reading design checkpoint '/home/agreshil/vivado_projects/i2c-master/x2o-vivado-usplus-control-i2c-master-pl/control/apex_kria/apex_kria.gen/sources_1/bd/design_1/ip/design_1_s00_regslice_561/design_1_s00_regslice_561.dcp' for cell 'bdw/design_1_i/cpu/axi_interconnect_2/s00_couplers/s00_regslice'
INFO: [Project 1-454] Reading design checkpoint '/home/agreshil/vivado_projects/i2c-master/x2o-vivado-usplus-control-i2c-master-pl/control/apex_kria/apex_kria.gen/sources_1/bd/design_1/ip/design_1_s00_data_fifo_562/design_1_s00_data_fifo_562.dcp' for cell 'bdw/design_1_i/cpu/axi_interconnect_3/s00_couplers/s00_data_fifo'
INFO: [Project 1-454] Reading design checkpoint '/home/agreshil/vivado_projects/i2c-master/x2o-vivado-usplus-control-i2c-master-pl/control/apex_kria/apex_kria.gen/sources_1/bd/design_1/ip/design_1_s00_regslice_562/design_1_s00_regslice_562.dcp' for cell 'bdw/design_1_i/cpu/axi_interconnect_3/s00_couplers/s00_regslice'
INFO: [Project 1-454] Reading design checkpoint '/home/agreshil/vivado_projects/i2c-master/x2o-vivado-usplus-control-i2c-master-pl/control/apex_kria/apex_kria.gen/sources_1/bd/design_1/ip/design_1_xbar_4/design_1_xbar_4.dcp' for cell 'bdw/design_1_i/cpu/axi_interconnect_4/xbar'
INFO: [Project 1-454] Reading design checkpoint '/home/agreshil/vivado_projects/i2c-master/x2o-vivado-usplus-control-i2c-master-pl/control/apex_kria/apex_kria.gen/sources_1/bd/design_1/ip/design_1_auto_cc_0/design_1_auto_cc_0.dcp' for cell 'bdw/design_1_i/cpu/axi_interconnect_4/m00_couplers/auto_cc'
INFO: [Project 1-454] Reading design checkpoint '/home/agreshil/vivado_projects/i2c-master/x2o-vivado-usplus-control-i2c-master-pl/control/apex_kria/apex_kria.gen/sources_1/bd/design_1/ip/design_1_auto_cc_1/design_1_auto_cc_1.dcp' for cell 'bdw/design_1_i/cpu/axi_interconnect_4/m02_couplers/auto_cc'
INFO: [Project 1-454] Reading design checkpoint '/home/agreshil/vivado_projects/i2c-master/x2o-vivado-usplus-control-i2c-master-pl/control/apex_kria/apex_kria.gen/sources_1/bd/design_1/ip/design_1_auto_cc_2/design_1_auto_cc_2.dcp' for cell 'bdw/design_1_i/cpu/axi_interconnect_4/m03_couplers/auto_cc'
INFO: [Project 1-454] Reading design checkpoint '/home/agreshil/vivado_projects/i2c-master/x2o-vivado-usplus-control-i2c-master-pl/control/apex_kria/apex_kria.gen/sources_1/bd/design_1/ip/design_1_auto_cc_3/design_1_auto_cc_3.dcp' for cell 'bdw/design_1_i/cpu/axi_interconnect_4/m04_couplers/auto_cc'
INFO: [Project 1-454] Reading design checkpoint '/home/agreshil/vivado_projects/i2c-master/x2o-vivado-usplus-control-i2c-master-pl/control/apex_kria/apex_kria.gen/sources_1/bd/design_1/ip/design_1_auto_cc_4/design_1_auto_cc_4.dcp' for cell 'bdw/design_1_i/cpu/axi_interconnect_4/m05_couplers/auto_cc'
INFO: [Project 1-454] Reading design checkpoint '/home/agreshil/vivado_projects/i2c-master/x2o-vivado-usplus-control-i2c-master-pl/control/apex_kria/apex_kria.gen/sources_1/bd/design_1/ip/design_1_auto_ds_0/design_1_auto_ds_0.dcp' for cell 'bdw/design_1_i/cpu/axi_interconnect_4/s00_couplers/auto_ds'
INFO: [Project 1-454] Reading design checkpoint '/home/agreshil/vivado_projects/i2c-master/x2o-vivado-usplus-control-i2c-master-pl/control/apex_kria/apex_kria.gen/sources_1/bd/design_1/ip/design_1_auto_pc_0/design_1_auto_pc_0.dcp' for cell 'bdw/design_1_i/cpu/axi_interconnect_4/s00_couplers/auto_pc'
INFO: [Project 1-454] Reading design checkpoint '/home/agreshil/vivado_projects/i2c-master/x2o-vivado-usplus-control-i2c-master-pl/control/apex_kria/apex_kria.gen/sources_1/bd/design_1/ip/design_1_auto_ds_1/design_1_auto_ds_1.dcp' for cell 'bdw/design_1_i/cpu/axi_interconnect_5/s00_couplers/auto_ds'
INFO: [Project 1-454] Reading design checkpoint '/home/agreshil/vivado_projects/i2c-master/x2o-vivado-usplus-control-i2c-master-pl/control/apex_kria/apex_kria.gen/sources_1/bd/design_1/ip/design_1_xbar_5/design_1_xbar_5.dcp' for cell 'bdw/design_1_i/cpu/ps7_0_axi_periph/xbar'
INFO: [Project 1-454] Reading design checkpoint '/home/agreshil/vivado_projects/i2c-master/x2o-vivado-usplus-control-i2c-master-pl/control/apex_kria/apex_kria.gen/sources_1/bd/design_1/ip/design_1_auto_pc_1/design_1_auto_pc_1.dcp' for cell 'bdw/design_1_i/cpu/ps7_0_axi_periph/m00_couplers/auto_pc'
INFO: [Project 1-454] Reading design checkpoint '/home/agreshil/vivado_projects/i2c-master/x2o-vivado-usplus-control-i2c-master-pl/control/apex_kria/apex_kria.gen/sources_1/bd/design_1/ip/design_1_m00_regslice_0/design_1_m00_regslice_0.dcp' for cell 'bdw/design_1_i/cpu/ps7_0_axi_periph/m00_couplers/m00_regslice'
INFO: [Project 1-454] Reading design checkpoint '/home/agreshil/vivado_projects/i2c-master/x2o-vivado-usplus-control-i2c-master-pl/control/apex_kria/apex_kria.gen/sources_1/bd/design_1/ip/design_1_m01_regslice_0/design_1_m01_regslice_0.dcp' for cell 'bdw/design_1_i/cpu/ps7_0_axi_periph/m01_couplers/m01_regslice'
INFO: [Project 1-454] Reading design checkpoint '/home/agreshil/vivado_projects/i2c-master/x2o-vivado-usplus-control-i2c-master-pl/control/apex_kria/apex_kria.gen/sources_1/bd/design_1/ip/design_1_auto_pc_2/design_1_auto_pc_2.dcp' for cell 'bdw/design_1_i/cpu/ps7_0_axi_periph/m02_couplers/auto_pc'
INFO: [Project 1-454] Reading design checkpoint '/home/agreshil/vivado_projects/i2c-master/x2o-vivado-usplus-control-i2c-master-pl/control/apex_kria/apex_kria.gen/sources_1/bd/design_1/ip/design_1_m02_regslice_0/design_1_m02_regslice_0.dcp' for cell 'bdw/design_1_i/cpu/ps7_0_axi_periph/m02_couplers/m02_regslice'
INFO: [Project 1-454] Reading design checkpoint '/home/agreshil/vivado_projects/i2c-master/x2o-vivado-usplus-control-i2c-master-pl/control/apex_kria/apex_kria.gen/sources_1/bd/design_1/ip/design_1_auto_cc_5/design_1_auto_cc_5.dcp' for cell 'bdw/design_1_i/cpu/ps7_0_axi_periph/m03_couplers/auto_cc'
INFO: [Project 1-454] Reading design checkpoint '/home/agreshil/vivado_projects/i2c-master/x2o-vivado-usplus-control-i2c-master-pl/control/apex_kria/apex_kria.gen/sources_1/bd/design_1/ip/design_1_auto_pc_3/design_1_auto_pc_3.dcp' for cell 'bdw/design_1_i/cpu/ps7_0_axi_periph/m03_couplers/auto_pc'
INFO: [Project 1-454] Reading design checkpoint '/home/agreshil/vivado_projects/i2c-master/x2o-vivado-usplus-control-i2c-master-pl/control/apex_kria/apex_kria.gen/sources_1/bd/design_1/ip/design_1_m03_regslice_0/design_1_m03_regslice_0.dcp' for cell 'bdw/design_1_i/cpu/ps7_0_axi_periph/m03_couplers/m03_regslice'
INFO: [Project 1-454] Reading design checkpoint '/home/agreshil/vivado_projects/i2c-master/x2o-vivado-usplus-control-i2c-master-pl/control/apex_kria/apex_kria.gen/sources_1/bd/design_1/ip/design_1_auto_cc_6/design_1_auto_cc_6.dcp' for cell 'bdw/design_1_i/cpu/ps7_0_axi_periph/m04_couplers/auto_cc'
INFO: [Project 1-454] Reading design checkpoint '/home/agreshil/vivado_projects/i2c-master/x2o-vivado-usplus-control-i2c-master-pl/control/apex_kria/apex_kria.gen/sources_1/bd/design_1/ip/design_1_auto_pc_4/design_1_auto_pc_4.dcp' for cell 'bdw/design_1_i/cpu/ps7_0_axi_periph/m04_couplers/auto_pc'
INFO: [Project 1-454] Reading design checkpoint '/home/agreshil/vivado_projects/i2c-master/x2o-vivado-usplus-control-i2c-master-pl/control/apex_kria/apex_kria.gen/sources_1/bd/design_1/ip/design_1_auto_cc_7/design_1_auto_cc_7.dcp' for cell 'bdw/design_1_i/cpu/ps7_0_axi_periph/m06_couplers/auto_cc'
INFO: [Project 1-454] Reading design checkpoint '/home/agreshil/vivado_projects/i2c-master/x2o-vivado-usplus-control-i2c-master-pl/control/apex_kria/apex_kria.gen/sources_1/bd/design_1/ip/design_1_auto_pc_5/design_1_auto_pc_5.dcp' for cell 'bdw/design_1_i/cpu/ps7_0_axi_periph/m06_couplers/auto_pc'
INFO: [Project 1-454] Reading design checkpoint '/home/agreshil/vivado_projects/i2c-master/x2o-vivado-usplus-control-i2c-master-pl/control/apex_kria/apex_kria.gen/sources_1/bd/design_1/ip/design_1_auto_pc_6/design_1_auto_pc_6.dcp' for cell 'bdw/design_1_i/cpu/ps7_0_axi_periph/m08_couplers/auto_pc'
INFO: [Project 1-454] Reading design checkpoint '/home/agreshil/vivado_projects/i2c-master/x2o-vivado-usplus-control-i2c-master-pl/control/apex_kria/apex_kria.gen/sources_1/bd/design_1/ip/design_1_auto_pc_7/design_1_auto_pc_7.dcp' for cell 'bdw/design_1_i/cpu/ps7_0_axi_periph/m10_couplers/auto_pc'
INFO: [Project 1-454] Reading design checkpoint '/home/agreshil/vivado_projects/i2c-master/x2o-vivado-usplus-control-i2c-master-pl/control/apex_kria/apex_kria.gen/sources_1/bd/design_1/ip/design_1_auto_pc_8/design_1_auto_pc_8.dcp' for cell 'bdw/design_1_i/cpu/ps7_0_axi_periph/m11_couplers/auto_pc'
INFO: [Project 1-454] Reading design checkpoint '/home/agreshil/vivado_projects/i2c-master/x2o-vivado-usplus-control-i2c-master-pl/control/apex_kria/apex_kria.gen/sources_1/bd/design_1/ip/design_1_auto_pc_9/design_1_auto_pc_9.dcp' for cell 'bdw/design_1_i/cpu/ps7_0_axi_periph/m12_couplers/auto_pc'
INFO: [Project 1-454] Reading design checkpoint '/home/agreshil/vivado_projects/i2c-master/x2o-vivado-usplus-control-i2c-master-pl/control/apex_kria/apex_kria.gen/sources_1/bd/design_1/ip/design_1_auto_pc_10/design_1_auto_pc_10.dcp' for cell 'bdw/design_1_i/cpu/ps7_0_axi_periph/m13_couplers/auto_pc'
INFO: [Project 1-454] Reading design checkpoint '/home/agreshil/vivado_projects/i2c-master/x2o-vivado-usplus-control-i2c-master-pl/control/apex_kria/apex_kria.gen/sources_1/bd/design_1/ip/design_1_auto_pc_11/design_1_auto_pc_11.dcp' for cell 'bdw/design_1_i/cpu/ps7_0_axi_periph/m15_couplers/auto_pc'
INFO: [Project 1-454] Reading design checkpoint '/home/agreshil/vivado_projects/i2c-master/x2o-vivado-usplus-control-i2c-master-pl/control/apex_kria/apex_kria.gen/sources_1/bd/design_1/ip/design_1_auto_ds_2/design_1_auto_ds_2.dcp' for cell 'bdw/design_1_i/cpu/ps7_0_axi_periph/s00_couplers/auto_ds'
INFO: [Project 1-454] Reading design checkpoint '/home/agreshil/vivado_projects/i2c-master/x2o-vivado-usplus-control-i2c-master-pl/control/apex_kria/apex_kria.gen/sources_1/bd/design_1/ip/design_1_s00_data_fifo_563/design_1_s00_data_fifo_563.dcp' for cell 'bdw/design_1_i/cpu/ps7_0_axi_periph/s00_couplers/s00_data_fifo'
INFO: [Project 1-454] Reading design checkpoint '/home/agreshil/vivado_projects/i2c-master/x2o-vivado-usplus-control-i2c-master-pl/control/apex_kria/apex_kria.gen/sources_1/bd/design_1/ip/design_1_s00_regslice_563/design_1_s00_regslice_563.dcp' for cell 'bdw/design_1_i/cpu/ps7_0_axi_periph/s00_couplers/s00_regslice'
INFO: [Project 1-454] Reading design checkpoint '/home/agreshil/vivado_projects/i2c-master/x2o-vivado-usplus-control-i2c-master-pl/control/apex_kria/apex_kria.gen/sources_1/bd/design_1/ip/design_1_s01_data_fifo_0/design_1_s01_data_fifo_0.dcp' for cell 'bdw/design_1_i/cpu/ps7_0_axi_periph/s01_couplers/s01_data_fifo'
INFO: [Project 1-454] Reading design checkpoint '/home/agreshil/vivado_projects/i2c-master/x2o-vivado-usplus-control-i2c-master-pl/control/apex_kria/apex_kria.gen/sources_1/bd/design_1/ip/design_1_s01_regslice_0/design_1_s01_regslice_0.dcp' for cell 'bdw/design_1_i/cpu/ps7_0_axi_periph/s01_couplers/s01_regslice'
INFO: [Project 1-454] Reading design checkpoint '/home/agreshil/vivado_projects/i2c-master/x2o-vivado-usplus-control-i2c-master-pl/control/apex_kria/apex_kria.gen/sources_1/bd/design_1/ip/design_1_debug_bridge_0_0/design_1_debug_bridge_0_0.dcp' for cell 'bdw/design_1_i/dbg/debug_bridge_0'
INFO: [Project 1-454] Reading design checkpoint '/home/agreshil/vivado_projects/i2c-master/x2o-vivado-usplus-control-i2c-master-pl/control/apex_kria/apex_kria.gen/sources_1/bd/design_1/ip/design_1_debug_bridge_1_0/design_1_debug_bridge_1_0.dcp' for cell 'bdw/design_1_i/dbg/debug_bridge_1'
INFO: [Project 1-454] Reading design checkpoint '/home/agreshil/vivado_projects/i2c-master/x2o-vivado-usplus-control-i2c-master-pl/control/apex_kria/apex_kria.gen/sources_1/bd/design_1/ip/design_1_axi_mcdma_0_0/design_1_axi_mcdma_0_0.dcp' for cell 'bdw/design_1_i/hier_0/axi_mcdma_0'
INFO: [Project 1-454] Reading design checkpoint '/home/agreshil/vivado_projects/i2c-master/x2o-vivado-usplus-control-i2c-master-pl/control/apex_kria/apex_kria.gen/sources_1/bd/design_1/ip/design_1_axis_data_fifo_1_0/design_1_axis_data_fifo_1_0.dcp' for cell 'bdw/design_1_i/hier_0/axis_data_fifo_1'
INFO: [Project 1-454] Reading design checkpoint '/home/agreshil/vivado_projects/i2c-master/x2o-vivado-usplus-control-i2c-master-pl/control/apex_kria/apex_kria.gen/sources_1/bd/design_1/ip/design_1_axis_data_fifo_2_0/design_1_axis_data_fifo_2_0.dcp' for cell 'bdw/design_1_i/hier_0/axis_data_fifo_2'
INFO: [Project 1-454] Reading design checkpoint '/home/agreshil/vivado_projects/i2c-master/x2o-vivado-usplus-control-i2c-master-pl/control/apex_kria/apex_kria.gen/sources_1/bd/design_1/ip/design_1_axis_data_fifo_3_0/design_1_axis_data_fifo_3_0.dcp' for cell 'bdw/design_1_i/hier_0/axis_data_fifo_3'
INFO: [Project 1-454] Reading design checkpoint '/home/agreshil/vivado_projects/i2c-master/x2o-vivado-usplus-control-i2c-master-pl/control/apex_kria/apex_kria.gen/sources_1/bd/design_1/ip/design_1_axis_data_fifo_4_0/design_1_axis_data_fifo_4_0.dcp' for cell 'bdw/design_1_i/hier_0/axis_data_fifo_4'
INFO: [Project 1-454] Reading design checkpoint '/home/agreshil/vivado_projects/i2c-master/x2o-vivado-usplus-control-i2c-master-pl/control/apex_kria/apex_kria.gen/sources_1/bd/design_1/ip/design_1_axis_data_fifo_5_0/design_1_axis_data_fifo_5_0.dcp' for cell 'bdw/design_1_i/hier_0/axis_data_fifo_5'
INFO: [Project 1-454] Reading design checkpoint '/home/agreshil/vivado_projects/i2c-master/x2o-vivado-usplus-control-i2c-master-pl/control/apex_kria/apex_kria.gen/sources_1/bd/design_1/ip/design_1_cntrl_strm_rd_0_0/design_1_cntrl_strm_rd_0_0.dcp' for cell 'bdw/design_1_i/hier_0/cntrl_strm_rd_0'
INFO: [Project 1-454] Reading design checkpoint '/home/agreshil/vivado_projects/i2c-master/x2o-vivado-usplus-control-i2c-master-pl/control/apex_kria/apex_kria.gen/sources_1/bd/design_1/ip/design_1_csum_rx_rss_0_0/design_1_csum_rx_rss_0_0.dcp' for cell 'bdw/design_1_i/hier_0/csum_rx_rss_0'
INFO: [Project 1-454] Reading design checkpoint '/home/agreshil/vivado_projects/i2c-master/x2o-vivado-usplus-control-i2c-master-pl/control/apex_kria/apex_kria.gen/sources_1/bd/design_1/ip/design_1_pkt_overflow_logic_0_0/design_1_pkt_overflow_logic_0_0.dcp' for cell 'bdw/design_1_i/hier_0/pkt_overflow_logic_0'
INFO: [Project 1-454] Reading design checkpoint '/home/agreshil/vivado_projects/i2c-master/x2o-vivado-usplus-control-i2c-master-pl/control/apex_kria/apex_kria.gen/sources_1/bd/design_1/ip/design_1_proc_sys_reset_0_1/design_1_proc_sys_reset_0_1.dcp' for cell 'bdw/design_1_i/hier_0/proc_sys_reset_0'
INFO: [Project 1-454] Reading design checkpoint '/home/agreshil/vivado_projects/i2c-master/x2o-vivado-usplus-control-i2c-master-pl/control/apex_kria/apex_kria.gen/sources_1/bd/design_1/ip/design_1_tdest_align_0_0/design_1_tdest_align_0_0.dcp' for cell 'bdw/design_1_i/hier_0/tdest_align_0'
INFO: [Project 1-454] Reading design checkpoint '/home/agreshil/vivado_projects/i2c-master/x2o-vivado-usplus-control-i2c-master-pl/control/apex_kria/apex_kria.gen/sources_1/bd/design_1/ip/design_1_tdest_mapper_0_0/design_1_tdest_mapper_0_0.dcp' for cell 'bdw/design_1_i/hier_0/tdest_mapper_0'
INFO: [Project 1-454] Reading design checkpoint '/home/agreshil/vivado_projects/i2c-master/x2o-vivado-usplus-control-i2c-master-pl/control/apex_kria/apex_kria.gen/sources_1/bd/design_1/ip/design_1_tx_csum_0_1/design_1_tx_csum_0_1.dcp' for cell 'bdw/design_1_i/hier_0/tx_csum_0'
INFO: [Project 1-454] Reading design checkpoint '/home/agreshil/vivado_projects/i2c-master/x2o-vivado-usplus-control-i2c-master-pl/control/apex_kria/apex_kria.gen/sources_1/bd/design_1/ip/design_1_util_reduced_logic_0_0/design_1_util_reduced_logic_0_0.dcp' for cell 'bdw/design_1_i/hier_0/util_reduced_logic_0'
INFO: [Project 1-454] Reading design checkpoint '/home/agreshil/vivado_projects/i2c-master/x2o-vivado-usplus-control-i2c-master-pl/control/apex_kria/apex_kria.gen/sources_1/bd/design_1/ip/design_1_util_reduced_logic_0_1/design_1_util_reduced_logic_0_1.dcp' for cell 'bdw/design_1_i/hier_0/util_reduced_logic_1'
INFO: [Project 1-454] Reading design checkpoint '/home/agreshil/vivado_projects/i2c-master/x2o-vivado-usplus-control-i2c-master-pl/control/apex_kria/apex_kria.gen/sources_1/bd/design_1/ip/design_1_util_reduced_logic_0_2/design_1_util_reduced_logic_0_2.dcp' for cell 'bdw/design_1_i/hier_0/util_reduced_logic_2'
INFO: [Project 1-454] Reading design checkpoint '/home/agreshil/vivado_projects/i2c-master/x2o-vivado-usplus-control-i2c-master-pl/control/apex_kria/apex_kria.gen/sources_1/bd/design_1/ip/design_1_util_reduced_logic_2_0/design_1_util_reduced_logic_2_0.dcp' for cell 'bdw/design_1_i/hier_0/util_reduced_logic_3'
INFO: [Project 1-454] Reading design checkpoint '/home/agreshil/vivado_projects/i2c-master/x2o-vivado-usplus-control-i2c-master-pl/control/apex_kria/apex_kria.gen/sources_1/bd/design_1/ip/design_1_util_reduced_logic_3_0/design_1_util_reduced_logic_3_0.dcp' for cell 'bdw/design_1_i/hier_0/util_reduced_logic_4'
INFO: [Common 17-14] Message 'Project 1-454' appears 100 times and further instances of the messages will be disabled. Use the Tcl command set_msg_config to change the current settings.
Netlist sorting complete. Time (s): cpu = 00:00:01 ; elapsed = 00:00:01 . Memory (MB): peak = 3396.977 ; gain = 0.000 ; free physical = 4167 ; free virtual = 12786
INFO: [Netlist 29-17] Analyzing 3740 Unisim elements for replacement
INFO: [Netlist 29-28] Unisim Transformation completed in 0 CPU seconds
INFO: [Project 1-479] Netlist was created with Vivado 2022.2.2
INFO: [Project 1-570] Preparing netlist for logic optimization
WARNING: [Constraints 18-550] Could not create 'SLEW' constraint because net 'bdw/design_1_i/IPMC/i2c_switch_dual_0/rx0_scl_i' is not directly connected to top level port. Synthesis is ignored for SLEW but preserved for implementation.
WARNING: [Constraints 18-550] Could not create 'DRIVE' constraint because net 'bdw/design_1_i/IPMC/i2c_switch_dual_0/rx0_scl_i' is not directly connected to top level port. Synthesis is ignored for DRIVE but preserved for implementation.
WARNING: [Constraints 18-550] Could not create 'IBUF_LOW_PWR' constraint because net 'bdw/design_1_i/IPMC/i2c_switch_dual_0/rx0_scl_i' is not directly connected to top level port. Synthesis is ignored for IBUF_LOW_PWR but preserved for implementation.
WARNING: [Constraints 18-550] Could not create 'SLEW' constraint because net 'bdw/design_1_i/IPMC/i2c_switch_dual_0/rx0_sda_i' is not directly connected to top level port. Synthesis is ignored for SLEW but preserved for implementation.
WARNING: [Constraints 18-550] Could not create 'DRIVE' constraint because net 'bdw/design_1_i/IPMC/i2c_switch_dual_0/rx0_sda_i' is not directly connected to top level port. Synthesis is ignored for DRIVE but preserved for implementation.
WARNING: [Constraints 18-550] Could not create 'IBUF_LOW_PWR' constraint because net 'bdw/design_1_i/IPMC/i2c_switch_dual_0/rx0_sda_i' is not directly connected to top level port. Synthesis is ignored for IBUF_LOW_PWR but preserved for implementation.
WARNING: [Constraints 18-550] Could not create 'SLEW' constraint because net 'bdw/design_1_i/IPMC/i2c_switch_dual_0/rx1_scl_i' is not directly connected to top level port. Synthesis is ignored for SLEW but preserved for implementation.
WARNING: [Constraints 18-550] Could not create 'DRIVE' constraint because net 'bdw/design_1_i/IPMC/i2c_switch_dual_0/rx1_scl_i' is not directly connected to top level port. Synthesis is ignored for DRIVE but preserved for implementation.
WARNING: [Constraints 18-550] Could not create 'IBUF_LOW_PWR' constraint because net 'bdw/design_1_i/IPMC/i2c_switch_dual_0/rx1_scl_i' is not directly connected to top level port. Synthesis is ignored for IBUF_LOW_PWR but preserved for implementation.
WARNING: [Constraints 18-550] Could not create 'SLEW' constraint because net 'bdw/design_1_i/IPMC/i2c_switch_dual_0/rx1_sda_i' is not directly connected to top level port. Synthesis is ignored for SLEW but preserved for implementation.
WARNING: [Constraints 18-550] Could not create 'DRIVE' constraint because net 'bdw/design_1_i/IPMC/i2c_switch_dual_0/rx1_sda_i' is not directly connected to top level port. Synthesis is ignored for DRIVE but preserved for implementation.
WARNING: [Constraints 18-550] Could not create 'IBUF_LOW_PWR' constraint because net 'bdw/design_1_i/IPMC/i2c_switch_dual_0/rx1_sda_i' is not directly connected to top level port. Synthesis is ignored for IBUF_LOW_PWR but preserved for implementation.
WARNING: [Constraints 18-550] Could not create 'SLEW' constraint because net 'bdw/design_1_i/IPMC/i2c_switch_dual_0/scl_i_out[0]' is not directly connected to top level port. Synthesis is ignored for SLEW but preserved for implementation.
WARNING: [Constraints 18-550] Could not create 'DRIVE' constraint because net 'bdw/design_1_i/IPMC/i2c_switch_dual_0/scl_i_out[0]' is not directly connected to top level port. Synthesis is ignored for DRIVE but preserved for implementation.
WARNING: [Constraints 18-550] Could not create 'IBUF_LOW_PWR' constraint because net 'bdw/design_1_i/IPMC/i2c_switch_dual_0/scl_i_out[0]' is not directly connected to top level port. Synthesis is ignored for IBUF_LOW_PWR but preserved for implementation.
WARNING: [Constraints 18-550] Could not create 'SLEW' constraint because net 'bdw/design_1_i/IPMC/i2c_switch_dual_0/scl_i_out[1]' is not directly connected to top level port. Synthesis is ignored for SLEW but preserved for implementation.
WARNING: [Constraints 18-550] Could not create 'DRIVE' constraint because net 'bdw/design_1_i/IPMC/i2c_switch_dual_0/scl_i_out[1]' is not directly connected to top level port. Synthesis is ignored for DRIVE but preserved for implementation.
WARNING: [Constraints 18-550] Could not create 'IBUF_LOW_PWR' constraint because net 'bdw/design_1_i/IPMC/i2c_switch_dual_0/scl_i_out[1]' is not directly connected to top level port. Synthesis is ignored for IBUF_LOW_PWR but preserved for implementation.
WARNING: [Constraints 18-550] Could not create 'SLEW' constraint because net 'bdw/design_1_i/IPMC/i2c_switch_dual_0/scl_t_out[0]' is not directly connected to top level port. Synthesis is ignored for SLEW but preserved for implementation.
WARNING: [Constraints 18-550] Could not create 'DRIVE' constraint because net 'bdw/design_1_i/IPMC/i2c_switch_dual_0/scl_t_out[0]' is not directly connected to top level port. Synthesis is ignored for DRIVE but preserved for implementation.
WARNING: [Constraints 18-550] Could not create 'IBUF_LOW_PWR' constraint because net 'bdw/design_1_i/IPMC/i2c_switch_dual_0/scl_t_out[0]' is not directly connected to top level port. Synthesis is ignored for IBUF_LOW_PWR but preserved for implementation.
WARNING: [Constraints 18-550] Could not create 'SLEW' constraint because net 'bdw/design_1_i/IPMC/i2c_switch_dual_0/scl_t_out[1]' is not directly connected to top level port. Synthesis is ignored for SLEW but preserved for implementation.
WARNING: [Constraints 18-550] Could not create 'DRIVE' constraint because net 'bdw/design_1_i/IPMC/i2c_switch_dual_0/scl_t_out[1]' is not directly connected to top level port. Synthesis is ignored for DRIVE but preserved for implementation.
WARNING: [Constraints 18-550] Could not create 'IBUF_LOW_PWR' constraint because net 'bdw/design_1_i/IPMC/i2c_switch_dual_0/scl_t_out[1]' is not directly connected to top level port. Synthesis is ignored for IBUF_LOW_PWR but preserved for implementation.
WARNING: [Constraints 18-550] Could not create 'SLEW' constraint because net 'bdw/design_1_i/IPMC/i2c_switch_dual_0/sda_i_out[0]' is not directly connected to top level port. Synthesis is ignored for SLEW but preserved for implementation.
WARNING: [Constraints 18-550] Could not create 'DRIVE' constraint because net 'bdw/design_1_i/IPMC/i2c_switch_dual_0/sda_i_out[0]' is not directly connected to top level port. Synthesis is ignored for DRIVE but preserved for implementation.
WARNING: [Constraints 18-550] Could not create 'IBUF_LOW_PWR' constraint because net 'bdw/design_1_i/IPMC/i2c_switch_dual_0/sda_i_out[0]' is not directly connected to top level port. Synthesis is ignored for IBUF_LOW_PWR but preserved for implementation.
WARNING: [Constraints 18-550] Could not create 'SLEW' constraint because net 'bdw/design_1_i/IPMC/i2c_switch_dual_0/sda_i_out[1]' is not directly connected to top level port. Synthesis is ignored for SLEW but preserved for implementation.
WARNING: [Constraints 18-550] Could not create 'DRIVE' constraint because net 'bdw/design_1_i/IPMC/i2c_switch_dual_0/sda_i_out[1]' is not directly connected to top level port. Synthesis is ignored for DRIVE but preserved for implementation.
WARNING: [Constraints 18-550] Could not create 'IBUF_LOW_PWR' constraint because net 'bdw/design_1_i/IPMC/i2c_switch_dual_0/sda_i_out[1]' is not directly connected to top level port. Synthesis is ignored for IBUF_LOW_PWR but preserved for implementation.
WARNING: [Constraints 18-550] Could not create 'SLEW' constraint because net 'bdw/design_1_i/IPMC/i2c_switch_dual_0/sda_t_out[0]' is not directly connected to top level port. Synthesis is ignored for SLEW but preserved for implementation.
WARNING: [Constraints 18-550] Could not create 'DRIVE' constraint because net 'bdw/design_1_i/IPMC/i2c_switch_dual_0/sda_t_out[0]' is not directly connected to top level port. Synthesis is ignored for DRIVE but preserved for implementation.
WARNING: [Constraints 18-550] Could not create 'IBUF_LOW_PWR' constraint because net 'bdw/design_1_i/IPMC/i2c_switch_dual_0/sda_t_out[0]' is not directly connected to top level port. Synthesis is ignored for IBUF_LOW_PWR but preserved for implementation.
WARNING: [Constraints 18-550] Could not create 'SLEW' constraint because net 'bdw/design_1_i/IPMC/i2c_switch_dual_0/sda_t_out[1]' is not directly connected to top level port. Synthesis is ignored for SLEW but preserved for implementation.
WARNING: [Constraints 18-550] Could not create 'DRIVE' constraint because net 'bdw/design_1_i/IPMC/i2c_switch_dual_0/sda_t_out[1]' is not directly connected to top level port. Synthesis is ignored for DRIVE but preserved for implementation.
WARNING: [Constraints 18-550] Could not create 'IBUF_LOW_PWR' constraint because net 'bdw/design_1_i/IPMC/i2c_switch_dual_0/sda_t_out[1]' is not directly connected to top level port. Synthesis is ignored for IBUF_LOW_PWR but preserved for implementation.
INFO: [Chipscope 16-324] Core: bdw/design_1_i/IPMC/system_ila_2/inst/ila_lib UUID: 61559e89-bc2c-59d3-aa24-f5762eded609 
INFO: [Chipscope 16-324] Core: bdw/design_1_i/ila_0 UUID: 70b875bf-edad-50b7-ad84-3eb5b65cd18e 
INFO: [Chipscope 16-324] Core: bdw/design_1_i/system_ila_0/inst/ila_lib UUID: 4f3ecc65-7a1a-5ffe-a978-b981eb020894 
INFO: [Chipscope 16-324] Core: bdw/design_1_i/system_ila_1/inst/ila_lib UUID: 6d6e1afe-f83a-5f0d-bd39-19cef8fbdcd0 
INFO: [Chipscope 16-324] Core: c2c_mgt/c2c_gth_7p8125g_vio_0_inst UUID: c760e9cc-1c2a-50e7-9403-2894323b8169 
Parsing XDC File [/home/agreshil/vivado_projects/i2c-master/x2o-vivado-usplus-control-i2c-master-pl/control/apex_kria/apex_kria.gen/sources_1/bd/design_1/ip/design_1_axi_dma_0_0/design_1_axi_dma_0_0.xdc] for cell 'bdw/design_1_i/axi_dma_0/U0'
WARNING: [Vivado_Tcl 4-919] Waiver ID 'CDC-1' -from list should not be empty. [/home/agreshil/vivado_projects/i2c-master/x2o-vivado-usplus-control-i2c-master-pl/control/apex_kria/apex_kria.gen/sources_1/bd/design_1/ip/design_1_axi_dma_0_0/design_1_axi_dma_0_0.xdc:61]
Finished Parsing XDC File [/home/agreshil/vivado_projects/i2c-master/x2o-vivado-usplus-control-i2c-master-pl/control/apex_kria/apex_kria.gen/sources_1/bd/design_1/ip/design_1_axi_dma_0_0/design_1_axi_dma_0_0.xdc] for cell 'bdw/design_1_i/axi_dma_0/U0'
Parsing XDC File [/home/agreshil/vivado_projects/i2c-master/x2o-vivado-usplus-control-i2c-master-pl/control/apex_kria/apex_kria.gen/sources_1/bd/design_1/ip/design_1_axi_iic_3_1/design_1_axi_iic_3_1_board.xdc] for cell 'bdw/design_1_i/i2c/axi_iic_4/U0'
Finished Parsing XDC File [/home/agreshil/vivado_projects/i2c-master/x2o-vivado-usplus-control-i2c-master-pl/control/apex_kria/apex_kria.gen/sources_1/bd/design_1/ip/design_1_axi_iic_3_1/design_1_axi_iic_3_1_board.xdc] for cell 'bdw/design_1_i/i2c/axi_iic_4/U0'
Parsing XDC File [/home/agreshil/vivado_projects/i2c-master/x2o-vivado-usplus-control-i2c-master-pl/control/apex_kria/apex_kria.gen/sources_1/bd/design_1/ip/design_1_ila_0_0/ila_v6_2/constraints/ila_impl.xdc] for cell 'bdw/design_1_i/ila_0/inst'
Finished Parsing XDC File [/home/agreshil/vivado_projects/i2c-master/x2o-vivado-usplus-control-i2c-master-pl/control/apex_kria/apex_kria.gen/sources_1/bd/design_1/ip/design_1_ila_0_0/ila_v6_2/constraints/ila_impl.xdc] for cell 'bdw/design_1_i/ila_0/inst'
Parsing XDC File [/home/agreshil/vivado_projects/i2c-master/x2o-vivado-usplus-control-i2c-master-pl/control/apex_kria/apex_kria.gen/sources_1/bd/design_1/ip/design_1_ila_0_0/ila_v6_2/constraints/ila.xdc] for cell 'bdw/design_1_i/ila_0/inst'
Finished Parsing XDC File [/home/agreshil/vivado_projects/i2c-master/x2o-vivado-usplus-control-i2c-master-pl/control/apex_kria/apex_kria.gen/sources_1/bd/design_1/ip/design_1_ila_0_0/ila_v6_2/constraints/ila.xdc] for cell 'bdw/design_1_i/ila_0/inst'
Parsing XDC File [/home/agreshil/vivado_projects/i2c-master/x2o-vivado-usplus-control-i2c-master-pl/control/apex_kria/apex_kria.gen/sources_1/bd/design_1/ip/design_1_axi_gpio_0_0/design_1_axi_gpio_0_0_board.xdc] for cell 'bdw/design_1_i/registers/axi_gpio_0/U0'
Finished Parsing XDC File [/home/agreshil/vivado_projects/i2c-master/x2o-vivado-usplus-control-i2c-master-pl/control/apex_kria/apex_kria.gen/sources_1/bd/design_1/ip/design_1_axi_gpio_0_0/design_1_axi_gpio_0_0_board.xdc] for cell 'bdw/design_1_i/registers/axi_gpio_0/U0'
Parsing XDC File [/home/agreshil/vivado_projects/i2c-master/x2o-vivado-usplus-control-i2c-master-pl/control/apex_kria/apex_kria.gen/sources_1/bd/design_1/ip/design_1_axi_gpio_0_0/design_1_axi_gpio_0_0.xdc] for cell 'bdw/design_1_i/registers/axi_gpio_0/U0'
Finished Parsing XDC File [/home/agreshil/vivado_projects/i2c-master/x2o-vivado-usplus-control-i2c-master-pl/control/apex_kria/apex_kria.gen/sources_1/bd/design_1/ip/design_1_axi_gpio_0_0/design_1_axi_gpio_0_0.xdc] for cell 'bdw/design_1_i/registers/axi_gpio_0/U0'
Parsing XDC File [/home/agreshil/vivado_projects/i2c-master/x2o-vivado-usplus-control-i2c-master-pl/control/apex_kria/apex_kria.gen/sources_1/bd/design_1/ip/design_1_axi_gpio_0_2/design_1_axi_gpio_0_2_board.xdc] for cell 'bdw/design_1_i/registers/axi_gpio_1/U0'
Finished Parsing XDC File [/home/agreshil/vivado_projects/i2c-master/x2o-vivado-usplus-control-i2c-master-pl/control/apex_kria/apex_kria.gen/sources_1/bd/design_1/ip/design_1_axi_gpio_0_2/design_1_axi_gpio_0_2_board.xdc] for cell 'bdw/design_1_i/registers/axi_gpio_1/U0'
Parsing XDC File [/home/agreshil/vivado_projects/i2c-master/x2o-vivado-usplus-control-i2c-master-pl/control/apex_kria/apex_kria.gen/sources_1/bd/design_1/ip/design_1_axi_gpio_0_2/design_1_axi_gpio_0_2.xdc] for cell 'bdw/design_1_i/registers/axi_gpio_1/U0'
Finished Parsing XDC File [/home/agreshil/vivado_projects/i2c-master/x2o-vivado-usplus-control-i2c-master-pl/control/apex_kria/apex_kria.gen/sources_1/bd/design_1/ip/design_1_axi_gpio_0_2/design_1_axi_gpio_0_2.xdc] for cell 'bdw/design_1_i/registers/axi_gpio_1/U0'
Parsing XDC File [/home/agreshil/vivado_projects/i2c-master/x2o-vivado-usplus-control-i2c-master-pl/control/apex_kria/apex_kria.gen/sources_1/bd/design_1/ip/design_1_proc_sys_reset_0_1/design_1_proc_sys_reset_0_1_board.xdc] for cell 'bdw/design_1_i/hier_0/proc_sys_reset_0/U0'
Finished Parsing XDC File [/home/agreshil/vivado_projects/i2c-master/x2o-vivado-usplus-control-i2c-master-pl/control/apex_kria/apex_kria.gen/sources_1/bd/design_1/ip/design_1_proc_sys_reset_0_1/design_1_proc_sys_reset_0_1_board.xdc] for cell 'bdw/design_1_i/hier_0/proc_sys_reset_0/U0'
Parsing XDC File [/home/agreshil/vivado_projects/i2c-master/x2o-vivado-usplus-control-i2c-master-pl/control/apex_kria/apex_kria.gen/sources_1/bd/design_1/ip/design_1_proc_sys_reset_0_1/design_1_proc_sys_reset_0_1.xdc] for cell 'bdw/design_1_i/hier_0/proc_sys_reset_0/U0'
Finished Parsing XDC File [/home/agreshil/vivado_projects/i2c-master/x2o-vivado-usplus-control-i2c-master-pl/control/apex_kria/apex_kria.gen/sources_1/bd/design_1/ip/design_1_proc_sys_reset_0_1/design_1_proc_sys_reset_0_1.xdc] for cell 'bdw/design_1_i/hier_0/proc_sys_reset_0/U0'
Parsing XDC File [/home/agreshil/vivado_projects/i2c-master/x2o-vivado-usplus-control-i2c-master-pl/control/apex_kria/apex_kria.gen/sources_1/bd/design_1/ip/design_1_axi_mcdma_0_0/design_1_axi_mcdma_0_0.xdc] for cell 'bdw/design_1_i/hier_0/axi_mcdma_0/U0'
Finished Parsing XDC File [/home/agreshil/vivado_projects/i2c-master/x2o-vivado-usplus-control-i2c-master-pl/control/apex_kria/apex_kria.gen/sources_1/bd/design_1/ip/design_1_axi_mcdma_0_0/design_1_axi_mcdma_0_0.xdc] for cell 'bdw/design_1_i/hier_0/axi_mcdma_0/U0'
Parsing XDC File [/home/agreshil/vivado_projects/i2c-master/x2o-vivado-usplus-control-i2c-master-pl/control/apex_kria/apex_kria.gen/sources_1/bd/design_1/ip/design_1_proc_sys_reset_0_3/design_1_proc_sys_reset_0_3_board.xdc] for cell 'bdw/design_1_i/proc_sys_reset_0/U0'
Finished Parsing XDC File [/home/agreshil/vivado_projects/i2c-master/x2o-vivado-usplus-control-i2c-master-pl/control/apex_kria/apex_kria.gen/sources_1/bd/design_1/ip/design_1_proc_sys_reset_0_3/design_1_proc_sys_reset_0_3_board.xdc] for cell 'bdw/design_1_i/proc_sys_reset_0/U0'
Parsing XDC File [/home/agreshil/vivado_projects/i2c-master/x2o-vivado-usplus-control-i2c-master-pl/control/apex_kria/apex_kria.gen/sources_1/bd/design_1/ip/design_1_proc_sys_reset_0_3/design_1_proc_sys_reset_0_3.xdc] for cell 'bdw/design_1_i/proc_sys_reset_0/U0'
Finished Parsing XDC File [/home/agreshil/vivado_projects/i2c-master/x2o-vivado-usplus-control-i2c-master-pl/control/apex_kria/apex_kria.gen/sources_1/bd/design_1/ip/design_1_proc_sys_reset_0_3/design_1_proc_sys_reset_0_3.xdc] for cell 'bdw/design_1_i/proc_sys_reset_0/U0'
Parsing XDC File [/home/agreshil/vivado_projects/i2c-master/x2o-vivado-usplus-control-i2c-master-pl/control/apex_kria/apex_kria.gen/sources_1/bd/design_1/ip/design_1_axi_iic_3_0/design_1_axi_iic_3_0_board.xdc] for cell 'bdw/design_1_i/i2c/axi_iic_3/U0'
Finished Parsing XDC File [/home/agreshil/vivado_projects/i2c-master/x2o-vivado-usplus-control-i2c-master-pl/control/apex_kria/apex_kria.gen/sources_1/bd/design_1/ip/design_1_axi_iic_3_0/design_1_axi_iic_3_0_board.xdc] for cell 'bdw/design_1_i/i2c/axi_iic_3/U0'
Parsing XDC File [/home/agreshil/vivado_projects/i2c-master/x2o-vivado-usplus-control-i2c-master-pl/control/apex_kria/apex_kria.gen/sources_1/bd/design_1/ip/design_1_clk_wiz_0_0/design_1_clk_wiz_0_0_board.xdc] for cell 'bdw/design_1_i/clk_wiz_0/inst'
Finished Parsing XDC File [/home/agreshil/vivado_projects/i2c-master/x2o-vivado-usplus-control-i2c-master-pl/control/apex_kria/apex_kria.gen/sources_1/bd/design_1/ip/design_1_clk_wiz_0_0/design_1_clk_wiz_0_0_board.xdc] for cell 'bdw/design_1_i/clk_wiz_0/inst'
Parsing XDC File [/home/agreshil/vivado_projects/i2c-master/x2o-vivado-usplus-control-i2c-master-pl/control/apex_kria/apex_kria.gen/sources_1/bd/design_1/ip/design_1_clk_wiz_0_0/design_1_clk_wiz_0_0.xdc] for cell 'bdw/design_1_i/clk_wiz_0/inst'
Finished Parsing XDC File [/home/agreshil/vivado_projects/i2c-master/x2o-vivado-usplus-control-i2c-master-pl/control/apex_kria/apex_kria.gen/sources_1/bd/design_1/ip/design_1_clk_wiz_0_0/design_1_clk_wiz_0_0.xdc] for cell 'bdw/design_1_i/clk_wiz_0/inst'
Parsing XDC File [/home/agreshil/vivado_projects/i2c-master/x2o-vivado-usplus-control-i2c-master-pl/control/apex_kria/apex_kria.gen/sources_1/bd/design_1/ip/design_1_system_ila_0_0/bd_0/ip/ip_0/ila_v6_2/constraints/ila_impl.xdc] for cell 'bdw/design_1_i/system_ila_0/inst/ila_lib/inst'
Finished Parsing XDC File [/home/agreshil/vivado_projects/i2c-master/x2o-vivado-usplus-control-i2c-master-pl/control/apex_kria/apex_kria.gen/sources_1/bd/design_1/ip/design_1_system_ila_0_0/bd_0/ip/ip_0/ila_v6_2/constraints/ila_impl.xdc] for cell 'bdw/design_1_i/system_ila_0/inst/ila_lib/inst'
Parsing XDC File [/home/agreshil/vivado_projects/i2c-master/x2o-vivado-usplus-control-i2c-master-pl/control/apex_kria/apex_kria.gen/sources_1/bd/design_1/ip/design_1_system_ila_0_0/bd_0/ip/ip_0/ila_v6_2/constraints/ila.xdc] for cell 'bdw/design_1_i/system_ila_0/inst/ila_lib/inst'
Finished Parsing XDC File [/home/agreshil/vivado_projects/i2c-master/x2o-vivado-usplus-control-i2c-master-pl/control/apex_kria/apex_kria.gen/sources_1/bd/design_1/ip/design_1_system_ila_0_0/bd_0/ip/ip_0/ila_v6_2/constraints/ila.xdc] for cell 'bdw/design_1_i/system_ila_0/inst/ila_lib/inst'
Parsing XDC File [/home/agreshil/vivado_projects/i2c-master/x2o-vivado-usplus-control-i2c-master-pl/control/apex_kria/apex_kria.gen/sources_1/bd/design_1/ip/design_1_system_ila_1_0/bd_0/ip/ip_0/ila_v6_2/constraints/ila_impl.xdc] for cell 'bdw/design_1_i/system_ila_1/inst/ila_lib/inst'
Finished Parsing XDC File [/home/agreshil/vivado_projects/i2c-master/x2o-vivado-usplus-control-i2c-master-pl/control/apex_kria/apex_kria.gen/sources_1/bd/design_1/ip/design_1_system_ila_1_0/bd_0/ip/ip_0/ila_v6_2/constraints/ila_impl.xdc] for cell 'bdw/design_1_i/system_ila_1/inst/ila_lib/inst'
Parsing XDC File [/home/agreshil/vivado_projects/i2c-master/x2o-vivado-usplus-control-i2c-master-pl/control/apex_kria/apex_kria.gen/sources_1/bd/design_1/ip/design_1_system_ila_1_0/bd_0/ip/ip_0/ila_v6_2/constraints/ila.xdc] for cell 'bdw/design_1_i/system_ila_1/inst/ila_lib/inst'
Finished Parsing XDC File [/home/agreshil/vivado_projects/i2c-master/x2o-vivado-usplus-control-i2c-master-pl/control/apex_kria/apex_kria.gen/sources_1/bd/design_1/ip/design_1_system_ila_1_0/bd_0/ip/ip_0/ila_v6_2/constraints/ila.xdc] for cell 'bdw/design_1_i/system_ila_1/inst/ila_lib/inst'
Parsing XDC File [/home/agreshil/vivado_projects/i2c-master/x2o-vivado-usplus-control-i2c-master-pl/control/apex_kria/apex_kria.gen/sources_1/bd/design_1/ip/design_1_xxv_ethernet_0_0/ip_0/synth/design_1_xxv_ethernet_0_0_gt.xdc] for cell 'bdw/design_1_i/xxv_ethernet_0/inst/i_design_1_xxv_ethernet_0_0_gt/inst'
Finished Parsing XDC File [/home/agreshil/vivado_projects/i2c-master/x2o-vivado-usplus-control-i2c-master-pl/control/apex_kria/apex_kria.gen/sources_1/bd/design_1/ip/design_1_xxv_ethernet_0_0/ip_0/synth/design_1_xxv_ethernet_0_0_gt.xdc] for cell 'bdw/design_1_i/xxv_ethernet_0/inst/i_design_1_xxv_ethernet_0_0_gt/inst'
Parsing XDC File [/home/agreshil/vivado_projects/i2c-master/x2o-vivado-usplus-control-i2c-master-pl/control/apex_kria/apex_kria.gen/sources_1/bd/design_1/ip/design_1_xxv_ethernet_0_0/synth/design_1_xxv_ethernet_0_0_board.xdc] for cell 'bdw/design_1_i/xxv_ethernet_0/inst'
Finished Parsing XDC File [/home/agreshil/vivado_projects/i2c-master/x2o-vivado-usplus-control-i2c-master-pl/control/apex_kria/apex_kria.gen/sources_1/bd/design_1/ip/design_1_xxv_ethernet_0_0/synth/design_1_xxv_ethernet_0_0_board.xdc] for cell 'bdw/design_1_i/xxv_ethernet_0/inst'
Parsing XDC File [/home/agreshil/vivado_projects/i2c-master/x2o-vivado-usplus-control-i2c-master-pl/control/apex_kria/apex_kria.gen/sources_1/bd/design_1/ip/design_1_xxv_ethernet_0_0/synth/design_1_xxv_ethernet_0_0.xdc] for cell 'bdw/design_1_i/xxv_ethernet_0/inst'
Finished Parsing XDC File [/home/agreshil/vivado_projects/i2c-master/x2o-vivado-usplus-control-i2c-master-pl/control/apex_kria/apex_kria.gen/sources_1/bd/design_1/ip/design_1_xxv_ethernet_0_0/synth/design_1_xxv_ethernet_0_0.xdc] for cell 'bdw/design_1_i/xxv_ethernet_0/inst'
Parsing XDC File [/home/agreshil/vivado_projects/i2c-master/x2o-vivado-usplus-control-i2c-master-pl/control/apex_kria/apex_kria.gen/sources_1/ip/c2c_gth_7p8125g_vio_0/c2c_gth_7p8125g_vio_0.xdc] for cell 'c2c_mgt/c2c_gth_7p8125g_vio_0_inst'
Finished Parsing XDC File [/home/agreshil/vivado_projects/i2c-master/x2o-vivado-usplus-control-i2c-master-pl/control/apex_kria/apex_kria.gen/sources_1/ip/c2c_gth_7p8125g_vio_0/c2c_gth_7p8125g_vio_0.xdc] for cell 'c2c_mgt/c2c_gth_7p8125g_vio_0_inst'
Parsing XDC File [/home/agreshil/vivado_projects/i2c-master/x2o-vivado-usplus-control-i2c-master-pl/control/apex_kria/apex_kria.gen/sources_1/ip/c2c_gth_7p8125g/synth/c2c_gth_7p8125g.xdc] for cell 'c2c_mgt/c2c_gth/inst'
CRITICAL WARNING: [Vivado 12-2285] Cannot set LOC property of instance 'c2c_mgt/c2c_gth/inst/gen_gtwizard_gthe4_top.c2c_gth_7p8125g_gtwizard_gthe4_inst/gen_gtwizard_gthe4.gen_channel_container[1].gen_enabled_channel.gthe4_channel_wrapper_inst/channel_inst/gthe4_channel_gen.gen_gthe4_channel_inst[0].GTHE4_CHANNEL_PRIM_INST'... c2c_mgt/c2c_gth/inst/gen_gtwizard_gthe4_top.c2c_gth_7p8125g_gtwizard_gthe4_inst/gen_gtwizard_gthe4.gen_channel_container[1].gen_enabled_channel.gthe4_channel_wrapper_inst/channel_inst/gthe4_channel_gen.gen_gthe4_channel_inst[0].GTHE4_CHANNEL_PRIM_INST Instance c2c_mgt/c2c_gth/inst/gen_gtwizard_gthe4_top.c2c_gth_7p8125g_gtwizard_gthe4_inst/gen_gtwizard_gthe4.gen_channel_container[1].gen_enabled_channel.gthe4_channel_wrapper_inst/channel_inst/gthe4_channel_gen.gen_gthe4_channel_inst[0].GTHE4_CHANNEL_PRIM_INST can not be placed in GTHE4_CHANNEL of site GTHE4_CHANNEL_X0Y4 because the bel is occupied by bdw/design_1_i/xxv_ethernet_0/inst/i_design_1_xxv_ethernet_0_0_gt/inst/gen_gtwizard_gthe4_top.design_1_xxv_ethernet_0_0_gt_gtwizard_gthe4_inst/gen_gtwizard_gthe4.gen_channel_container[1].gen_enabled_channel.gthe4_channel_wrapper_inst/channel_inst/gthe4_channel_gen.gen_gthe4_channel_inst[0].GTHE4_CHANNEL_PRIM_INST. This could be caused by bel constraint conflict [/home/agreshil/vivado_projects/i2c-master/x2o-vivado-usplus-control-i2c-master-pl/control/apex_kria/apex_kria.gen/sources_1/ip/c2c_gth_7p8125g/synth/c2c_gth_7p8125g.xdc:68]
Resolution: When using BEL constraints, ensure the BEL constraints are defined before the LOC constraints to avoid conflicts at a given site.
Finished Parsing XDC File [/home/agreshil/vivado_projects/i2c-master/x2o-vivado-usplus-control-i2c-master-pl/control/apex_kria/apex_kria.gen/sources_1/ip/c2c_gth_7p8125g/synth/c2c_gth_7p8125g.xdc] for cell 'c2c_mgt/c2c_gth/inst'
Parsing XDC File [/home/agreshil/vivado_projects/i2c-master/x2o-vivado-usplus-control-i2c-master-pl/control/apex_kria/apex_kria.gen/sources_1/bd/design_1/ip/design_1_proc_sys_reset_0_2/design_1_proc_sys_reset_0_2_board.xdc] for cell 'bdw/design_1_i/cpu/proc_sys_reset_2/U0'
Finished Parsing XDC File [/home/agreshil/vivado_projects/i2c-master/x2o-vivado-usplus-control-i2c-master-pl/control/apex_kria/apex_kria.gen/sources_1/bd/design_1/ip/design_1_proc_sys_reset_0_2/design_1_proc_sys_reset_0_2_board.xdc] for cell 'bdw/design_1_i/cpu/proc_sys_reset_2/U0'
Parsing XDC File [/home/agreshil/vivado_projects/i2c-master/x2o-vivado-usplus-control-i2c-master-pl/control/apex_kria/apex_kria.gen/sources_1/bd/design_1/ip/design_1_axi_chip2chip_0_0/design_1_axi_chip2chip_0_0.xdc] for cell 'bdw/design_1_i/C2C/axi_chip2chip_0/inst'
Finished Parsing XDC File [/home/agreshil/vivado_projects/i2c-master/x2o-vivado-usplus-control-i2c-master-pl/control/apex_kria/apex_kria.gen/sources_1/bd/design_1/ip/design_1_axi_chip2chip_0_0/design_1_axi_chip2chip_0_0.xdc] for cell 'bdw/design_1_i/C2C/axi_chip2chip_0/inst'
Parsing XDC File [/home/agreshil/vivado_projects/i2c-master/x2o-vivado-usplus-control-i2c-master-pl/control/apex_kria/apex_kria.gen/sources_1/bd/design_1/ip/design_1_axi_chip2chip_1_0/design_1_axi_chip2chip_1_0.xdc] for cell 'bdw/design_1_i/C2C/axi_chip2chip_1/inst'
Finished Parsing XDC File [/home/agreshil/vivado_projects/i2c-master/x2o-vivado-usplus-control-i2c-master-pl/control/apex_kria/apex_kria.gen/sources_1/bd/design_1/ip/design_1_axi_chip2chip_1_0/design_1_axi_chip2chip_1_0.xdc] for cell 'bdw/design_1_i/C2C/axi_chip2chip_1/inst'
Parsing XDC File [/home/agreshil/vivado_projects/i2c-master/x2o-vivado-usplus-control-i2c-master-pl/control/apex_kria/apex_kria.gen/sources_1/bd/design_1/ip/design_1_axi_gpio_1_0/design_1_axi_gpio_1_0_board.xdc] for cell 'bdw/design_1_i/IPMC/axi_gpio_1/U0'
Finished Parsing XDC File [/home/agreshil/vivado_projects/i2c-master/x2o-vivado-usplus-control-i2c-master-pl/control/apex_kria/apex_kria.gen/sources_1/bd/design_1/ip/design_1_axi_gpio_1_0/design_1_axi_gpio_1_0_board.xdc] for cell 'bdw/design_1_i/IPMC/axi_gpio_1/U0'
Parsing XDC File [/home/agreshil/vivado_projects/i2c-master/x2o-vivado-usplus-control-i2c-master-pl/control/apex_kria/apex_kria.gen/sources_1/bd/design_1/ip/design_1_axi_gpio_1_0/design_1_axi_gpio_1_0.xdc] for cell 'bdw/design_1_i/IPMC/axi_gpio_1/U0'
Finished Parsing XDC File [/home/agreshil/vivado_projects/i2c-master/x2o-vivado-usplus-control-i2c-master-pl/control/apex_kria/apex_kria.gen/sources_1/bd/design_1/ip/design_1_axi_gpio_1_0/design_1_axi_gpio_1_0.xdc] for cell 'bdw/design_1_i/IPMC/axi_gpio_1/U0'
Parsing XDC File [/home/agreshil/vivado_projects/i2c-master/x2o-vivado-usplus-control-i2c-master-pl/control/apex_kria/apex_kria.gen/sources_1/bd/design_1/ip/design_1_axi_gpio_0_1/design_1_axi_gpio_0_1_board.xdc] for cell 'bdw/design_1_i/IPMC/axi_gpio_0/U0'
Finished Parsing XDC File [/home/agreshil/vivado_projects/i2c-master/x2o-vivado-usplus-control-i2c-master-pl/control/apex_kria/apex_kria.gen/sources_1/bd/design_1/ip/design_1_axi_gpio_0_1/design_1_axi_gpio_0_1_board.xdc] for cell 'bdw/design_1_i/IPMC/axi_gpio_0/U0'
Parsing XDC File [/home/agreshil/vivado_projects/i2c-master/x2o-vivado-usplus-control-i2c-master-pl/control/apex_kria/apex_kria.gen/sources_1/bd/design_1/ip/design_1_axi_gpio_0_1/design_1_axi_gpio_0_1.xdc] for cell 'bdw/design_1_i/IPMC/axi_gpio_0/U0'
Finished Parsing XDC File [/home/agreshil/vivado_projects/i2c-master/x2o-vivado-usplus-control-i2c-master-pl/control/apex_kria/apex_kria.gen/sources_1/bd/design_1/ip/design_1_axi_gpio_0_1/design_1_axi_gpio_0_1.xdc] for cell 'bdw/design_1_i/IPMC/axi_gpio_0/U0'
Parsing XDC File [/home/agreshil/vivado_projects/i2c-master/x2o-vivado-usplus-control-i2c-master-pl/control/apex_kria/apex_kria.gen/sources_1/bd/design_1/ip/design_1_system_ila_2_0/bd_0/ip/ip_0/ila_v6_2/constraints/ila_impl.xdc] for cell 'bdw/design_1_i/IPMC/system_ila_2/inst/ila_lib/inst'
Finished Parsing XDC File [/home/agreshil/vivado_projects/i2c-master/x2o-vivado-usplus-control-i2c-master-pl/control/apex_kria/apex_kria.gen/sources_1/bd/design_1/ip/design_1_system_ila_2_0/bd_0/ip/ip_0/ila_v6_2/constraints/ila_impl.xdc] for cell 'bdw/design_1_i/IPMC/system_ila_2/inst/ila_lib/inst'
Parsing XDC File [/home/agreshil/vivado_projects/i2c-master/x2o-vivado-usplus-control-i2c-master-pl/control/apex_kria/apex_kria.gen/sources_1/bd/design_1/ip/design_1_system_ila_2_0/bd_0/ip/ip_0/ila_v6_2/constraints/ila.xdc] for cell 'bdw/design_1_i/IPMC/system_ila_2/inst/ila_lib/inst'
Finished Parsing XDC File [/home/agreshil/vivado_projects/i2c-master/x2o-vivado-usplus-control-i2c-master-pl/control/apex_kria/apex_kria.gen/sources_1/bd/design_1/ip/design_1_system_ila_2_0/bd_0/ip/ip_0/ila_v6_2/constraints/ila.xdc] for cell 'bdw/design_1_i/IPMC/system_ila_2/inst/ila_lib/inst'
Parsing XDC File [/home/agreshil/vivado_projects/i2c-master/x2o-vivado-usplus-control-i2c-master-pl/control/apex_kria/apex_kria.gen/sources_1/bd/design_1/ip/design_1_proc_sys_reset_0_0/design_1_proc_sys_reset_0_0_board.xdc] for cell 'bdw/design_1_i/cpu/proc_sys_reset_0/U0'
Finished Parsing XDC File [/home/agreshil/vivado_projects/i2c-master/x2o-vivado-usplus-control-i2c-master-pl/control/apex_kria/apex_kria.gen/sources_1/bd/design_1/ip/design_1_proc_sys_reset_0_0/design_1_proc_sys_reset_0_0_board.xdc] for cell 'bdw/design_1_i/cpu/proc_sys_reset_0/U0'
Parsing XDC File [/home/agreshil/vivado_projects/i2c-master/x2o-vivado-usplus-control-i2c-master-pl/control/apex_kria/apex_kria.gen/sources_1/bd/design_1/ip/design_1_proc_sys_reset_0_0/design_1_proc_sys_reset_0_0.xdc] for cell 'bdw/design_1_i/cpu/proc_sys_reset_0/U0'
Finished Parsing XDC File [/home/agreshil/vivado_projects/i2c-master/x2o-vivado-usplus-control-i2c-master-pl/control/apex_kria/apex_kria.gen/sources_1/bd/design_1/ip/design_1_proc_sys_reset_0_0/design_1_proc_sys_reset_0_0.xdc] for cell 'bdw/design_1_i/cpu/proc_sys_reset_0/U0'
Parsing XDC File [/home/agreshil/vivado_projects/i2c-master/x2o-vivado-usplus-control-i2c-master-pl/control/apex_kria/apex_kria.gen/sources_1/bd/design_1/ip/design_1_proc_sys_reset_1_0/design_1_proc_sys_reset_1_0_board.xdc] for cell 'bdw/design_1_i/cpu/proc_sys_reset_1/U0'
Finished Parsing XDC File [/home/agreshil/vivado_projects/i2c-master/x2o-vivado-usplus-control-i2c-master-pl/control/apex_kria/apex_kria.gen/sources_1/bd/design_1/ip/design_1_proc_sys_reset_1_0/design_1_proc_sys_reset_1_0_board.xdc] for cell 'bdw/design_1_i/cpu/proc_sys_reset_1/U0'
Parsing XDC File [/home/agreshil/vivado_projects/i2c-master/x2o-vivado-usplus-control-i2c-master-pl/control/apex_kria/apex_kria.gen/sources_1/bd/design_1/ip/design_1_proc_sys_reset_1_0/design_1_proc_sys_reset_1_0.xdc] for cell 'bdw/design_1_i/cpu/proc_sys_reset_1/U0'
Finished Parsing XDC File [/home/agreshil/vivado_projects/i2c-master/x2o-vivado-usplus-control-i2c-master-pl/control/apex_kria/apex_kria.gen/sources_1/bd/design_1/ip/design_1_proc_sys_reset_1_0/design_1_proc_sys_reset_1_0.xdc] for cell 'bdw/design_1_i/cpu/proc_sys_reset_1/U0'
Parsing XDC File [/home/agreshil/vivado_projects/i2c-master/x2o-vivado-usplus-control-i2c-master-pl/control/apex_kria/tmp_edit_project.gen/sources_1/ip/csum_fifo_fifo_generator_0_0/csum_fifo_fifo_generator_0_0.xdc] for cell 'bdw/design_1_i/hier_0/tx_csum_0/inst/csum_fifo_i/fifo_generator_0/U0'
Finished Parsing XDC File [/home/agreshil/vivado_projects/i2c-master/x2o-vivado-usplus-control-i2c-master-pl/control/apex_kria/tmp_edit_project.gen/sources_1/ip/csum_fifo_fifo_generator_0_0/csum_fifo_fifo_generator_0_0.xdc] for cell 'bdw/design_1_i/hier_0/tx_csum_0/inst/csum_fifo_i/fifo_generator_0/U0'
Parsing XDC File [/home/agreshil/vivado_projects/i2c-master/x2o-vivado-usplus-control-i2c-master-pl/control/apex_kria/apex_kria.gen/sources_1/bd/design_1/ip/design_1_proc_sys_reset_0_2/design_1_proc_sys_reset_0_2.xdc] for cell 'bdw/design_1_i/cpu/proc_sys_reset_2/U0'
Finished Parsing XDC File [/home/agreshil/vivado_projects/i2c-master/x2o-vivado-usplus-control-i2c-master-pl/control/apex_kria/apex_kria.gen/sources_1/bd/design_1/ip/design_1_proc_sys_reset_0_2/design_1_proc_sys_reset_0_2.xdc] for cell 'bdw/design_1_i/cpu/proc_sys_reset_2/U0'
Parsing XDC File [/home/agreshil/vivado_projects/i2c-master/x2o-vivado-usplus-control-i2c-master-pl/control/apex_kria/apex_kria.gen/sources_1/bd/design_1/ip/design_1_proc_sys_reset_2_0/design_1_proc_sys_reset_2_0_board.xdc] for cell 'bdw/design_1_i/cpu/proc_sys_reset_3/U0'
Finished Parsing XDC File [/home/agreshil/vivado_projects/i2c-master/x2o-vivado-usplus-control-i2c-master-pl/control/apex_kria/apex_kria.gen/sources_1/bd/design_1/ip/design_1_proc_sys_reset_2_0/design_1_proc_sys_reset_2_0_board.xdc] for cell 'bdw/design_1_i/cpu/proc_sys_reset_3/U0'
Parsing XDC File [/home/agreshil/vivado_projects/i2c-master/x2o-vivado-usplus-control-i2c-master-pl/control/apex_kria/apex_kria.gen/sources_1/bd/design_1/ip/design_1_proc_sys_reset_2_0/design_1_proc_sys_reset_2_0.xdc] for cell 'bdw/design_1_i/cpu/proc_sys_reset_3/U0'
Finished Parsing XDC File [/home/agreshil/vivado_projects/i2c-master/x2o-vivado-usplus-control-i2c-master-pl/control/apex_kria/apex_kria.gen/sources_1/bd/design_1/ip/design_1_proc_sys_reset_2_0/design_1_proc_sys_reset_2_0.xdc] for cell 'bdw/design_1_i/cpu/proc_sys_reset_3/U0'
Parsing XDC File [/home/agreshil/vivado_projects/i2c-master/x2o-vivado-usplus-control-i2c-master-pl/control/apex_kria/apex_kria.gen/sources_1/bd/design_1/ip/design_1_zynq_ultra_ps_e_0_0/design_1_zynq_ultra_ps_e_0_0.xdc] for cell 'bdw/design_1_i/cpu/zynq_ultra_ps_e_0/inst'
Finished Parsing XDC File [/home/agreshil/vivado_projects/i2c-master/x2o-vivado-usplus-control-i2c-master-pl/control/apex_kria/apex_kria.gen/sources_1/bd/design_1/ip/design_1_zynq_ultra_ps_e_0_0/design_1_zynq_ultra_ps_e_0_0.xdc] for cell 'bdw/design_1_i/cpu/zynq_ultra_ps_e_0/inst'
Parsing XDC File [/home/agreshil/vivado_projects/i2c-master/x2o-vivado-usplus-control-i2c-master-pl/control/apex_kria/apex_kria.gen/sources_1/bd/design_1/ip/design_1_system_management_wiz_0_0/design_1_system_management_wiz_0_0_board.xdc] for cell 'bdw/design_1_i/cpu/system_management_wiz_0/inst'
Finished Parsing XDC File [/home/agreshil/vivado_projects/i2c-master/x2o-vivado-usplus-control-i2c-master-pl/control/apex_kria/apex_kria.gen/sources_1/bd/design_1/ip/design_1_system_management_wiz_0_0/design_1_system_management_wiz_0_0_board.xdc] for cell 'bdw/design_1_i/cpu/system_management_wiz_0/inst'
Parsing XDC File [/home/agreshil/vivado_projects/i2c-master/x2o-vivado-usplus-control-i2c-master-pl/control/apex_kria/apex_kria.gen/sources_1/bd/design_1/ip/design_1_system_management_wiz_0_0/design_1_system_management_wiz_0_0.xdc] for cell 'bdw/design_1_i/cpu/system_management_wiz_0/inst'
Finished Parsing XDC File [/home/agreshil/vivado_projects/i2c-master/x2o-vivado-usplus-control-i2c-master-pl/control/apex_kria/apex_kria.gen/sources_1/bd/design_1/ip/design_1_system_management_wiz_0_0/design_1_system_management_wiz_0_0.xdc] for cell 'bdw/design_1_i/cpu/system_management_wiz_0/inst'
Parsing XDC File [/home/agreshil/vivado_projects/i2c-master/x2o-vivado-usplus-control-i2c-master-pl/control/apex_kria/apex_kria.gen/sources_1/bd/design_1/ip/design_1_debug_bridge_0_0/bd_0/ip/ip_2/constraints/bs_switch.xdc] for cell 'bdw/design_1_i/dbg/debug_bridge_0/inst/bs_switch_1/inst'
Finished Parsing XDC File [/home/agreshil/vivado_projects/i2c-master/x2o-vivado-usplus-control-i2c-master-pl/control/apex_kria/apex_kria.gen/sources_1/bd/design_1/ip/design_1_debug_bridge_0_0/bd_0/ip/ip_2/constraints/bs_switch.xdc] for cell 'bdw/design_1_i/dbg/debug_bridge_0/inst/bs_switch_1/inst'
Parsing XDC File [/home/agreshil/vivado_projects/i2c-master/x2o-vivado-usplus-control-i2c-master-pl/control/apex_kria/apex_kria.gen/sources_1/bd/design_1/ip/design_1_axi_iic_0_0/design_1_axi_iic_0_0_board.xdc] for cell 'bdw/design_1_i/i2c/axi_iic_0/U0'
Finished Parsing XDC File [/home/agreshil/vivado_projects/i2c-master/x2o-vivado-usplus-control-i2c-master-pl/control/apex_kria/apex_kria.gen/sources_1/bd/design_1/ip/design_1_axi_iic_0_0/design_1_axi_iic_0_0_board.xdc] for cell 'bdw/design_1_i/i2c/axi_iic_0/U0'
Parsing XDC File [/home/agreshil/vivado_projects/i2c-master/x2o-vivado-usplus-control-i2c-master-pl/control/apex_kria/apex_kria.gen/sources_1/bd/design_1/ip/design_1_axi_iic_1_0/design_1_axi_iic_1_0_board.xdc] for cell 'bdw/design_1_i/i2c/axi_iic_1/U0'
Finished Parsing XDC File [/home/agreshil/vivado_projects/i2c-master/x2o-vivado-usplus-control-i2c-master-pl/control/apex_kria/apex_kria.gen/sources_1/bd/design_1/ip/design_1_axi_iic_1_0/design_1_axi_iic_1_0_board.xdc] for cell 'bdw/design_1_i/i2c/axi_iic_1/U0'
Parsing XDC File [/home/agreshil/vivado_projects/i2c-master/x2o-vivado-usplus-control-i2c-master-pl/control/apex_kria/apex_kria.gen/sources_1/bd/design_1/ip/design_1_axi_iic_2_0/design_1_axi_iic_2_0_board.xdc] for cell 'bdw/design_1_i/i2c/axi_iic_2/U0'
Finished Parsing XDC File [/home/agreshil/vivado_projects/i2c-master/x2o-vivado-usplus-control-i2c-master-pl/control/apex_kria/apex_kria.gen/sources_1/bd/design_1/ip/design_1_axi_iic_2_0/design_1_axi_iic_2_0_board.xdc] for cell 'bdw/design_1_i/i2c/axi_iic_2/U0'
Parsing XDC File [/home/agreshil/vivado_projects/i2c-master/x2o-vivado-usplus-control-i2c-master-pl/control/apex_kria/apex_kria.srcs/constrs_1/imports/new/7015_primary.xdc]
Finished Parsing XDC File [/home/agreshil/vivado_projects/i2c-master/x2o-vivado-usplus-control-i2c-master-pl/control/apex_kria/apex_kria.srcs/constrs_1/imports/new/7015_primary.xdc]
Parsing XDC File [/home/agreshil/vivado_projects/i2c-master/x2o-vivado-usplus-control-i2c-master-pl/control/apex_kria/apex_kria.srcs/constrs_1/imports/new/Kria_K26_SOM_Rev1.xdc]
WARNING: [Vivado 12-584] No ports matched 'som240_2_b10'. [/home/agreshil/vivado_projects/i2c-master/x2o-vivado-usplus-control-i2c-master-pl/control/apex_kria/apex_kria.srcs/constrs_1/imports/new/Kria_K26_SOM_Rev1.xdc:140]
CRITICAL WARNING: [Common 17-55] 'set_property' expects at least one object. [/home/agreshil/vivado_projects/i2c-master/x2o-vivado-usplus-control-i2c-master-pl/control/apex_kria/apex_kria.srcs/constrs_1/imports/new/Kria_K26_SOM_Rev1.xdc:140]
Resolution: If [get_<value>] was used to populate the object, check to make sure this command returns at least one valid object.
WARNING: [Vivado 12-584] No ports matched 'som240_2_b9'. [/home/agreshil/vivado_projects/i2c-master/x2o-vivado-usplus-control-i2c-master-pl/control/apex_kria/apex_kria.srcs/constrs_1/imports/new/Kria_K26_SOM_Rev1.xdc:142]
CRITICAL WARNING: [Common 17-55] 'set_property' expects at least one object. [/home/agreshil/vivado_projects/i2c-master/x2o-vivado-usplus-control-i2c-master-pl/control/apex_kria/apex_kria.srcs/constrs_1/imports/new/Kria_K26_SOM_Rev1.xdc:142]
Resolution: If [get_<value>] was used to populate the object, check to make sure this command returns at least one valid object.
Finished Parsing XDC File [/home/agreshil/vivado_projects/i2c-master/x2o-vivado-usplus-control-i2c-master-pl/control/apex_kria/apex_kria.srcs/constrs_1/imports/new/Kria_K26_SOM_Rev1.xdc]
Parsing XDC File [/home/agreshil/vivado_projects/i2c-master/x2o-vivado-usplus-control-i2c-master-pl/control/apex_kria/apex_kria.srcs/constrs_1/imports/new/c2c_mgt.xdc]
WARNING: [Vivado 12-508] No pins matched 'bdw/design_1_i/XG_0/xxv_ethernet_0/inst/i_XG_inst_0_xxv_ethernet_0_0_gt/inst/gen_gtwizard_gthe4_top.XG_inst_0_xxv_ethernet_0_0_gt_gtwizard_gthe4_inst/gen_gtwizard_gthe4.gen_reset_controller_internal.gen_single_instance.gtwiz_reset_inst/reset_synchronizer_gtwiz_reset_all_inst/rst_in_meta_reg/D'. [/home/agreshil/vivado_projects/i2c-master/x2o-vivado-usplus-control-i2c-master-pl/control/apex_kria/apex_kria.srcs/constrs_1/imports/new/c2c_mgt.xdc:1]
WARNING: [Vivado 12-508] No pins matched 'bdw/design_1_i/XG_0/xxv_ethernet_0/inst/i_XG_inst_0_xxv_ethernet_0_0_gt/inst/gen_gtwizard_gthe4_top.XG_inst_0_xxv_ethernet_0_0_gt_gtwizard_gthe4_inst/gen_gtwizard_gthe4.gen_reset_controller_internal.gen_single_instance.gtwiz_reset_inst/reset_synchronizer_gtwiz_reset_rx_any_inst/rst_in_meta_reg/D'. [/home/agreshil/vivado_projects/i2c-master/x2o-vivado-usplus-control-i2c-master-pl/control/apex_kria/apex_kria.srcs/constrs_1/imports/new/c2c_mgt.xdc:1]
WARNING: [Vivado 12-508] No pins matched 'bdw/design_1_i/XG_0/xxv_ethernet_0/inst/i_XG_inst_0_xxv_ethernet_0_0_gt/inst/gen_gtwizard_gthe4_top.XG_inst_0_xxv_ethernet_0_0_gt_gtwizard_gthe4_inst/gen_gtwizard_gthe4.gen_reset_controller_internal.gen_single_instance.gtwiz_reset_inst/reset_synchronizer_gtwiz_reset_rx_datapath_inst/rst_in_meta_reg/D'. [/home/agreshil/vivado_projects/i2c-master/x2o-vivado-usplus-control-i2c-master-pl/control/apex_kria/apex_kria.srcs/constrs_1/imports/new/c2c_mgt.xdc:1]
WARNING: [Vivado 12-508] No pins matched 'bdw/design_1_i/XG_0/xxv_ethernet_0/inst/i_XG_inst_0_xxv_ethernet_0_0_gt/inst/gen_gtwizard_gthe4_top.XG_inst_0_xxv_ethernet_0_0_gt_gtwizard_gthe4_inst/gen_gtwizard_gthe4.gen_reset_controller_internal.gen_single_instance.gtwiz_reset_inst/reset_synchronizer_gtwiz_reset_rx_pll_and_datapath_inst/rst_in_meta_reg/D'. [/home/agreshil/vivado_projects/i2c-master/x2o-vivado-usplus-control-i2c-master-pl/control/apex_kria/apex_kria.srcs/constrs_1/imports/new/c2c_mgt.xdc:1]
WARNING: [Vivado 12-508] No pins matched 'bdw/design_1_i/XG_0/xxv_ethernet_0/inst/i_XG_inst_0_xxv_ethernet_0_0_gt/inst/gen_gtwizard_gthe4_top.XG_inst_0_xxv_ethernet_0_0_gt_gtwizard_gthe4_inst/gen_gtwizard_gthe4.gen_reset_controller_internal.gen_single_instance.gtwiz_reset_inst/reset_synchronizer_gtwiz_reset_tx_any_inst/rst_in_meta_reg/D'. [/home/agreshil/vivado_projects/i2c-master/x2o-vivado-usplus-control-i2c-master-pl/control/apex_kria/apex_kria.srcs/constrs_1/imports/new/c2c_mgt.xdc:1]
WARNING: [Vivado 12-508] No pins matched 'bdw/design_1_i/XG_0/xxv_ethernet_0/inst/i_XG_inst_0_xxv_ethernet_0_0_gt/inst/gen_gtwizard_gthe4_top.XG_inst_0_xxv_ethernet_0_0_gt_gtwizard_gthe4_inst/gen_gtwizard_gthe4.gen_reset_controller_internal.gen_single_instance.gtwiz_reset_inst/reset_synchronizer_gtwiz_reset_tx_datapath_inst/rst_in_meta_reg/D'. [/home/agreshil/vivado_projects/i2c-master/x2o-vivado-usplus-control-i2c-master-pl/control/apex_kria/apex_kria.srcs/constrs_1/imports/new/c2c_mgt.xdc:1]
WARNING: [Vivado 12-508] No pins matched 'bdw/design_1_i/XG_0/xxv_ethernet_0/inst/i_XG_inst_0_xxv_ethernet_0_0_gt/inst/gen_gtwizard_gthe4_top.XG_inst_0_xxv_ethernet_0_0_gt_gtwizard_gthe4_inst/gen_gtwizard_gthe4.gen_reset_controller_internal.gen_single_instance.gtwiz_reset_inst/reset_synchronizer_gtwiz_reset_tx_pll_and_datapath_inst/rst_in_meta_reg/D'. [/home/agreshil/vivado_projects/i2c-master/x2o-vivado-usplus-control-i2c-master-pl/control/apex_kria/apex_kria.srcs/constrs_1/imports/new/c2c_mgt.xdc:1]
WARNING: [Vivado 12-508] No pins matched 'bdw/design_1_i/XG_0/xxv_ethernet_0/inst/i_XG_inst_0_xxv_ethernet_0_0_gt/inst/gen_gtwizard_gthe4_top.XG_inst_0_xxv_ethernet_0_0_gt_gtwizard_gthe4_inst/gen_gtwizard_gthe4.gen_reset_controller_internal.gen_single_instance.gtwiz_reset_inst/reset_synchronizer_rx_done_inst/rst_in_meta_reg/D'. [/home/agreshil/vivado_projects/i2c-master/x2o-vivado-usplus-control-i2c-master-pl/control/apex_kria/apex_kria.srcs/constrs_1/imports/new/c2c_mgt.xdc:1]
WARNING: [Vivado 12-508] No pins matched 'bdw/design_1_i/XG_0/xxv_ethernet_0/inst/i_XG_inst_0_xxv_ethernet_0_0_gt/inst/gen_gtwizard_gthe4_top.XG_inst_0_xxv_ethernet_0_0_gt_gtwizard_gthe4_inst/gen_gtwizard_gthe4.gen_reset_controller_internal.gen_single_instance.gtwiz_reset_inst/reset_synchronizer_tx_done_inst/rst_in_meta_reg/D'. [/home/agreshil/vivado_projects/i2c-master/x2o-vivado-usplus-control-i2c-master-pl/control/apex_kria/apex_kria.srcs/constrs_1/imports/new/c2c_mgt.xdc:1]
WARNING: [Vivado 12-508] No pins matched 'bdw/design_1_i/XG_0/xxv_ethernet_0/inst/i_XG_inst_0_xxv_ethernet_0_0_gt/inst/gen_gtwizard_gthe4_top.XG_inst_0_xxv_ethernet_0_0_gt_gtwizard_gthe4_inst/gen_gtwizard_gthe4.gen_reset_controller_internal.gen_single_instance.gtwiz_reset_inst/reset_synchronizer_txprogdivreset_inst/rst_in_meta_reg/D'. [/home/agreshil/vivado_projects/i2c-master/x2o-vivado-usplus-control-i2c-master-pl/control/apex_kria/apex_kria.srcs/constrs_1/imports/new/c2c_mgt.xdc:1]
WARNING: [Vivado 12-508] No pins matched 'c2c_mgt/example_wrapper_inst/c2c_gth_7p8125g_inst/inst/gen_gtwizard_gthe4_top.c2c_gth_7p8125g_gtwizard_gthe4_inst/gen_gtwizard_gthe4.gen_cpll_cal_gthe4.gen_cpll_cal_inst[0].gen_inst_cpll_cal.gtwizard_ultrascale_v1_7_13_gthe4_cpll_cal_inst/gtwizard_ultrascale_v1_7_13_gthe4_cpll_cal_tx_i/U_TXOUTCLK_FREQ_COUNTER/reset_synchronizer_testclk_rst_inst/rst_in_meta_reg/D'. [/home/agreshil/vivado_projects/i2c-master/x2o-vivado-usplus-control-i2c-master-pl/control/apex_kria/apex_kria.srcs/constrs_1/imports/new/c2c_mgt.xdc:1]
WARNING: [Vivado 12-508] No pins matched 'c2c_mgt/example_wrapper_inst/c2c_gth_7p8125g_inst/inst/gen_gtwizard_gthe4_top.c2c_gth_7p8125g_gtwizard_gthe4_inst/gen_gtwizard_gthe4.gen_cpll_cal_gthe4.gen_cpll_cal_inst[0].gen_inst_cpll_cal.gtwizard_ultrascale_v1_7_13_gthe4_cpll_cal_inst/reset_synchronizer_resetin_rx_inst/rst_in_meta_reg/D'. [/home/agreshil/vivado_projects/i2c-master/x2o-vivado-usplus-control-i2c-master-pl/control/apex_kria/apex_kria.srcs/constrs_1/imports/new/c2c_mgt.xdc:1]
WARNING: [Vivado 12-508] No pins matched 'c2c_mgt/example_wrapper_inst/c2c_gth_7p8125g_inst/inst/gen_gtwizard_gthe4_top.c2c_gth_7p8125g_gtwizard_gthe4_inst/gen_gtwizard_gthe4.gen_cpll_cal_gthe4.gen_cpll_cal_inst[0].gen_inst_cpll_cal.gtwizard_ultrascale_v1_7_13_gthe4_cpll_cal_inst/reset_synchronizer_resetin_tx_inst/rst_in_meta_reg/D'. [/home/agreshil/vivado_projects/i2c-master/x2o-vivado-usplus-control-i2c-master-pl/control/apex_kria/apex_kria.srcs/constrs_1/imports/new/c2c_mgt.xdc:1]
WARNING: [Vivado 12-508] No pins matched 'c2c_mgt/example_wrapper_inst/c2c_gth_7p8125g_inst/inst/gen_gtwizard_gthe4_top.c2c_gth_7p8125g_gtwizard_gthe4_inst/gen_gtwizard_gthe4.gen_cpll_cal_gthe4.gen_cpll_cal_inst[1].gen_inst_cpll_cal.gtwizard_ultrascale_v1_7_13_gthe4_cpll_cal_inst/gtwizard_ultrascale_v1_7_13_gthe4_cpll_cal_tx_i/U_TXOUTCLK_FREQ_COUNTER/reset_synchronizer_testclk_rst_inst/rst_in_meta_reg/D'. [/home/agreshil/vivado_projects/i2c-master/x2o-vivado-usplus-control-i2c-master-pl/control/apex_kria/apex_kria.srcs/constrs_1/imports/new/c2c_mgt.xdc:1]
WARNING: [Vivado 12-508] No pins matched 'c2c_mgt/example_wrapper_inst/c2c_gth_7p8125g_inst/inst/gen_gtwizard_gthe4_top.c2c_gth_7p8125g_gtwizard_gthe4_inst/gen_gtwizard_gthe4.gen_cpll_cal_gthe4.gen_cpll_cal_inst[1].gen_inst_cpll_cal.gtwizard_ultrascale_v1_7_13_gthe4_cpll_cal_inst/reset_synchronizer_resetin_rx_inst/rst_in_meta_reg/D'. [/home/agreshil/vivado_projects/i2c-master/x2o-vivado-usplus-control-i2c-master-pl/control/apex_kria/apex_kria.srcs/constrs_1/imports/new/c2c_mgt.xdc:1]
WARNING: [Vivado 12-508] No pins matched 'c2c_mgt/example_wrapper_inst/c2c_gth_7p8125g_inst/inst/gen_gtwizard_gthe4_top.c2c_gth_7p8125g_gtwizard_gthe4_inst/gen_gtwizard_gthe4.gen_cpll_cal_gthe4.gen_cpll_cal_inst[1].gen_inst_cpll_cal.gtwizard_ultrascale_v1_7_13_gthe4_cpll_cal_inst/reset_synchronizer_resetin_tx_inst/rst_in_meta_reg/D'. [/home/agreshil/vivado_projects/i2c-master/x2o-vivado-usplus-control-i2c-master-pl/control/apex_kria/apex_kria.srcs/constrs_1/imports/new/c2c_mgt.xdc:1]
WARNING: [Vivado 12-508] No pins matched 'c2c_mgt/example_wrapper_inst/c2c_gth_7p8125g_inst/inst/gen_gtwizard_gthe4_top.c2c_gth_7p8125g_gtwizard_gthe4_inst/gen_gtwizard_gthe4.gen_reset_controller_internal.gen_single_instance.gtwiz_reset_inst/reset_synchronizer_gtwiz_reset_all_inst/rst_in_meta_reg/D'. [/home/agreshil/vivado_projects/i2c-master/x2o-vivado-usplus-control-i2c-master-pl/control/apex_kria/apex_kria.srcs/constrs_1/imports/new/c2c_mgt.xdc:1]
WARNING: [Vivado 12-508] No pins matched 'c2c_mgt/example_wrapper_inst/c2c_gth_7p8125g_inst/inst/gen_gtwizard_gthe4_top.c2c_gth_7p8125g_gtwizard_gthe4_inst/gen_gtwizard_gthe4.gen_reset_controller_internal.gen_single_instance.gtwiz_reset_inst/reset_synchronizer_gtwiz_reset_rx_any_inst/rst_in_meta_reg/D'. [/home/agreshil/vivado_projects/i2c-master/x2o-vivado-usplus-control-i2c-master-pl/control/apex_kria/apex_kria.srcs/constrs_1/imports/new/c2c_mgt.xdc:1]
WARNING: [Vivado 12-508] No pins matched 'c2c_mgt/example_wrapper_inst/c2c_gth_7p8125g_inst/inst/gen_gtwizard_gthe4_top.c2c_gth_7p8125g_gtwizard_gthe4_inst/gen_gtwizard_gthe4.gen_reset_controller_internal.gen_single_instance.gtwiz_reset_inst/reset_synchronizer_gtwiz_reset_rx_datapath_inst/rst_in_meta_reg/D'. [/home/agreshil/vivado_projects/i2c-master/x2o-vivado-usplus-control-i2c-master-pl/control/apex_kria/apex_kria.srcs/constrs_1/imports/new/c2c_mgt.xdc:1]
WARNING: [Vivado 12-508] No pins matched 'c2c_mgt/example_wrapper_inst/c2c_gth_7p8125g_inst/inst/gen_gtwizard_gthe4_top.c2c_gth_7p8125g_gtwizard_gthe4_inst/gen_gtwizard_gthe4.gen_reset_controller_internal.gen_single_instance.gtwiz_reset_inst/reset_synchronizer_gtwiz_reset_rx_pll_and_datapath_inst/rst_in_meta_reg/D'. [/home/agreshil/vivado_projects/i2c-master/x2o-vivado-usplus-control-i2c-master-pl/control/apex_kria/apex_kria.srcs/constrs_1/imports/new/c2c_mgt.xdc:1]
WARNING: [Vivado 12-508] No pins matched 'c2c_mgt/example_wrapper_inst/c2c_gth_7p8125g_inst/inst/gen_gtwizard_gthe4_top.c2c_gth_7p8125g_gtwizard_gthe4_inst/gen_gtwizard_gthe4.gen_reset_controller_internal.gen_single_instance.gtwiz_reset_inst/reset_synchronizer_gtwiz_reset_tx_any_inst/rst_in_meta_reg/D'. [/home/agreshil/vivado_projects/i2c-master/x2o-vivado-usplus-control-i2c-master-pl/control/apex_kria/apex_kria.srcs/constrs_1/imports/new/c2c_mgt.xdc:1]
WARNING: [Vivado 12-508] No pins matched 'c2c_mgt/example_wrapper_inst/c2c_gth_7p8125g_inst/inst/gen_gtwizard_gthe4_top.c2c_gth_7p8125g_gtwizard_gthe4_inst/gen_gtwizard_gthe4.gen_reset_controller_internal.gen_single_instance.gtwiz_reset_inst/reset_synchronizer_gtwiz_reset_tx_datapath_inst/rst_in_meta_reg/D'. [/home/agreshil/vivado_projects/i2c-master/x2o-vivado-usplus-control-i2c-master-pl/control/apex_kria/apex_kria.srcs/constrs_1/imports/new/c2c_mgt.xdc:1]
WARNING: [Vivado 12-508] No pins matched 'c2c_mgt/example_wrapper_inst/c2c_gth_7p8125g_inst/inst/gen_gtwizard_gthe4_top.c2c_gth_7p8125g_gtwizard_gthe4_inst/gen_gtwizard_gthe4.gen_reset_controller_internal.gen_single_instance.gtwiz_reset_inst/reset_synchronizer_gtwiz_reset_tx_pll_and_datapath_inst/rst_in_meta_reg/D'. [/home/agreshil/vivado_projects/i2c-master/x2o-vivado-usplus-control-i2c-master-pl/control/apex_kria/apex_kria.srcs/constrs_1/imports/new/c2c_mgt.xdc:1]
WARNING: [Vivado 12-508] No pins matched 'c2c_mgt/example_wrapper_inst/c2c_gth_7p8125g_inst/inst/gen_gtwizard_gthe4_top.c2c_gth_7p8125g_gtwizard_gthe4_inst/gen_gtwizard_gthe4.gen_reset_controller_internal.gen_single_instance.gtwiz_reset_inst/reset_synchronizer_rx_done_inst/rst_in_meta_reg/D'. [/home/agreshil/vivado_projects/i2c-master/x2o-vivado-usplus-control-i2c-master-pl/control/apex_kria/apex_kria.srcs/constrs_1/imports/new/c2c_mgt.xdc:1]
WARNING: [Vivado 12-508] No pins matched 'c2c_mgt/example_wrapper_inst/c2c_gth_7p8125g_inst/inst/gen_gtwizard_gthe4_top.c2c_gth_7p8125g_gtwizard_gthe4_inst/gen_gtwizard_gthe4.gen_reset_controller_internal.gen_single_instance.gtwiz_reset_inst/reset_synchronizer_tx_done_inst/rst_in_meta_reg/D'. [/home/agreshil/vivado_projects/i2c-master/x2o-vivado-usplus-control-i2c-master-pl/control/apex_kria/apex_kria.srcs/constrs_1/imports/new/c2c_mgt.xdc:1]
WARNING: [Vivado 12-508] No pins matched 'c2c_mgt/example_wrapper_inst/c2c_gth_7p8125g_inst/inst/gen_gtwizard_gthe4_top.c2c_gth_7p8125g_gtwizard_gthe4_inst/gen_gtwizard_gthe4.gen_reset_controller_internal.gen_single_instance.gtwiz_reset_inst/reset_synchronizer_txprogdivreset_inst/rst_in_meta_reg/D'. [/home/agreshil/vivado_projects/i2c-master/x2o-vivado-usplus-control-i2c-master-pl/control/apex_kria/apex_kria.srcs/constrs_1/imports/new/c2c_mgt.xdc:1]
WARNING: [Vivado 12-508] No pins matched 'bdw/design_1_i/XG_0/xxv_ethernet_0/inst/i_XG_inst_0_xxv_ethernet_0_0_gt/inst/gen_gtwizard_gthe4_top.XG_inst_0_xxv_ethernet_0_0_gt_gtwizard_gthe4_inst/gen_gtwizard_gthe4.gen_reset_controller_internal.gen_single_instance.gtwiz_reset_inst/reset_synchronizer_gtwiz_reset_all_inst/rst_in_meta_reg/PRE'. [/home/agreshil/vivado_projects/i2c-master/x2o-vivado-usplus-control-i2c-master-pl/control/apex_kria/apex_kria.srcs/constrs_1/imports/new/c2c_mgt.xdc:27]
WARNING: [Vivado 12-508] No pins matched 'bdw/design_1_i/XG_0/xxv_ethernet_0/inst/i_XG_inst_0_xxv_ethernet_0_0_gt/inst/gen_gtwizard_gthe4_top.XG_inst_0_xxv_ethernet_0_0_gt_gtwizard_gthe4_inst/gen_gtwizard_gthe4.gen_reset_controller_internal.gen_single_instance.gtwiz_reset_inst/reset_synchronizer_gtwiz_reset_rx_any_inst/rst_in_meta_reg/PRE'. [/home/agreshil/vivado_projects/i2c-master/x2o-vivado-usplus-control-i2c-master-pl/control/apex_kria/apex_kria.srcs/constrs_1/imports/new/c2c_mgt.xdc:27]
WARNING: [Vivado 12-508] No pins matched 'bdw/design_1_i/XG_0/xxv_ethernet_0/inst/i_XG_inst_0_xxv_ethernet_0_0_gt/inst/gen_gtwizard_gthe4_top.XG_inst_0_xxv_ethernet_0_0_gt_gtwizard_gthe4_inst/gen_gtwizard_gthe4.gen_reset_controller_internal.gen_single_instance.gtwiz_reset_inst/reset_synchronizer_gtwiz_reset_rx_datapath_inst/rst_in_meta_reg/PRE'. [/home/agreshil/vivado_projects/i2c-master/x2o-vivado-usplus-control-i2c-master-pl/control/apex_kria/apex_kria.srcs/constrs_1/imports/new/c2c_mgt.xdc:27]
WARNING: [Vivado 12-508] No pins matched 'bdw/design_1_i/XG_0/xxv_ethernet_0/inst/i_XG_inst_0_xxv_ethernet_0_0_gt/inst/gen_gtwizard_gthe4_top.XG_inst_0_xxv_ethernet_0_0_gt_gtwizard_gthe4_inst/gen_gtwizard_gthe4.gen_reset_controller_internal.gen_single_instance.gtwiz_reset_inst/reset_synchronizer_gtwiz_reset_rx_pll_and_datapath_inst/rst_in_meta_reg/PRE'. [/home/agreshil/vivado_projects/i2c-master/x2o-vivado-usplus-control-i2c-master-pl/control/apex_kria/apex_kria.srcs/constrs_1/imports/new/c2c_mgt.xdc:27]
WARNING: [Vivado 12-508] No pins matched 'bdw/design_1_i/XG_0/xxv_ethernet_0/inst/i_XG_inst_0_xxv_ethernet_0_0_gt/inst/gen_gtwizard_gthe4_top.XG_inst_0_xxv_ethernet_0_0_gt_gtwizard_gthe4_inst/gen_gtwizard_gthe4.gen_reset_controller_internal.gen_single_instance.gtwiz_reset_inst/reset_synchronizer_gtwiz_reset_tx_any_inst/rst_in_meta_reg/PRE'. [/home/agreshil/vivado_projects/i2c-master/x2o-vivado-usplus-control-i2c-master-pl/control/apex_kria/apex_kria.srcs/constrs_1/imports/new/c2c_mgt.xdc:27]
WARNING: [Vivado 12-508] No pins matched 'bdw/design_1_i/XG_0/xxv_ethernet_0/inst/i_XG_inst_0_xxv_ethernet_0_0_gt/inst/gen_gtwizard_gthe4_top.XG_inst_0_xxv_ethernet_0_0_gt_gtwizard_gthe4_inst/gen_gtwizard_gthe4.gen_reset_controller_internal.gen_single_instance.gtwiz_reset_inst/reset_synchronizer_gtwiz_reset_tx_datapath_inst/rst_in_meta_reg/PRE'. [/home/agreshil/vivado_projects/i2c-master/x2o-vivado-usplus-control-i2c-master-pl/control/apex_kria/apex_kria.srcs/constrs_1/imports/new/c2c_mgt.xdc:27]
WARNING: [Vivado 12-508] No pins matched 'bdw/design_1_i/XG_0/xxv_ethernet_0/inst/i_XG_inst_0_xxv_ethernet_0_0_gt/inst/gen_gtwizard_gthe4_top.XG_inst_0_xxv_ethernet_0_0_gt_gtwizard_gthe4_inst/gen_gtwizard_gthe4.gen_reset_controller_internal.gen_single_instance.gtwiz_reset_inst/reset_synchronizer_gtwiz_reset_tx_pll_and_datapath_inst/rst_in_meta_reg/PRE'. [/home/agreshil/vivado_projects/i2c-master/x2o-vivado-usplus-control-i2c-master-pl/control/apex_kria/apex_kria.srcs/constrs_1/imports/new/c2c_mgt.xdc:27]
WARNING: [Vivado 12-508] No pins matched 'bdw/design_1_i/XG_0/xxv_ethernet_0/inst/i_XG_inst_0_xxv_ethernet_0_0_gt/inst/gen_gtwizard_gthe4_top.XG_inst_0_xxv_ethernet_0_0_gt_gtwizard_gthe4_inst/gen_gtwizard_gthe4.gen_reset_controller_internal.gen_single_instance.gtwiz_reset_inst/reset_synchronizer_txprogdivreset_inst/rst_in_meta_reg/PRE'. [/home/agreshil/vivado_projects/i2c-master/x2o-vivado-usplus-control-i2c-master-pl/control/apex_kria/apex_kria.srcs/constrs_1/imports/new/c2c_mgt.xdc:27]
WARNING: [Vivado 12-508] No pins matched 'c2c_mgt/example_wrapper_inst/c2c_gth_7p8125g_inst/inst/gen_gtwizard_gthe4_top.c2c_gth_7p8125g_gtwizard_gthe4_inst/gen_gtwizard_gthe4.gen_cpll_cal_gthe4.gen_cpll_cal_inst[0].gen_inst_cpll_cal.gtwizard_ultrascale_v1_7_13_gthe4_cpll_cal_inst/gtwizard_ultrascale_v1_7_13_gthe4_cpll_cal_tx_i/U_TXOUTCLK_FREQ_COUNTER/reset_synchronizer_testclk_rst_inst/rst_in_meta_reg/PRE'. [/home/agreshil/vivado_projects/i2c-master/x2o-vivado-usplus-control-i2c-master-pl/control/apex_kria/apex_kria.srcs/constrs_1/imports/new/c2c_mgt.xdc:27]
WARNING: [Vivado 12-508] No pins matched 'c2c_mgt/example_wrapper_inst/c2c_gth_7p8125g_inst/inst/gen_gtwizard_gthe4_top.c2c_gth_7p8125g_gtwizard_gthe4_inst/gen_gtwizard_gthe4.gen_cpll_cal_gthe4.gen_cpll_cal_inst[0].gen_inst_cpll_cal.gtwizard_ultrascale_v1_7_13_gthe4_cpll_cal_inst/reset_synchronizer_resetin_rx_inst/rst_in_meta_reg/PRE'. [/home/agreshil/vivado_projects/i2c-master/x2o-vivado-usplus-control-i2c-master-pl/control/apex_kria/apex_kria.srcs/constrs_1/imports/new/c2c_mgt.xdc:27]
WARNING: [Vivado 12-508] No pins matched 'c2c_mgt/example_wrapper_inst/c2c_gth_7p8125g_inst/inst/gen_gtwizard_gthe4_top.c2c_gth_7p8125g_gtwizard_gthe4_inst/gen_gtwizard_gthe4.gen_cpll_cal_gthe4.gen_cpll_cal_inst[0].gen_inst_cpll_cal.gtwizard_ultrascale_v1_7_13_gthe4_cpll_cal_inst/reset_synchronizer_resetin_tx_inst/rst_in_meta_reg/PRE'. [/home/agreshil/vivado_projects/i2c-master/x2o-vivado-usplus-control-i2c-master-pl/control/apex_kria/apex_kria.srcs/constrs_1/imports/new/c2c_mgt.xdc:27]
WARNING: [Vivado 12-508] No pins matched 'c2c_mgt/example_wrapper_inst/c2c_gth_7p8125g_inst/inst/gen_gtwizard_gthe4_top.c2c_gth_7p8125g_gtwizard_gthe4_inst/gen_gtwizard_gthe4.gen_cpll_cal_gthe4.gen_cpll_cal_inst[1].gen_inst_cpll_cal.gtwizard_ultrascale_v1_7_13_gthe4_cpll_cal_inst/gtwizard_ultrascale_v1_7_13_gthe4_cpll_cal_tx_i/U_TXOUTCLK_FREQ_COUNTER/reset_synchronizer_testclk_rst_inst/rst_in_meta_reg/PRE'. [/home/agreshil/vivado_projects/i2c-master/x2o-vivado-usplus-control-i2c-master-pl/control/apex_kria/apex_kria.srcs/constrs_1/imports/new/c2c_mgt.xdc:27]
WARNING: [Vivado 12-508] No pins matched 'c2c_mgt/example_wrapper_inst/c2c_gth_7p8125g_inst/inst/gen_gtwizard_gthe4_top.c2c_gth_7p8125g_gtwizard_gthe4_inst/gen_gtwizard_gthe4.gen_cpll_cal_gthe4.gen_cpll_cal_inst[1].gen_inst_cpll_cal.gtwizard_ultrascale_v1_7_13_gthe4_cpll_cal_inst/reset_synchronizer_resetin_rx_inst/rst_in_meta_reg/PRE'. [/home/agreshil/vivado_projects/i2c-master/x2o-vivado-usplus-control-i2c-master-pl/control/apex_kria/apex_kria.srcs/constrs_1/imports/new/c2c_mgt.xdc:27]
WARNING: [Vivado 12-508] No pins matched 'c2c_mgt/example_wrapper_inst/c2c_gth_7p8125g_inst/inst/gen_gtwizard_gthe4_top.c2c_gth_7p8125g_gtwizard_gthe4_inst/gen_gtwizard_gthe4.gen_cpll_cal_gthe4.gen_cpll_cal_inst[1].gen_inst_cpll_cal.gtwizard_ultrascale_v1_7_13_gthe4_cpll_cal_inst/reset_synchronizer_resetin_tx_inst/rst_in_meta_reg/PRE'. [/home/agreshil/vivado_projects/i2c-master/x2o-vivado-usplus-control-i2c-master-pl/control/apex_kria/apex_kria.srcs/constrs_1/imports/new/c2c_mgt.xdc:27]
WARNING: [Vivado 12-508] No pins matched 'c2c_mgt/example_wrapper_inst/c2c_gth_7p8125g_inst/inst/gen_gtwizard_gthe4_top.c2c_gth_7p8125g_gtwizard_gthe4_inst/gen_gtwizard_gthe4.gen_reset_controller_internal.gen_single_instance.gtwiz_reset_inst/reset_synchronizer_gtwiz_reset_all_inst/rst_in_meta_reg/PRE'. [/home/agreshil/vivado_projects/i2c-master/x2o-vivado-usplus-control-i2c-master-pl/control/apex_kria/apex_kria.srcs/constrs_1/imports/new/c2c_mgt.xdc:27]
WARNING: [Vivado 12-508] No pins matched 'c2c_mgt/example_wrapper_inst/c2c_gth_7p8125g_inst/inst/gen_gtwizard_gthe4_top.c2c_gth_7p8125g_gtwizard_gthe4_inst/gen_gtwizard_gthe4.gen_reset_controller_internal.gen_single_instance.gtwiz_reset_inst/reset_synchronizer_gtwiz_reset_rx_any_inst/rst_in_meta_reg/PRE'. [/home/agreshil/vivado_projects/i2c-master/x2o-vivado-usplus-control-i2c-master-pl/control/apex_kria/apex_kria.srcs/constrs_1/imports/new/c2c_mgt.xdc:27]
WARNING: [Vivado 12-508] No pins matched 'c2c_mgt/example_wrapper_inst/c2c_gth_7p8125g_inst/inst/gen_gtwizard_gthe4_top.c2c_gth_7p8125g_gtwizard_gthe4_inst/gen_gtwizard_gthe4.gen_reset_controller_internal.gen_single_instance.gtwiz_reset_inst/reset_synchronizer_gtwiz_reset_rx_datapath_inst/rst_in_meta_reg/PRE'. [/home/agreshil/vivado_projects/i2c-master/x2o-vivado-usplus-control-i2c-master-pl/control/apex_kria/apex_kria.srcs/constrs_1/imports/new/c2c_mgt.xdc:27]
WARNING: [Vivado 12-508] No pins matched 'c2c_mgt/example_wrapper_inst/c2c_gth_7p8125g_inst/inst/gen_gtwizard_gthe4_top.c2c_gth_7p8125g_gtwizard_gthe4_inst/gen_gtwizard_gthe4.gen_reset_controller_internal.gen_single_instance.gtwiz_reset_inst/reset_synchronizer_gtwiz_reset_rx_pll_and_datapath_inst/rst_in_meta_reg/PRE'. [/home/agreshil/vivado_projects/i2c-master/x2o-vivado-usplus-control-i2c-master-pl/control/apex_kria/apex_kria.srcs/constrs_1/imports/new/c2c_mgt.xdc:27]
WARNING: [Vivado 12-508] No pins matched 'c2c_mgt/example_wrapper_inst/c2c_gth_7p8125g_inst/inst/gen_gtwizard_gthe4_top.c2c_gth_7p8125g_gtwizard_gthe4_inst/gen_gtwizard_gthe4.gen_reset_controller_internal.gen_single_instance.gtwiz_reset_inst/reset_synchronizer_gtwiz_reset_tx_any_inst/rst_in_meta_reg/PRE'. [/home/agreshil/vivado_projects/i2c-master/x2o-vivado-usplus-control-i2c-master-pl/control/apex_kria/apex_kria.srcs/constrs_1/imports/new/c2c_mgt.xdc:27]
WARNING: [Vivado 12-508] No pins matched 'c2c_mgt/example_wrapper_inst/c2c_gth_7p8125g_inst/inst/gen_gtwizard_gthe4_top.c2c_gth_7p8125g_gtwizard_gthe4_inst/gen_gtwizard_gthe4.gen_reset_controller_internal.gen_single_instance.gtwiz_reset_inst/reset_synchronizer_gtwiz_reset_tx_datapath_inst/rst_in_meta_reg/PRE'. [/home/agreshil/vivado_projects/i2c-master/x2o-vivado-usplus-control-i2c-master-pl/control/apex_kria/apex_kria.srcs/constrs_1/imports/new/c2c_mgt.xdc:27]
WARNING: [Vivado 12-508] No pins matched 'c2c_mgt/example_wrapper_inst/c2c_gth_7p8125g_inst/inst/gen_gtwizard_gthe4_top.c2c_gth_7p8125g_gtwizard_gthe4_inst/gen_gtwizard_gthe4.gen_reset_controller_internal.gen_single_instance.gtwiz_reset_inst/reset_synchronizer_gtwiz_reset_tx_pll_and_datapath_inst/rst_in_meta_reg/PRE'. [/home/agreshil/vivado_projects/i2c-master/x2o-vivado-usplus-control-i2c-master-pl/control/apex_kria/apex_kria.srcs/constrs_1/imports/new/c2c_mgt.xdc:27]
WARNING: [Vivado 12-508] No pins matched 'c2c_mgt/example_wrapper_inst/c2c_gth_7p8125g_inst/inst/gen_gtwizard_gthe4_top.c2c_gth_7p8125g_gtwizard_gthe4_inst/gen_gtwizard_gthe4.gen_reset_controller_internal.gen_single_instance.gtwiz_reset_inst/reset_synchronizer_txprogdivreset_inst/rst_in_meta_reg/PRE'. [/home/agreshil/vivado_projects/i2c-master/x2o-vivado-usplus-control-i2c-master-pl/control/apex_kria/apex_kria.srcs/constrs_1/imports/new/c2c_mgt.xdc:27]
WARNING: [Vivado 12-508] No pins matched 'bdw/design_1_i/XG_0/xxv_ethernet_0/inst/i_XG_inst_0_xxv_ethernet_0_0_gt/inst/gen_gtwizard_gthe4_top.XG_inst_0_xxv_ethernet_0_0_gt_gtwizard_gthe4_inst/gen_gtwizard_gthe4.gen_reset_controller_internal.gen_single_instance.gtwiz_reset_inst/reset_synchronizer_gtwiz_reset_all_inst/rst_in_sync1_reg/PRE'. [/home/agreshil/vivado_projects/i2c-master/x2o-vivado-usplus-control-i2c-master-pl/control/apex_kria/apex_kria.srcs/constrs_1/imports/new/c2c_mgt.xdc:49]
WARNING: [Vivado 12-508] No pins matched 'bdw/design_1_i/XG_0/xxv_ethernet_0/inst/i_XG_inst_0_xxv_ethernet_0_0_gt/inst/gen_gtwizard_gthe4_top.XG_inst_0_xxv_ethernet_0_0_gt_gtwizard_gthe4_inst/gen_gtwizard_gthe4.gen_reset_controller_internal.gen_single_instance.gtwiz_reset_inst/reset_synchronizer_gtwiz_reset_rx_any_inst/rst_in_sync1_reg/PRE'. [/home/agreshil/vivado_projects/i2c-master/x2o-vivado-usplus-control-i2c-master-pl/control/apex_kria/apex_kria.srcs/constrs_1/imports/new/c2c_mgt.xdc:49]
WARNING: [Vivado 12-508] No pins matched 'bdw/design_1_i/XG_0/xxv_ethernet_0/inst/i_XG_inst_0_xxv_ethernet_0_0_gt/inst/gen_gtwizard_gthe4_top.XG_inst_0_xxv_ethernet_0_0_gt_gtwizard_gthe4_inst/gen_gtwizard_gthe4.gen_reset_controller_internal.gen_single_instance.gtwiz_reset_inst/reset_synchronizer_gtwiz_reset_rx_datapath_inst/rst_in_sync1_reg/PRE'. [/home/agreshil/vivado_projects/i2c-master/x2o-vivado-usplus-control-i2c-master-pl/control/apex_kria/apex_kria.srcs/constrs_1/imports/new/c2c_mgt.xdc:49]
WARNING: [Vivado 12-508] No pins matched 'bdw/design_1_i/XG_0/xxv_ethernet_0/inst/i_XG_inst_0_xxv_ethernet_0_0_gt/inst/gen_gtwizard_gthe4_top.XG_inst_0_xxv_ethernet_0_0_gt_gtwizard_gthe4_inst/gen_gtwizard_gthe4.gen_reset_controller_internal.gen_single_instance.gtwiz_reset_inst/reset_synchronizer_gtwiz_reset_rx_pll_and_datapath_inst/rst_in_sync1_reg/PRE'. [/home/agreshil/vivado_projects/i2c-master/x2o-vivado-usplus-control-i2c-master-pl/control/apex_kria/apex_kria.srcs/constrs_1/imports/new/c2c_mgt.xdc:49]
WARNING: [Vivado 12-508] No pins matched 'bdw/design_1_i/XG_0/xxv_ethernet_0/inst/i_XG_inst_0_xxv_ethernet_0_0_gt/inst/gen_gtwizard_gthe4_top.XG_inst_0_xxv_ethernet_0_0_gt_gtwizard_gthe4_inst/gen_gtwizard_gthe4.gen_reset_controller_internal.gen_single_instance.gtwiz_reset_inst/reset_synchronizer_gtwiz_reset_tx_any_inst/rst_in_sync1_reg/PRE'. [/home/agreshil/vivado_projects/i2c-master/x2o-vivado-usplus-control-i2c-master-pl/control/apex_kria/apex_kria.srcs/constrs_1/imports/new/c2c_mgt.xdc:49]
WARNING: [Vivado 12-508] No pins matched 'bdw/design_1_i/XG_0/xxv_ethernet_0/inst/i_XG_inst_0_xxv_ethernet_0_0_gt/inst/gen_gtwizard_gthe4_top.XG_inst_0_xxv_ethernet_0_0_gt_gtwizard_gthe4_inst/gen_gtwizard_gthe4.gen_reset_controller_internal.gen_single_instance.gtwiz_reset_inst/reset_synchronizer_gtwiz_reset_tx_datapath_inst/rst_in_sync1_reg/PRE'. [/home/agreshil/vivado_projects/i2c-master/x2o-vivado-usplus-control-i2c-master-pl/control/apex_kria/apex_kria.srcs/constrs_1/imports/new/c2c_mgt.xdc:49]
WARNING: [Vivado 12-508] No pins matched 'bdw/design_1_i/XG_0/xxv_ethernet_0/inst/i_XG_inst_0_xxv_ethernet_0_0_gt/inst/gen_gtwizard_gthe4_top.XG_inst_0_xxv_ethernet_0_0_gt_gtwizard_gthe4_inst/gen_gtwizard_gthe4.gen_reset_controller_internal.gen_single_instance.gtwiz_reset_inst/reset_synchronizer_gtwiz_reset_tx_pll_and_datapath_inst/rst_in_sync1_reg/PRE'. [/home/agreshil/vivado_projects/i2c-master/x2o-vivado-usplus-control-i2c-master-pl/control/apex_kria/apex_kria.srcs/constrs_1/imports/new/c2c_mgt.xdc:49]
WARNING: [Vivado 12-508] No pins matched 'bdw/design_1_i/XG_0/xxv_ethernet_0/inst/i_XG_inst_0_xxv_ethernet_0_0_gt/inst/gen_gtwizard_gthe4_top.XG_inst_0_xxv_ethernet_0_0_gt_gtwizard_gthe4_inst/gen_gtwizard_gthe4.gen_reset_controller_internal.gen_single_instance.gtwiz_reset_inst/reset_synchronizer_txprogdivreset_inst/rst_in_sync1_reg/PRE'. [/home/agreshil/vivado_projects/i2c-master/x2o-vivado-usplus-control-i2c-master-pl/control/apex_kria/apex_kria.srcs/constrs_1/imports/new/c2c_mgt.xdc:49]
WARNING: [Vivado 12-508] No pins matched 'c2c_mgt/example_wrapper_inst/c2c_gth_7p8125g_inst/inst/gen_gtwizard_gthe4_top.c2c_gth_7p8125g_gtwizard_gthe4_inst/gen_gtwizard_gthe4.gen_cpll_cal_gthe4.gen_cpll_cal_inst[0].gen_inst_cpll_cal.gtwizard_ultrascale_v1_7_13_gthe4_cpll_cal_inst/gtwizard_ultrascale_v1_7_13_gthe4_cpll_cal_tx_i/U_TXOUTCLK_FREQ_COUNTER/reset_synchronizer_testclk_rst_inst/rst_in_sync1_reg/PRE'. [/home/agreshil/vivado_projects/i2c-master/x2o-vivado-usplus-control-i2c-master-pl/control/apex_kria/apex_kria.srcs/constrs_1/imports/new/c2c_mgt.xdc:49]
WARNING: [Vivado 12-508] No pins matched 'c2c_mgt/example_wrapper_inst/c2c_gth_7p8125g_inst/inst/gen_gtwizard_gthe4_top.c2c_gth_7p8125g_gtwizard_gthe4_inst/gen_gtwizard_gthe4.gen_cpll_cal_gthe4.gen_cpll_cal_inst[0].gen_inst_cpll_cal.gtwizard_ultrascale_v1_7_13_gthe4_cpll_cal_inst/reset_synchronizer_resetin_rx_inst/rst_in_sync1_reg/PRE'. [/home/agreshil/vivado_projects/i2c-master/x2o-vivado-usplus-control-i2c-master-pl/control/apex_kria/apex_kria.srcs/constrs_1/imports/new/c2c_mgt.xdc:49]
WARNING: [Vivado 12-508] No pins matched 'c2c_mgt/example_wrapper_inst/c2c_gth_7p8125g_inst/inst/gen_gtwizard_gthe4_top.c2c_gth_7p8125g_gtwizard_gthe4_inst/gen_gtwizard_gthe4.gen_cpll_cal_gthe4.gen_cpll_cal_inst[0].gen_inst_cpll_cal.gtwizard_ultrascale_v1_7_13_gthe4_cpll_cal_inst/reset_synchronizer_resetin_tx_inst/rst_in_sync1_reg/PRE'. [/home/agreshil/vivado_projects/i2c-master/x2o-vivado-usplus-control-i2c-master-pl/control/apex_kria/apex_kria.srcs/constrs_1/imports/new/c2c_mgt.xdc:49]
WARNING: [Vivado 12-508] No pins matched 'c2c_mgt/example_wrapper_inst/c2c_gth_7p8125g_inst/inst/gen_gtwizard_gthe4_top.c2c_gth_7p8125g_gtwizard_gthe4_inst/gen_gtwizard_gthe4.gen_cpll_cal_gthe4.gen_cpll_cal_inst[1].gen_inst_cpll_cal.gtwizard_ultrascale_v1_7_13_gthe4_cpll_cal_inst/gtwizard_ultrascale_v1_7_13_gthe4_cpll_cal_tx_i/U_TXOUTCLK_FREQ_COUNTER/reset_synchronizer_testclk_rst_inst/rst_in_sync1_reg/PRE'. [/home/agreshil/vivado_projects/i2c-master/x2o-vivado-usplus-control-i2c-master-pl/control/apex_kria/apex_kria.srcs/constrs_1/imports/new/c2c_mgt.xdc:49]
WARNING: [Vivado 12-508] No pins matched 'c2c_mgt/example_wrapper_inst/c2c_gth_7p8125g_inst/inst/gen_gtwizard_gthe4_top.c2c_gth_7p8125g_gtwizard_gthe4_inst/gen_gtwizard_gthe4.gen_cpll_cal_gthe4.gen_cpll_cal_inst[1].gen_inst_cpll_cal.gtwizard_ultrascale_v1_7_13_gthe4_cpll_cal_inst/reset_synchronizer_resetin_rx_inst/rst_in_sync1_reg/PRE'. [/home/agreshil/vivado_projects/i2c-master/x2o-vivado-usplus-control-i2c-master-pl/control/apex_kria/apex_kria.srcs/constrs_1/imports/new/c2c_mgt.xdc:49]
WARNING: [Vivado 12-508] No pins matched 'c2c_mgt/example_wrapper_inst/c2c_gth_7p8125g_inst/inst/gen_gtwizard_gthe4_top.c2c_gth_7p8125g_gtwizard_gthe4_inst/gen_gtwizard_gthe4.gen_cpll_cal_gthe4.gen_cpll_cal_inst[1].gen_inst_cpll_cal.gtwizard_ultrascale_v1_7_13_gthe4_cpll_cal_inst/reset_synchronizer_resetin_tx_inst/rst_in_sync1_reg/PRE'. [/home/agreshil/vivado_projects/i2c-master/x2o-vivado-usplus-control-i2c-master-pl/control/apex_kria/apex_kria.srcs/constrs_1/imports/new/c2c_mgt.xdc:49]
WARNING: [Vivado 12-508] No pins matched 'c2c_mgt/example_wrapper_inst/c2c_gth_7p8125g_inst/inst/gen_gtwizard_gthe4_top.c2c_gth_7p8125g_gtwizard_gthe4_inst/gen_gtwizard_gthe4.gen_reset_controller_internal.gen_single_instance.gtwiz_reset_inst/reset_synchronizer_gtwiz_reset_all_inst/rst_in_sync1_reg/PRE'. [/home/agreshil/vivado_projects/i2c-master/x2o-vivado-usplus-control-i2c-master-pl/control/apex_kria/apex_kria.srcs/constrs_1/imports/new/c2c_mgt.xdc:49]
WARNING: [Vivado 12-508] No pins matched 'c2c_mgt/example_wrapper_inst/c2c_gth_7p8125g_inst/inst/gen_gtwizard_gthe4_top.c2c_gth_7p8125g_gtwizard_gthe4_inst/gen_gtwizard_gthe4.gen_reset_controller_internal.gen_single_instance.gtwiz_reset_inst/reset_synchronizer_gtwiz_reset_rx_any_inst/rst_in_sync1_reg/PRE'. [/home/agreshil/vivado_projects/i2c-master/x2o-vivado-usplus-control-i2c-master-pl/control/apex_kria/apex_kria.srcs/constrs_1/imports/new/c2c_mgt.xdc:49]
WARNING: [Vivado 12-508] No pins matched 'c2c_mgt/example_wrapper_inst/c2c_gth_7p8125g_inst/inst/gen_gtwizard_gthe4_top.c2c_gth_7p8125g_gtwizard_gthe4_inst/gen_gtwizard_gthe4.gen_reset_controller_internal.gen_single_instance.gtwiz_reset_inst/reset_synchronizer_gtwiz_reset_rx_datapath_inst/rst_in_sync1_reg/PRE'. [/home/agreshil/vivado_projects/i2c-master/x2o-vivado-usplus-control-i2c-master-pl/control/apex_kria/apex_kria.srcs/constrs_1/imports/new/c2c_mgt.xdc:49]
WARNING: [Vivado 12-508] No pins matched 'c2c_mgt/example_wrapper_inst/c2c_gth_7p8125g_inst/inst/gen_gtwizard_gthe4_top.c2c_gth_7p8125g_gtwizard_gthe4_inst/gen_gtwizard_gthe4.gen_reset_controller_internal.gen_single_instance.gtwiz_reset_inst/reset_synchronizer_gtwiz_reset_rx_pll_and_datapath_inst/rst_in_sync1_reg/PRE'. [/home/agreshil/vivado_projects/i2c-master/x2o-vivado-usplus-control-i2c-master-pl/control/apex_kria/apex_kria.srcs/constrs_1/imports/new/c2c_mgt.xdc:49]
WARNING: [Vivado 12-508] No pins matched 'c2c_mgt/example_wrapper_inst/c2c_gth_7p8125g_inst/inst/gen_gtwizard_gthe4_top.c2c_gth_7p8125g_gtwizard_gthe4_inst/gen_gtwizard_gthe4.gen_reset_controller_internal.gen_single_instance.gtwiz_reset_inst/reset_synchronizer_gtwiz_reset_tx_any_inst/rst_in_sync1_reg/PRE'. [/home/agreshil/vivado_projects/i2c-master/x2o-vivado-usplus-control-i2c-master-pl/control/apex_kria/apex_kria.srcs/constrs_1/imports/new/c2c_mgt.xdc:49]
WARNING: [Vivado 12-508] No pins matched 'c2c_mgt/example_wrapper_inst/c2c_gth_7p8125g_inst/inst/gen_gtwizard_gthe4_top.c2c_gth_7p8125g_gtwizard_gthe4_inst/gen_gtwizard_gthe4.gen_reset_controller_internal.gen_single_instance.gtwiz_reset_inst/reset_synchronizer_gtwiz_reset_tx_datapath_inst/rst_in_sync1_reg/PRE'. [/home/agreshil/vivado_projects/i2c-master/x2o-vivado-usplus-control-i2c-master-pl/control/apex_kria/apex_kria.srcs/constrs_1/imports/new/c2c_mgt.xdc:49]
WARNING: [Vivado 12-508] No pins matched 'c2c_mgt/example_wrapper_inst/c2c_gth_7p8125g_inst/inst/gen_gtwizard_gthe4_top.c2c_gth_7p8125g_gtwizard_gthe4_inst/gen_gtwizard_gthe4.gen_reset_controller_internal.gen_single_instance.gtwiz_reset_inst/reset_synchronizer_gtwiz_reset_tx_pll_and_datapath_inst/rst_in_sync1_reg/PRE'. [/home/agreshil/vivado_projects/i2c-master/x2o-vivado-usplus-control-i2c-master-pl/control/apex_kria/apex_kria.srcs/constrs_1/imports/new/c2c_mgt.xdc:49]
WARNING: [Vivado 12-508] No pins matched 'c2c_mgt/example_wrapper_inst/c2c_gth_7p8125g_inst/inst/gen_gtwizard_gthe4_top.c2c_gth_7p8125g_gtwizard_gthe4_inst/gen_gtwizard_gthe4.gen_reset_controller_internal.gen_single_instance.gtwiz_reset_inst/reset_synchronizer_txprogdivreset_inst/rst_in_sync1_reg/PRE'. [/home/agreshil/vivado_projects/i2c-master/x2o-vivado-usplus-control-i2c-master-pl/control/apex_kria/apex_kria.srcs/constrs_1/imports/new/c2c_mgt.xdc:49]
WARNING: [Vivado 12-508] No pins matched 'bdw/design_1_i/XG_0/xxv_ethernet_0/inst/i_XG_inst_0_xxv_ethernet_0_0_gt/inst/gen_gtwizard_gthe4_top.XG_inst_0_xxv_ethernet_0_0_gt_gtwizard_gthe4_inst/gen_gtwizard_gthe4.gen_reset_controller_internal.gen_single_instance.gtwiz_reset_inst/reset_synchronizer_gtwiz_reset_all_inst/rst_in_sync2_reg/PRE'. [/home/agreshil/vivado_projects/i2c-master/x2o-vivado-usplus-control-i2c-master-pl/control/apex_kria/apex_kria.srcs/constrs_1/imports/new/c2c_mgt.xdc:71]
WARNING: [Vivado 12-508] No pins matched 'bdw/design_1_i/XG_0/xxv_ethernet_0/inst/i_XG_inst_0_xxv_ethernet_0_0_gt/inst/gen_gtwizard_gthe4_top.XG_inst_0_xxv_ethernet_0_0_gt_gtwizard_gthe4_inst/gen_gtwizard_gthe4.gen_reset_controller_internal.gen_single_instance.gtwiz_reset_inst/reset_synchronizer_gtwiz_reset_rx_any_inst/rst_in_sync2_reg/PRE'. [/home/agreshil/vivado_projects/i2c-master/x2o-vivado-usplus-control-i2c-master-pl/control/apex_kria/apex_kria.srcs/constrs_1/imports/new/c2c_mgt.xdc:71]
WARNING: [Vivado 12-508] No pins matched 'bdw/design_1_i/XG_0/xxv_ethernet_0/inst/i_XG_inst_0_xxv_ethernet_0_0_gt/inst/gen_gtwizard_gthe4_top.XG_inst_0_xxv_ethernet_0_0_gt_gtwizard_gthe4_inst/gen_gtwizard_gthe4.gen_reset_controller_internal.gen_single_instance.gtwiz_reset_inst/reset_synchronizer_gtwiz_reset_rx_datapath_inst/rst_in_sync2_reg/PRE'. [/home/agreshil/vivado_projects/i2c-master/x2o-vivado-usplus-control-i2c-master-pl/control/apex_kria/apex_kria.srcs/constrs_1/imports/new/c2c_mgt.xdc:71]
WARNING: [Vivado 12-508] No pins matched 'bdw/design_1_i/XG_0/xxv_ethernet_0/inst/i_XG_inst_0_xxv_ethernet_0_0_gt/inst/gen_gtwizard_gthe4_top.XG_inst_0_xxv_ethernet_0_0_gt_gtwizard_gthe4_inst/gen_gtwizard_gthe4.gen_reset_controller_internal.gen_single_instance.gtwiz_reset_inst/reset_synchronizer_gtwiz_reset_rx_pll_and_datapath_inst/rst_in_sync2_reg/PRE'. [/home/agreshil/vivado_projects/i2c-master/x2o-vivado-usplus-control-i2c-master-pl/control/apex_kria/apex_kria.srcs/constrs_1/imports/new/c2c_mgt.xdc:71]
WARNING: [Vivado 12-508] No pins matched 'bdw/design_1_i/XG_0/xxv_ethernet_0/inst/i_XG_inst_0_xxv_ethernet_0_0_gt/inst/gen_gtwizard_gthe4_top.XG_inst_0_xxv_ethernet_0_0_gt_gtwizard_gthe4_inst/gen_gtwizard_gthe4.gen_reset_controller_internal.gen_single_instance.gtwiz_reset_inst/reset_synchronizer_gtwiz_reset_tx_any_inst/rst_in_sync2_reg/PRE'. [/home/agreshil/vivado_projects/i2c-master/x2o-vivado-usplus-control-i2c-master-pl/control/apex_kria/apex_kria.srcs/constrs_1/imports/new/c2c_mgt.xdc:71]
WARNING: [Vivado 12-508] No pins matched 'bdw/design_1_i/XG_0/xxv_ethernet_0/inst/i_XG_inst_0_xxv_ethernet_0_0_gt/inst/gen_gtwizard_gthe4_top.XG_inst_0_xxv_ethernet_0_0_gt_gtwizard_gthe4_inst/gen_gtwizard_gthe4.gen_reset_controller_internal.gen_single_instance.gtwiz_reset_inst/reset_synchronizer_gtwiz_reset_tx_datapath_inst/rst_in_sync2_reg/PRE'. [/home/agreshil/vivado_projects/i2c-master/x2o-vivado-usplus-control-i2c-master-pl/control/apex_kria/apex_kria.srcs/constrs_1/imports/new/c2c_mgt.xdc:71]
WARNING: [Vivado 12-508] No pins matched 'bdw/design_1_i/XG_0/xxv_ethernet_0/inst/i_XG_inst_0_xxv_ethernet_0_0_gt/inst/gen_gtwizard_gthe4_top.XG_inst_0_xxv_ethernet_0_0_gt_gtwizard_gthe4_inst/gen_gtwizard_gthe4.gen_reset_controller_internal.gen_single_instance.gtwiz_reset_inst/reset_synchronizer_gtwiz_reset_tx_pll_and_datapath_inst/rst_in_sync2_reg/PRE'. [/home/agreshil/vivado_projects/i2c-master/x2o-vivado-usplus-control-i2c-master-pl/control/apex_kria/apex_kria.srcs/constrs_1/imports/new/c2c_mgt.xdc:71]
WARNING: [Vivado 12-508] No pins matched 'bdw/design_1_i/XG_0/xxv_ethernet_0/inst/i_XG_inst_0_xxv_ethernet_0_0_gt/inst/gen_gtwizard_gthe4_top.XG_inst_0_xxv_ethernet_0_0_gt_gtwizard_gthe4_inst/gen_gtwizard_gthe4.gen_reset_controller_internal.gen_single_instance.gtwiz_reset_inst/reset_synchronizer_txprogdivreset_inst/rst_in_sync2_reg/PRE'. [/home/agreshil/vivado_projects/i2c-master/x2o-vivado-usplus-control-i2c-master-pl/control/apex_kria/apex_kria.srcs/constrs_1/imports/new/c2c_mgt.xdc:71]
WARNING: [Vivado 12-508] No pins matched 'c2c_mgt/example_wrapper_inst/c2c_gth_7p8125g_inst/inst/gen_gtwizard_gthe4_top.c2c_gth_7p8125g_gtwizard_gthe4_inst/gen_gtwizard_gthe4.gen_cpll_cal_gthe4.gen_cpll_cal_inst[0].gen_inst_cpll_cal.gtwizard_ultrascale_v1_7_13_gthe4_cpll_cal_inst/gtwizard_ultrascale_v1_7_13_gthe4_cpll_cal_tx_i/U_TXOUTCLK_FREQ_COUNTER/reset_synchronizer_testclk_rst_inst/rst_in_sync2_reg/PRE'. [/home/agreshil/vivado_projects/i2c-master/x2o-vivado-usplus-control-i2c-master-pl/control/apex_kria/apex_kria.srcs/constrs_1/imports/new/c2c_mgt.xdc:71]
WARNING: [Vivado 12-508] No pins matched 'c2c_mgt/example_wrapper_inst/c2c_gth_7p8125g_inst/inst/gen_gtwizard_gthe4_top.c2c_gth_7p8125g_gtwizard_gthe4_inst/gen_gtwizard_gthe4.gen_cpll_cal_gthe4.gen_cpll_cal_inst[0].gen_inst_cpll_cal.gtwizard_ultrascale_v1_7_13_gthe4_cpll_cal_inst/reset_synchronizer_resetin_rx_inst/rst_in_sync2_reg/PRE'. [/home/agreshil/vivado_projects/i2c-master/x2o-vivado-usplus-control-i2c-master-pl/control/apex_kria/apex_kria.srcs/constrs_1/imports/new/c2c_mgt.xdc:71]
WARNING: [Vivado 12-508] No pins matched 'c2c_mgt/example_wrapper_inst/c2c_gth_7p8125g_inst/inst/gen_gtwizard_gthe4_top.c2c_gth_7p8125g_gtwizard_gthe4_inst/gen_gtwizard_gthe4.gen_cpll_cal_gthe4.gen_cpll_cal_inst[0].gen_inst_cpll_cal.gtwizard_ultrascale_v1_7_13_gthe4_cpll_cal_inst/reset_synchronizer_resetin_tx_inst/rst_in_sync2_reg/PRE'. [/home/agreshil/vivado_projects/i2c-master/x2o-vivado-usplus-control-i2c-master-pl/control/apex_kria/apex_kria.srcs/constrs_1/imports/new/c2c_mgt.xdc:71]
WARNING: [Vivado 12-508] No pins matched 'c2c_mgt/example_wrapper_inst/c2c_gth_7p8125g_inst/inst/gen_gtwizard_gthe4_top.c2c_gth_7p8125g_gtwizard_gthe4_inst/gen_gtwizard_gthe4.gen_cpll_cal_gthe4.gen_cpll_cal_inst[1].gen_inst_cpll_cal.gtwizard_ultrascale_v1_7_13_gthe4_cpll_cal_inst/gtwizard_ultrascale_v1_7_13_gthe4_cpll_cal_tx_i/U_TXOUTCLK_FREQ_COUNTER/reset_synchronizer_testclk_rst_inst/rst_in_sync2_reg/PRE'. [/home/agreshil/vivado_projects/i2c-master/x2o-vivado-usplus-control-i2c-master-pl/control/apex_kria/apex_kria.srcs/constrs_1/imports/new/c2c_mgt.xdc:71]
WARNING: [Vivado 12-508] No pins matched 'c2c_mgt/example_wrapper_inst/c2c_gth_7p8125g_inst/inst/gen_gtwizard_gthe4_top.c2c_gth_7p8125g_gtwizard_gthe4_inst/gen_gtwizard_gthe4.gen_cpll_cal_gthe4.gen_cpll_cal_inst[1].gen_inst_cpll_cal.gtwizard_ultrascale_v1_7_13_gthe4_cpll_cal_inst/reset_synchronizer_resetin_rx_inst/rst_in_sync2_reg/PRE'. [/home/agreshil/vivado_projects/i2c-master/x2o-vivado-usplus-control-i2c-master-pl/control/apex_kria/apex_kria.srcs/constrs_1/imports/new/c2c_mgt.xdc:71]
WARNING: [Vivado 12-508] No pins matched 'c2c_mgt/example_wrapper_inst/c2c_gth_7p8125g_inst/inst/gen_gtwizard_gthe4_top.c2c_gth_7p8125g_gtwizard_gthe4_inst/gen_gtwizard_gthe4.gen_cpll_cal_gthe4.gen_cpll_cal_inst[1].gen_inst_cpll_cal.gtwizard_ultrascale_v1_7_13_gthe4_cpll_cal_inst/reset_synchronizer_resetin_tx_inst/rst_in_sync2_reg/PRE'. [/home/agreshil/vivado_projects/i2c-master/x2o-vivado-usplus-control-i2c-master-pl/control/apex_kria/apex_kria.srcs/constrs_1/imports/new/c2c_mgt.xdc:71]
WARNING: [Vivado 12-508] No pins matched 'c2c_mgt/example_wrapper_inst/c2c_gth_7p8125g_inst/inst/gen_gtwizard_gthe4_top.c2c_gth_7p8125g_gtwizard_gthe4_inst/gen_gtwizard_gthe4.gen_reset_controller_internal.gen_single_instance.gtwiz_reset_inst/reset_synchronizer_gtwiz_reset_all_inst/rst_in_sync2_reg/PRE'. [/home/agreshil/vivado_projects/i2c-master/x2o-vivado-usplus-control-i2c-master-pl/control/apex_kria/apex_kria.srcs/constrs_1/imports/new/c2c_mgt.xdc:71]
WARNING: [Vivado 12-508] No pins matched 'c2c_mgt/example_wrapper_inst/c2c_gth_7p8125g_inst/inst/gen_gtwizard_gthe4_top.c2c_gth_7p8125g_gtwizard_gthe4_inst/gen_gtwizard_gthe4.gen_reset_controller_internal.gen_single_instance.gtwiz_reset_inst/reset_synchronizer_gtwiz_reset_rx_any_inst/rst_in_sync2_reg/PRE'. [/home/agreshil/vivado_projects/i2c-master/x2o-vivado-usplus-control-i2c-master-pl/control/apex_kria/apex_kria.srcs/constrs_1/imports/new/c2c_mgt.xdc:71]
WARNING: [Vivado 12-508] No pins matched 'c2c_mgt/example_wrapper_inst/c2c_gth_7p8125g_inst/inst/gen_gtwizard_gthe4_top.c2c_gth_7p8125g_gtwizard_gthe4_inst/gen_gtwizard_gthe4.gen_reset_controller_internal.gen_single_instance.gtwiz_reset_inst/reset_synchronizer_gtwiz_reset_rx_datapath_inst/rst_in_sync2_reg/PRE'. [/home/agreshil/vivado_projects/i2c-master/x2o-vivado-usplus-control-i2c-master-pl/control/apex_kria/apex_kria.srcs/constrs_1/imports/new/c2c_mgt.xdc:71]
INFO: [Common 17-14] Message 'Vivado 12-508' appears 100 times and further instances of the messages will be disabled. Use the Tcl command set_msg_config to change the current settings. [/home/agreshil/vivado_projects/i2c-master/x2o-vivado-usplus-control-i2c-master-pl/control/apex_kria/apex_kria.srcs/constrs_1/imports/new/c2c_mgt.xdc:71]
CRITICAL WARNING: [Constraints 18-1056] Clock 'gth_refclk0_c2m_p' completely overrides clock 'som240_2_c3'.
New: create_clock -period 6.400 -name gth_refclk0_c2m_p [get_ports som240_2_c3], [/home/agreshil/vivado_projects/i2c-master/x2o-vivado-usplus-control-i2c-master-pl/control/apex_kria/apex_kria.srcs/constrs_1/imports/new/c2c_mgt.xdc:116]
Previous: create_clock -period 6.400 [get_ports som240_2_c3], [/home/agreshil/vivado_projects/i2c-master/x2o-vivado-usplus-control-i2c-master-pl/control/apex_kria/apex_kria.gen/sources_1/bd/design_1/ip/design_1_xxv_ethernet_0_0/synth/design_1_xxv_ethernet_0_0.xdc:65]
Resolution: Review the constraint files and remove the redundant clock definition(s). If the clock constraints are not saved in a file, you can first save the constraints to an XDC file and reload the design once the constraints have been corrected.
WARNING: [Vivado 12-180] No cells matched 'get_cells -hierarchical -filter {NAME =~ *gtwiz_userclk_rx_inst/*gtwiz_userclk_rx_active_*_reg}'. [/home/agreshil/vivado_projects/i2c-master/x2o-vivado-usplus-control-i2c-master-pl/control/apex_kria/apex_kria.srcs/constrs_1/imports/new/c2c_mgt.xdc:131]
CRITICAL WARNING: [Vivado 12-4739] set_false_path:No valid object(s) found for '-to [get_cells -hierarchical -filter {NAME =~ *gtwiz_userclk_rx_inst/*gtwiz_userclk_rx_active_*_reg}]'. [/home/agreshil/vivado_projects/i2c-master/x2o-vivado-usplus-control-i2c-master-pl/control/apex_kria/apex_kria.srcs/constrs_1/imports/new/c2c_mgt.xdc:131]
Resolution: Check if the specified object(s) exists in the current design. If it does, ensure that the correct design hierarchy was specified for the object. If you are working with clocks, make sure create_clock was used to create the clock object before it is referenced.
Finished Parsing XDC File [/home/agreshil/vivado_projects/i2c-master/x2o-vivado-usplus-control-i2c-master-pl/control/apex_kria/apex_kria.srcs/constrs_1/imports/new/c2c_mgt.xdc]
Parsing XDC File [/home/agreshil/vivado_projects/i2c-master/x2o-vivado-usplus-control-i2c-master-pl/control/apex_kria/apex_kria.srcs/constrs_1/imports/new/debug.xdc]
Finished Parsing XDC File [/home/agreshil/vivado_projects/i2c-master/x2o-vivado-usplus-control-i2c-master-pl/control/apex_kria/apex_kria.srcs/constrs_1/imports/new/debug.xdc]
Parsing XDC File [/home/agreshil/vivado_projects/i2c-master/x2o-vivado-usplus-control-i2c-master-pl/control/apex_kria/xdc/async.xdc]
INFO: [Timing 38-35] Done setting XDC timing constraints. [/home/agreshil/vivado_projects/i2c-master/x2o-vivado-usplus-control-i2c-master-pl/control/apex_kria/xdc/async.xdc:48]
INFO: [Timing 38-2] Deriving generated clocks [/home/agreshil/vivado_projects/i2c-master/x2o-vivado-usplus-control-i2c-master-pl/control/apex_kria/xdc/async.xdc:48]
get_clocks: Time (s): cpu = 00:00:13 ; elapsed = 00:00:05 . Memory (MB): peak = 4248.238 ; gain = 514.305 ; free physical = 3487 ; free virtual = 12106
Finished Parsing XDC File [/home/agreshil/vivado_projects/i2c-master/x2o-vivado-usplus-control-i2c-master-pl/control/apex_kria/xdc/async.xdc]
Parsing XDC File [/home/agreshil/vivado_projects/i2c-master/x2o-vivado-usplus-control-i2c-master-pl/control/apex_kria/xdc/top.xdc]
Finished Parsing XDC File [/home/agreshil/vivado_projects/i2c-master/x2o-vivado-usplus-control-i2c-master-pl/control/apex_kria/xdc/top.xdc]
Parsing XDC File [/home/agreshil/vivado_projects/i2c-master/x2o-vivado-usplus-control-i2c-master-pl/control/apex_kria/tmp_edit_project.gen/sources_1/ip/csum_fifo_fifo_generator_0_0/csum_fifo_fifo_generator_0_0_clocks.xdc] for cell 'bdw/design_1_i/hier_0/tx_csum_0/inst/csum_fifo_i/fifo_generator_0/U0'
Finished Parsing XDC File [/home/agreshil/vivado_projects/i2c-master/x2o-vivado-usplus-control-i2c-master-pl/control/apex_kria/tmp_edit_project.gen/sources_1/ip/csum_fifo_fifo_generator_0_0/csum_fifo_fifo_generator_0_0_clocks.xdc] for cell 'bdw/design_1_i/hier_0/tx_csum_0/inst/csum_fifo_i/fifo_generator_0/U0'
Parsing XDC File [/home/agreshil/vivado_projects/i2c-master/x2o-vivado-usplus-control-i2c-master-pl/control/apex_kria/apex_kria.gen/sources_1/bd/design_1/ip/design_1_axi_chip2chip_0_0/design_1_axi_chip2chip_0_0_clocks.xdc] for cell 'bdw/design_1_i/C2C/axi_chip2chip_0/inst'
Finished Parsing XDC File [/home/agreshil/vivado_projects/i2c-master/x2o-vivado-usplus-control-i2c-master-pl/control/apex_kria/apex_kria.gen/sources_1/bd/design_1/ip/design_1_axi_chip2chip_0_0/design_1_axi_chip2chip_0_0_clocks.xdc] for cell 'bdw/design_1_i/C2C/axi_chip2chip_0/inst'
Parsing XDC File [/home/agreshil/vivado_projects/i2c-master/x2o-vivado-usplus-control-i2c-master-pl/control/apex_kria/apex_kria.gen/sources_1/bd/design_1/ip/design_1_axi_chip2chip_1_0/design_1_axi_chip2chip_1_0_clocks.xdc] for cell 'bdw/design_1_i/C2C/axi_chip2chip_1/inst'
Finished Parsing XDC File [/home/agreshil/vivado_projects/i2c-master/x2o-vivado-usplus-control-i2c-master-pl/control/apex_kria/apex_kria.gen/sources_1/bd/design_1/ip/design_1_axi_chip2chip_1_0/design_1_axi_chip2chip_1_0_clocks.xdc] for cell 'bdw/design_1_i/C2C/axi_chip2chip_1/inst'
Parsing XDC File [/home/agreshil/vivado_projects/i2c-master/x2o-vivado-usplus-control-i2c-master-pl/control/apex_kria/apex_kria.gen/sources_1/bd/design_1/ip/design_1_s00_regslice_560/design_1_s00_regslice_560_clocks.xdc] for cell 'bdw/design_1_i/cpu/axi_interconnect_1/s00_couplers/s00_regslice/inst'
WARNING: [Vivado_Tcl 4-921] Waiver ID 'CDC-7' -to list should not be empty. [/home/agreshil/vivado_projects/i2c-master/x2o-vivado-usplus-control-i2c-master-pl/control/apex_kria/apex_kria.gen/sources_1/bd/design_1/ip/design_1_s00_regslice_560/design_1_s00_regslice_560_clocks.xdc:10]
Finished Parsing XDC File [/home/agreshil/vivado_projects/i2c-master/x2o-vivado-usplus-control-i2c-master-pl/control/apex_kria/apex_kria.gen/sources_1/bd/design_1/ip/design_1_s00_regslice_560/design_1_s00_regslice_560_clocks.xdc] for cell 'bdw/design_1_i/cpu/axi_interconnect_1/s00_couplers/s00_regslice/inst'
Parsing XDC File [/home/agreshil/vivado_projects/i2c-master/x2o-vivado-usplus-control-i2c-master-pl/control/apex_kria/apex_kria.gen/sources_1/bd/design_1/ip/design_1_s00_data_fifo_560/design_1_s00_data_fifo_560_clocks.xdc] for cell 'bdw/design_1_i/cpu/axi_interconnect_1/s00_couplers/s00_data_fifo/inst'
WARNING: [Vivado_Tcl 4-939] Waiver ID 'LUTAR-1' object list should not be empty (perhaps an invalid wildcard was used or only unsupported objects). [/home/agreshil/vivado_projects/i2c-master/x2o-vivado-usplus-control-i2c-master-pl/control/apex_kria/apex_kria.gen/sources_1/bd/design_1/ip/design_1_s00_data_fifo_560/design_1_s00_data_fifo_560_clocks.xdc:2]
WARNING: [Vivado_Tcl 4-939] Waiver ID 'LUTAR-1' object list should not be empty (perhaps an invalid wildcard was used or only unsupported objects). [/home/agreshil/vivado_projects/i2c-master/x2o-vivado-usplus-control-i2c-master-pl/control/apex_kria/apex_kria.gen/sources_1/bd/design_1/ip/design_1_s00_data_fifo_560/design_1_s00_data_fifo_560_clocks.xdc:6]
Finished Parsing XDC File [/home/agreshil/vivado_projects/i2c-master/x2o-vivado-usplus-control-i2c-master-pl/control/apex_kria/apex_kria.gen/sources_1/bd/design_1/ip/design_1_s00_data_fifo_560/design_1_s00_data_fifo_560_clocks.xdc] for cell 'bdw/design_1_i/cpu/axi_interconnect_1/s00_couplers/s00_data_fifo/inst'
Parsing XDC File [/home/agreshil/vivado_projects/i2c-master/x2o-vivado-usplus-control-i2c-master-pl/control/apex_kria/apex_kria.gen/sources_1/bd/design_1/ip/design_1_s00_regslice_561/design_1_s00_regslice_561_clocks.xdc] for cell 'bdw/design_1_i/cpu/axi_interconnect_2/s00_couplers/s00_regslice/inst'
WARNING: [Vivado_Tcl 4-921] Waiver ID 'CDC-7' -to list should not be empty. [/home/agreshil/vivado_projects/i2c-master/x2o-vivado-usplus-control-i2c-master-pl/control/apex_kria/apex_kria.gen/sources_1/bd/design_1/ip/design_1_s00_regslice_561/design_1_s00_regslice_561_clocks.xdc:10]
Finished Parsing XDC File [/home/agreshil/vivado_projects/i2c-master/x2o-vivado-usplus-control-i2c-master-pl/control/apex_kria/apex_kria.gen/sources_1/bd/design_1/ip/design_1_s00_regslice_561/design_1_s00_regslice_561_clocks.xdc] for cell 'bdw/design_1_i/cpu/axi_interconnect_2/s00_couplers/s00_regslice/inst'
Parsing XDC File [/home/agreshil/vivado_projects/i2c-master/x2o-vivado-usplus-control-i2c-master-pl/control/apex_kria/apex_kria.gen/sources_1/bd/design_1/ip/design_1_s00_data_fifo_561/design_1_s00_data_fifo_561_clocks.xdc] for cell 'bdw/design_1_i/cpu/axi_interconnect_2/s00_couplers/s00_data_fifo/inst'
WARNING: [Vivado_Tcl 4-939] Waiver ID 'LUTAR-1' object list should not be empty (perhaps an invalid wildcard was used or only unsupported objects). [/home/agreshil/vivado_projects/i2c-master/x2o-vivado-usplus-control-i2c-master-pl/control/apex_kria/apex_kria.gen/sources_1/bd/design_1/ip/design_1_s00_data_fifo_561/design_1_s00_data_fifo_561_clocks.xdc:2]
WARNING: [Vivado_Tcl 4-939] Waiver ID 'LUTAR-1' object list should not be empty (perhaps an invalid wildcard was used or only unsupported objects). [/home/agreshil/vivado_projects/i2c-master/x2o-vivado-usplus-control-i2c-master-pl/control/apex_kria/apex_kria.gen/sources_1/bd/design_1/ip/design_1_s00_data_fifo_561/design_1_s00_data_fifo_561_clocks.xdc:6]
Finished Parsing XDC File [/home/agreshil/vivado_projects/i2c-master/x2o-vivado-usplus-control-i2c-master-pl/control/apex_kria/apex_kria.gen/sources_1/bd/design_1/ip/design_1_s00_data_fifo_561/design_1_s00_data_fifo_561_clocks.xdc] for cell 'bdw/design_1_i/cpu/axi_interconnect_2/s00_couplers/s00_data_fifo/inst'
Parsing XDC File [/home/agreshil/vivado_projects/i2c-master/x2o-vivado-usplus-control-i2c-master-pl/control/apex_kria/apex_kria.gen/sources_1/bd/design_1/ip/design_1_auto_us_0/design_1_auto_us_0_clocks.xdc] for cell 'bdw/design_1_i/cpu/axi_interconnect_2/s00_couplers/auto_us/inst'
Finished Parsing XDC File [/home/agreshil/vivado_projects/i2c-master/x2o-vivado-usplus-control-i2c-master-pl/control/apex_kria/apex_kria.gen/sources_1/bd/design_1/ip/design_1_auto_us_0/design_1_auto_us_0_clocks.xdc] for cell 'bdw/design_1_i/cpu/axi_interconnect_2/s00_couplers/auto_us/inst'
Parsing XDC File [/home/agreshil/vivado_projects/i2c-master/x2o-vivado-usplus-control-i2c-master-pl/control/apex_kria/apex_kria.gen/sources_1/bd/design_1/ip/design_1_auto_ds_0/design_1_auto_ds_0_clocks.xdc] for cell 'bdw/design_1_i/cpu/axi_interconnect_4/s00_couplers/auto_ds/inst'
Finished Parsing XDC File [/home/agreshil/vivado_projects/i2c-master/x2o-vivado-usplus-control-i2c-master-pl/control/apex_kria/apex_kria.gen/sources_1/bd/design_1/ip/design_1_auto_ds_0/design_1_auto_ds_0_clocks.xdc] for cell 'bdw/design_1_i/cpu/axi_interconnect_4/s00_couplers/auto_ds/inst'
Parsing XDC File [/home/agreshil/vivado_projects/i2c-master/x2o-vivado-usplus-control-i2c-master-pl/control/apex_kria/apex_kria.gen/sources_1/bd/design_1/ip/design_1_auto_cc_0/design_1_auto_cc_0_clocks.xdc] for cell 'bdw/design_1_i/cpu/axi_interconnect_4/m00_couplers/auto_cc/inst'
WARNING: [Vivado_Tcl 4-921] Waiver ID 'CDC-10' -to list should not be empty. [/home/agreshil/vivado_projects/i2c-master/x2o-vivado-usplus-control-i2c-master-pl/control/apex_kria/apex_kria.gen/sources_1/bd/design_1/ip/design_1_auto_cc_0/design_1_auto_cc_0_clocks.xdc:7]
WARNING: [Vivado_Tcl 4-921] Waiver ID 'CDC-11' -to list should not be empty. [/home/agreshil/vivado_projects/i2c-master/x2o-vivado-usplus-control-i2c-master-pl/control/apex_kria/apex_kria.gen/sources_1/bd/design_1/ip/design_1_auto_cc_0/design_1_auto_cc_0_clocks.xdc:10]
WARNING: [Vivado_Tcl 4-921] Waiver ID 'CDC-15' -to list should not be empty. [/home/agreshil/vivado_projects/i2c-master/x2o-vivado-usplus-control-i2c-master-pl/control/apex_kria/apex_kria.gen/sources_1/bd/design_1/ip/design_1_auto_cc_0/design_1_auto_cc_0_clocks.xdc:13]
WARNING: [Vivado_Tcl 4-939] Waiver ID 'LUTAR-1' object list should not be empty (perhaps an invalid wildcard was used or only unsupported objects). [/home/agreshil/vivado_projects/i2c-master/x2o-vivado-usplus-control-i2c-master-pl/control/apex_kria/apex_kria.gen/sources_1/bd/design_1/ip/design_1_auto_cc_0/design_1_auto_cc_0_clocks.xdc:17]
Finished Parsing XDC File [/home/agreshil/vivado_projects/i2c-master/x2o-vivado-usplus-control-i2c-master-pl/control/apex_kria/apex_kria.gen/sources_1/bd/design_1/ip/design_1_auto_cc_0/design_1_auto_cc_0_clocks.xdc] for cell 'bdw/design_1_i/cpu/axi_interconnect_4/m00_couplers/auto_cc/inst'
Parsing XDC File [/home/agreshil/vivado_projects/i2c-master/x2o-vivado-usplus-control-i2c-master-pl/control/apex_kria/apex_kria.gen/sources_1/bd/design_1/ip/design_1_auto_cc_1/design_1_auto_cc_1_clocks.xdc] for cell 'bdw/design_1_i/cpu/axi_interconnect_4/m02_couplers/auto_cc/inst'
WARNING: [Vivado_Tcl 4-921] Waiver ID 'CDC-10' -to list should not be empty. [/home/agreshil/vivado_projects/i2c-master/x2o-vivado-usplus-control-i2c-master-pl/control/apex_kria/apex_kria.gen/sources_1/bd/design_1/ip/design_1_auto_cc_1/design_1_auto_cc_1_clocks.xdc:7]
WARNING: [Vivado_Tcl 4-921] Waiver ID 'CDC-11' -to list should not be empty. [/home/agreshil/vivado_projects/i2c-master/x2o-vivado-usplus-control-i2c-master-pl/control/apex_kria/apex_kria.gen/sources_1/bd/design_1/ip/design_1_auto_cc_1/design_1_auto_cc_1_clocks.xdc:10]
WARNING: [Vivado_Tcl 4-921] Waiver ID 'CDC-15' -to list should not be empty. [/home/agreshil/vivado_projects/i2c-master/x2o-vivado-usplus-control-i2c-master-pl/control/apex_kria/apex_kria.gen/sources_1/bd/design_1/ip/design_1_auto_cc_1/design_1_auto_cc_1_clocks.xdc:13]
WARNING: [Vivado_Tcl 4-939] Waiver ID 'LUTAR-1' object list should not be empty (perhaps an invalid wildcard was used or only unsupported objects). [/home/agreshil/vivado_projects/i2c-master/x2o-vivado-usplus-control-i2c-master-pl/control/apex_kria/apex_kria.gen/sources_1/bd/design_1/ip/design_1_auto_cc_1/design_1_auto_cc_1_clocks.xdc:17]
Finished Parsing XDC File [/home/agreshil/vivado_projects/i2c-master/x2o-vivado-usplus-control-i2c-master-pl/control/apex_kria/apex_kria.gen/sources_1/bd/design_1/ip/design_1_auto_cc_1/design_1_auto_cc_1_clocks.xdc] for cell 'bdw/design_1_i/cpu/axi_interconnect_4/m02_couplers/auto_cc/inst'
Parsing XDC File [/home/agreshil/vivado_projects/i2c-master/x2o-vivado-usplus-control-i2c-master-pl/control/apex_kria/apex_kria.gen/sources_1/bd/design_1/ip/design_1_auto_cc_2/design_1_auto_cc_2_clocks.xdc] for cell 'bdw/design_1_i/cpu/axi_interconnect_4/m03_couplers/auto_cc/inst'
WARNING: [Vivado_Tcl 4-921] Waiver ID 'CDC-10' -to list should not be empty. [/home/agreshil/vivado_projects/i2c-master/x2o-vivado-usplus-control-i2c-master-pl/control/apex_kria/apex_kria.gen/sources_1/bd/design_1/ip/design_1_auto_cc_2/design_1_auto_cc_2_clocks.xdc:7]
WARNING: [Vivado_Tcl 4-921] Waiver ID 'CDC-11' -to list should not be empty. [/home/agreshil/vivado_projects/i2c-master/x2o-vivado-usplus-control-i2c-master-pl/control/apex_kria/apex_kria.gen/sources_1/bd/design_1/ip/design_1_auto_cc_2/design_1_auto_cc_2_clocks.xdc:10]
WARNING: [Vivado_Tcl 4-921] Waiver ID 'CDC-15' -to list should not be empty. [/home/agreshil/vivado_projects/i2c-master/x2o-vivado-usplus-control-i2c-master-pl/control/apex_kria/apex_kria.gen/sources_1/bd/design_1/ip/design_1_auto_cc_2/design_1_auto_cc_2_clocks.xdc:13]
WARNING: [Vivado_Tcl 4-939] Waiver ID 'LUTAR-1' object list should not be empty (perhaps an invalid wildcard was used or only unsupported objects). [/home/agreshil/vivado_projects/i2c-master/x2o-vivado-usplus-control-i2c-master-pl/control/apex_kria/apex_kria.gen/sources_1/bd/design_1/ip/design_1_auto_cc_2/design_1_auto_cc_2_clocks.xdc:17]
Finished Parsing XDC File [/home/agreshil/vivado_projects/i2c-master/x2o-vivado-usplus-control-i2c-master-pl/control/apex_kria/apex_kria.gen/sources_1/bd/design_1/ip/design_1_auto_cc_2/design_1_auto_cc_2_clocks.xdc] for cell 'bdw/design_1_i/cpu/axi_interconnect_4/m03_couplers/auto_cc/inst'
Parsing XDC File [/home/agreshil/vivado_projects/i2c-master/x2o-vivado-usplus-control-i2c-master-pl/control/apex_kria/apex_kria.gen/sources_1/bd/design_1/ip/design_1_auto_cc_3/design_1_auto_cc_3_clocks.xdc] for cell 'bdw/design_1_i/cpu/axi_interconnect_4/m04_couplers/auto_cc/inst'
WARNING: [Vivado_Tcl 4-921] Waiver ID 'CDC-10' -to list should not be empty. [/home/agreshil/vivado_projects/i2c-master/x2o-vivado-usplus-control-i2c-master-pl/control/apex_kria/apex_kria.gen/sources_1/bd/design_1/ip/design_1_auto_cc_3/design_1_auto_cc_3_clocks.xdc:7]
WARNING: [Vivado_Tcl 4-921] Waiver ID 'CDC-11' -to list should not be empty. [/home/agreshil/vivado_projects/i2c-master/x2o-vivado-usplus-control-i2c-master-pl/control/apex_kria/apex_kria.gen/sources_1/bd/design_1/ip/design_1_auto_cc_3/design_1_auto_cc_3_clocks.xdc:10]
WARNING: [Vivado_Tcl 4-921] Waiver ID 'CDC-15' -to list should not be empty. [/home/agreshil/vivado_projects/i2c-master/x2o-vivado-usplus-control-i2c-master-pl/control/apex_kria/apex_kria.gen/sources_1/bd/design_1/ip/design_1_auto_cc_3/design_1_auto_cc_3_clocks.xdc:13]
WARNING: [Vivado_Tcl 4-939] Waiver ID 'LUTAR-1' object list should not be empty (perhaps an invalid wildcard was used or only unsupported objects). [/home/agreshil/vivado_projects/i2c-master/x2o-vivado-usplus-control-i2c-master-pl/control/apex_kria/apex_kria.gen/sources_1/bd/design_1/ip/design_1_auto_cc_3/design_1_auto_cc_3_clocks.xdc:17]
Finished Parsing XDC File [/home/agreshil/vivado_projects/i2c-master/x2o-vivado-usplus-control-i2c-master-pl/control/apex_kria/apex_kria.gen/sources_1/bd/design_1/ip/design_1_auto_cc_3/design_1_auto_cc_3_clocks.xdc] for cell 'bdw/design_1_i/cpu/axi_interconnect_4/m04_couplers/auto_cc/inst'
Parsing XDC File [/home/agreshil/vivado_projects/i2c-master/x2o-vivado-usplus-control-i2c-master-pl/control/apex_kria/apex_kria.gen/sources_1/bd/design_1/ip/design_1_auto_cc_4/design_1_auto_cc_4_clocks.xdc] for cell 'bdw/design_1_i/cpu/axi_interconnect_4/m05_couplers/auto_cc/inst'
WARNING: [Vivado_Tcl 4-921] Waiver ID 'CDC-10' -to list should not be empty. [/home/agreshil/vivado_projects/i2c-master/x2o-vivado-usplus-control-i2c-master-pl/control/apex_kria/apex_kria.gen/sources_1/bd/design_1/ip/design_1_auto_cc_4/design_1_auto_cc_4_clocks.xdc:7]
WARNING: [Vivado_Tcl 4-921] Waiver ID 'CDC-11' -to list should not be empty. [/home/agreshil/vivado_projects/i2c-master/x2o-vivado-usplus-control-i2c-master-pl/control/apex_kria/apex_kria.gen/sources_1/bd/design_1/ip/design_1_auto_cc_4/design_1_auto_cc_4_clocks.xdc:10]
WARNING: [Vivado_Tcl 4-921] Waiver ID 'CDC-15' -to list should not be empty. [/home/agreshil/vivado_projects/i2c-master/x2o-vivado-usplus-control-i2c-master-pl/control/apex_kria/apex_kria.gen/sources_1/bd/design_1/ip/design_1_auto_cc_4/design_1_auto_cc_4_clocks.xdc:13]
WARNING: [Vivado_Tcl 4-939] Waiver ID 'LUTAR-1' object list should not be empty (perhaps an invalid wildcard was used or only unsupported objects). [/home/agreshil/vivado_projects/i2c-master/x2o-vivado-usplus-control-i2c-master-pl/control/apex_kria/apex_kria.gen/sources_1/bd/design_1/ip/design_1_auto_cc_4/design_1_auto_cc_4_clocks.xdc:17]
Finished Parsing XDC File [/home/agreshil/vivado_projects/i2c-master/x2o-vivado-usplus-control-i2c-master-pl/control/apex_kria/apex_kria.gen/sources_1/bd/design_1/ip/design_1_auto_cc_4/design_1_auto_cc_4_clocks.xdc] for cell 'bdw/design_1_i/cpu/axi_interconnect_4/m05_couplers/auto_cc/inst'
Parsing XDC File [/home/agreshil/vivado_projects/i2c-master/x2o-vivado-usplus-control-i2c-master-pl/control/apex_kria/apex_kria.gen/sources_1/bd/design_1/ip/design_1_s00_regslice_562/design_1_s00_regslice_562_clocks.xdc] for cell 'bdw/design_1_i/cpu/axi_interconnect_3/s00_couplers/s00_regslice/inst'
WARNING: [Vivado_Tcl 4-921] Waiver ID 'CDC-7' -to list should not be empty. [/home/agreshil/vivado_projects/i2c-master/x2o-vivado-usplus-control-i2c-master-pl/control/apex_kria/apex_kria.gen/sources_1/bd/design_1/ip/design_1_s00_regslice_562/design_1_s00_regslice_562_clocks.xdc:10]
Finished Parsing XDC File [/home/agreshil/vivado_projects/i2c-master/x2o-vivado-usplus-control-i2c-master-pl/control/apex_kria/apex_kria.gen/sources_1/bd/design_1/ip/design_1_s00_regslice_562/design_1_s00_regslice_562_clocks.xdc] for cell 'bdw/design_1_i/cpu/axi_interconnect_3/s00_couplers/s00_regslice/inst'
Parsing XDC File [/home/agreshil/vivado_projects/i2c-master/x2o-vivado-usplus-control-i2c-master-pl/control/apex_kria/apex_kria.gen/sources_1/bd/design_1/ip/design_1_s00_data_fifo_562/design_1_s00_data_fifo_562_clocks.xdc] for cell 'bdw/design_1_i/cpu/axi_interconnect_3/s00_couplers/s00_data_fifo/inst'
WARNING: [Vivado_Tcl 4-939] Waiver ID 'LUTAR-1' object list should not be empty (perhaps an invalid wildcard was used or only unsupported objects). [/home/agreshil/vivado_projects/i2c-master/x2o-vivado-usplus-control-i2c-master-pl/control/apex_kria/apex_kria.gen/sources_1/bd/design_1/ip/design_1_s00_data_fifo_562/design_1_s00_data_fifo_562_clocks.xdc:2]
WARNING: [Vivado_Tcl 4-939] Waiver ID 'LUTAR-1' object list should not be empty (perhaps an invalid wildcard was used or only unsupported objects). [/home/agreshil/vivado_projects/i2c-master/x2o-vivado-usplus-control-i2c-master-pl/control/apex_kria/apex_kria.gen/sources_1/bd/design_1/ip/design_1_s00_data_fifo_562/design_1_s00_data_fifo_562_clocks.xdc:6]
Finished Parsing XDC File [/home/agreshil/vivado_projects/i2c-master/x2o-vivado-usplus-control-i2c-master-pl/control/apex_kria/apex_kria.gen/sources_1/bd/design_1/ip/design_1_s00_data_fifo_562/design_1_s00_data_fifo_562_clocks.xdc] for cell 'bdw/design_1_i/cpu/axi_interconnect_3/s00_couplers/s00_data_fifo/inst'
Parsing XDC File [/home/agreshil/vivado_projects/i2c-master/x2o-vivado-usplus-control-i2c-master-pl/control/apex_kria/apex_kria.gen/sources_1/bd/design_1/ip/design_1_auto_ds_1/design_1_auto_ds_1_clocks.xdc] for cell 'bdw/design_1_i/cpu/axi_interconnect_5/s00_couplers/auto_ds/inst'
Finished Parsing XDC File [/home/agreshil/vivado_projects/i2c-master/x2o-vivado-usplus-control-i2c-master-pl/control/apex_kria/apex_kria.gen/sources_1/bd/design_1/ip/design_1_auto_ds_1/design_1_auto_ds_1_clocks.xdc] for cell 'bdw/design_1_i/cpu/axi_interconnect_5/s00_couplers/auto_ds/inst'
Parsing XDC File [/home/agreshil/vivado_projects/i2c-master/x2o-vivado-usplus-control-i2c-master-pl/control/apex_kria/apex_kria.gen/sources_1/bd/design_1/ip/design_1_s00_regslice_563/design_1_s00_regslice_563_clocks.xdc] for cell 'bdw/design_1_i/cpu/ps7_0_axi_periph/s00_couplers/s00_regslice/inst'
WARNING: [Vivado_Tcl 4-921] Waiver ID 'CDC-7' -to list should not be empty. [/home/agreshil/vivado_projects/i2c-master/x2o-vivado-usplus-control-i2c-master-pl/control/apex_kria/apex_kria.gen/sources_1/bd/design_1/ip/design_1_s00_regslice_563/design_1_s00_regslice_563_clocks.xdc:10]
Finished Parsing XDC File [/home/agreshil/vivado_projects/i2c-master/x2o-vivado-usplus-control-i2c-master-pl/control/apex_kria/apex_kria.gen/sources_1/bd/design_1/ip/design_1_s00_regslice_563/design_1_s00_regslice_563_clocks.xdc] for cell 'bdw/design_1_i/cpu/ps7_0_axi_periph/s00_couplers/s00_regslice/inst'
Parsing XDC File [/home/agreshil/vivado_projects/i2c-master/x2o-vivado-usplus-control-i2c-master-pl/control/apex_kria/apex_kria.gen/sources_1/bd/design_1/ip/design_1_s00_data_fifo_563/design_1_s00_data_fifo_563_clocks.xdc] for cell 'bdw/design_1_i/cpu/ps7_0_axi_periph/s00_couplers/s00_data_fifo/inst'
WARNING: [Vivado_Tcl 4-939] Waiver ID 'LUTAR-1' object list should not be empty (perhaps an invalid wildcard was used or only unsupported objects). [/home/agreshil/vivado_projects/i2c-master/x2o-vivado-usplus-control-i2c-master-pl/control/apex_kria/apex_kria.gen/sources_1/bd/design_1/ip/design_1_s00_data_fifo_563/design_1_s00_data_fifo_563_clocks.xdc:2]
Finished Parsing XDC File [/home/agreshil/vivado_projects/i2c-master/x2o-vivado-usplus-control-i2c-master-pl/control/apex_kria/apex_kria.gen/sources_1/bd/design_1/ip/design_1_s00_data_fifo_563/design_1_s00_data_fifo_563_clocks.xdc] for cell 'bdw/design_1_i/cpu/ps7_0_axi_periph/s00_couplers/s00_data_fifo/inst'
Parsing XDC File [/home/agreshil/vivado_projects/i2c-master/x2o-vivado-usplus-control-i2c-master-pl/control/apex_kria/apex_kria.gen/sources_1/bd/design_1/ip/design_1_auto_ds_2/design_1_auto_ds_2_clocks.xdc] for cell 'bdw/design_1_i/cpu/ps7_0_axi_periph/s00_couplers/auto_ds/inst'
Finished Parsing XDC File [/home/agreshil/vivado_projects/i2c-master/x2o-vivado-usplus-control-i2c-master-pl/control/apex_kria/apex_kria.gen/sources_1/bd/design_1/ip/design_1_auto_ds_2/design_1_auto_ds_2_clocks.xdc] for cell 'bdw/design_1_i/cpu/ps7_0_axi_periph/s00_couplers/auto_ds/inst'
Parsing XDC File [/home/agreshil/vivado_projects/i2c-master/x2o-vivado-usplus-control-i2c-master-pl/control/apex_kria/apex_kria.gen/sources_1/bd/design_1/ip/design_1_s01_regslice_0/design_1_s01_regslice_0_clocks.xdc] for cell 'bdw/design_1_i/cpu/ps7_0_axi_periph/s01_couplers/s01_regslice/inst'
WARNING: [Vivado_Tcl 4-921] Waiver ID 'CDC-7' -to list should not be empty. [/home/agreshil/vivado_projects/i2c-master/x2o-vivado-usplus-control-i2c-master-pl/control/apex_kria/apex_kria.gen/sources_1/bd/design_1/ip/design_1_s01_regslice_0/design_1_s01_regslice_0_clocks.xdc:10]
Finished Parsing XDC File [/home/agreshil/vivado_projects/i2c-master/x2o-vivado-usplus-control-i2c-master-pl/control/apex_kria/apex_kria.gen/sources_1/bd/design_1/ip/design_1_s01_regslice_0/design_1_s01_regslice_0_clocks.xdc] for cell 'bdw/design_1_i/cpu/ps7_0_axi_periph/s01_couplers/s01_regslice/inst'
Parsing XDC File [/home/agreshil/vivado_projects/i2c-master/x2o-vivado-usplus-control-i2c-master-pl/control/apex_kria/apex_kria.gen/sources_1/bd/design_1/ip/design_1_s01_data_fifo_0/design_1_s01_data_fifo_0_clocks.xdc] for cell 'bdw/design_1_i/cpu/ps7_0_axi_periph/s01_couplers/s01_data_fifo/inst'
WARNING: [Vivado_Tcl 4-939] Waiver ID 'LUTAR-1' object list should not be empty (perhaps an invalid wildcard was used or only unsupported objects). [/home/agreshil/vivado_projects/i2c-master/x2o-vivado-usplus-control-i2c-master-pl/control/apex_kria/apex_kria.gen/sources_1/bd/design_1/ip/design_1_s01_data_fifo_0/design_1_s01_data_fifo_0_clocks.xdc:2]
Finished Parsing XDC File [/home/agreshil/vivado_projects/i2c-master/x2o-vivado-usplus-control-i2c-master-pl/control/apex_kria/apex_kria.gen/sources_1/bd/design_1/ip/design_1_s01_data_fifo_0/design_1_s01_data_fifo_0_clocks.xdc] for cell 'bdw/design_1_i/cpu/ps7_0_axi_periph/s01_couplers/s01_data_fifo/inst'
Parsing XDC File [/home/agreshil/vivado_projects/i2c-master/x2o-vivado-usplus-control-i2c-master-pl/control/apex_kria/apex_kria.gen/sources_1/bd/design_1/ip/design_1_m00_regslice_0/design_1_m00_regslice_0_clocks.xdc] for cell 'bdw/design_1_i/cpu/ps7_0_axi_periph/m00_couplers/m00_regslice/inst'
WARNING: [Vivado_Tcl 4-921] Waiver ID 'CDC-7' -to list should not be empty. [/home/agreshil/vivado_projects/i2c-master/x2o-vivado-usplus-control-i2c-master-pl/control/apex_kria/apex_kria.gen/sources_1/bd/design_1/ip/design_1_m00_regslice_0/design_1_m00_regslice_0_clocks.xdc:10]
Finished Parsing XDC File [/home/agreshil/vivado_projects/i2c-master/x2o-vivado-usplus-control-i2c-master-pl/control/apex_kria/apex_kria.gen/sources_1/bd/design_1/ip/design_1_m00_regslice_0/design_1_m00_regslice_0_clocks.xdc] for cell 'bdw/design_1_i/cpu/ps7_0_axi_periph/m00_couplers/m00_regslice/inst'
Parsing XDC File [/home/agreshil/vivado_projects/i2c-master/x2o-vivado-usplus-control-i2c-master-pl/control/apex_kria/apex_kria.gen/sources_1/bd/design_1/ip/design_1_m01_regslice_0/design_1_m01_regslice_0_clocks.xdc] for cell 'bdw/design_1_i/cpu/ps7_0_axi_periph/m01_couplers/m01_regslice/inst'
WARNING: [Vivado_Tcl 4-921] Waiver ID 'CDC-7' -to list should not be empty. [/home/agreshil/vivado_projects/i2c-master/x2o-vivado-usplus-control-i2c-master-pl/control/apex_kria/apex_kria.gen/sources_1/bd/design_1/ip/design_1_m01_regslice_0/design_1_m01_regslice_0_clocks.xdc:10]
Finished Parsing XDC File [/home/agreshil/vivado_projects/i2c-master/x2o-vivado-usplus-control-i2c-master-pl/control/apex_kria/apex_kria.gen/sources_1/bd/design_1/ip/design_1_m01_regslice_0/design_1_m01_regslice_0_clocks.xdc] for cell 'bdw/design_1_i/cpu/ps7_0_axi_periph/m01_couplers/m01_regslice/inst'
Parsing XDC File [/home/agreshil/vivado_projects/i2c-master/x2o-vivado-usplus-control-i2c-master-pl/control/apex_kria/apex_kria.gen/sources_1/bd/design_1/ip/design_1_m02_regslice_0/design_1_m02_regslice_0_clocks.xdc] for cell 'bdw/design_1_i/cpu/ps7_0_axi_periph/m02_couplers/m02_regslice/inst'
WARNING: [Vivado_Tcl 4-921] Waiver ID 'CDC-7' -to list should not be empty. [/home/agreshil/vivado_projects/i2c-master/x2o-vivado-usplus-control-i2c-master-pl/control/apex_kria/apex_kria.gen/sources_1/bd/design_1/ip/design_1_m02_regslice_0/design_1_m02_regslice_0_clocks.xdc:10]
Finished Parsing XDC File [/home/agreshil/vivado_projects/i2c-master/x2o-vivado-usplus-control-i2c-master-pl/control/apex_kria/apex_kria.gen/sources_1/bd/design_1/ip/design_1_m02_regslice_0/design_1_m02_regslice_0_clocks.xdc] for cell 'bdw/design_1_i/cpu/ps7_0_axi_periph/m02_couplers/m02_regslice/inst'
Parsing XDC File [/home/agreshil/vivado_projects/i2c-master/x2o-vivado-usplus-control-i2c-master-pl/control/apex_kria/apex_kria.gen/sources_1/bd/design_1/ip/design_1_m03_regslice_0/design_1_m03_regslice_0_clocks.xdc] for cell 'bdw/design_1_i/cpu/ps7_0_axi_periph/m03_couplers/m03_regslice/inst'
WARNING: [Vivado_Tcl 4-921] Waiver ID 'CDC-7' -to list should not be empty. [/home/agreshil/vivado_projects/i2c-master/x2o-vivado-usplus-control-i2c-master-pl/control/apex_kria/apex_kria.gen/sources_1/bd/design_1/ip/design_1_m03_regslice_0/design_1_m03_regslice_0_clocks.xdc:10]
Finished Parsing XDC File [/home/agreshil/vivado_projects/i2c-master/x2o-vivado-usplus-control-i2c-master-pl/control/apex_kria/apex_kria.gen/sources_1/bd/design_1/ip/design_1_m03_regslice_0/design_1_m03_regslice_0_clocks.xdc] for cell 'bdw/design_1_i/cpu/ps7_0_axi_periph/m03_couplers/m03_regslice/inst'
Parsing XDC File [/home/agreshil/vivado_projects/i2c-master/x2o-vivado-usplus-control-i2c-master-pl/control/apex_kria/apex_kria.gen/sources_1/bd/design_1/ip/design_1_auto_cc_5/design_1_auto_cc_5_clocks.xdc] for cell 'bdw/design_1_i/cpu/ps7_0_axi_periph/m03_couplers/auto_cc/inst'
Finished Parsing XDC File [/home/agreshil/vivado_projects/i2c-master/x2o-vivado-usplus-control-i2c-master-pl/control/apex_kria/apex_kria.gen/sources_1/bd/design_1/ip/design_1_auto_cc_5/design_1_auto_cc_5_clocks.xdc] for cell 'bdw/design_1_i/cpu/ps7_0_axi_periph/m03_couplers/auto_cc/inst'
Parsing XDC File [/home/agreshil/vivado_projects/i2c-master/x2o-vivado-usplus-control-i2c-master-pl/control/apex_kria/apex_kria.gen/sources_1/bd/design_1/ip/design_1_auto_cc_6/design_1_auto_cc_6_clocks.xdc] for cell 'bdw/design_1_i/cpu/ps7_0_axi_periph/m04_couplers/auto_cc/inst'
Finished Parsing XDC File [/home/agreshil/vivado_projects/i2c-master/x2o-vivado-usplus-control-i2c-master-pl/control/apex_kria/apex_kria.gen/sources_1/bd/design_1/ip/design_1_auto_cc_6/design_1_auto_cc_6_clocks.xdc] for cell 'bdw/design_1_i/cpu/ps7_0_axi_periph/m04_couplers/auto_cc/inst'
Parsing XDC File [/home/agreshil/vivado_projects/i2c-master/x2o-vivado-usplus-control-i2c-master-pl/control/apex_kria/apex_kria.gen/sources_1/bd/design_1/ip/design_1_auto_cc_7/design_1_auto_cc_7_clocks.xdc] for cell 'bdw/design_1_i/cpu/ps7_0_axi_periph/m06_couplers/auto_cc/inst'
Finished Parsing XDC File [/home/agreshil/vivado_projects/i2c-master/x2o-vivado-usplus-control-i2c-master-pl/control/apex_kria/apex_kria.gen/sources_1/bd/design_1/ip/design_1_auto_cc_7/design_1_auto_cc_7_clocks.xdc] for cell 'bdw/design_1_i/cpu/ps7_0_axi_periph/m06_couplers/auto_cc/inst'
Parsing XDC File [/home/agreshil/vivado_projects/i2c-master/x2o-vivado-usplus-control-i2c-master-pl/control/apex_kria/apex_kria.gen/sources_1/bd/design_1/ip/design_1_debug_bridge_0_0/bd_0/ip/ip_0/constraints/axi_jtag.xdc] for cell 'bdw/design_1_i/dbg/debug_bridge_0/inst/axi_jtag/inst'
Finished Parsing XDC File [/home/agreshil/vivado_projects/i2c-master/x2o-vivado-usplus-control-i2c-master-pl/control/apex_kria/apex_kria.gen/sources_1/bd/design_1/ip/design_1_debug_bridge_0_0/bd_0/ip/ip_0/constraints/axi_jtag.xdc] for cell 'bdw/design_1_i/dbg/debug_bridge_0/inst/axi_jtag/inst'
Parsing XDC File [/home/agreshil/vivado_projects/i2c-master/x2o-vivado-usplus-control-i2c-master-pl/control/apex_kria/apex_kria.gen/sources_1/bd/design_1/ip/design_1_debug_bridge_0_0/bd_0/ip/ip_1/constraints/bsip.xdc] for cell 'bdw/design_1_i/dbg/debug_bridge_0/inst/bsip/inst'
Finished Parsing XDC File [/home/agreshil/vivado_projects/i2c-master/x2o-vivado-usplus-control-i2c-master-pl/control/apex_kria/apex_kria.gen/sources_1/bd/design_1/ip/design_1_debug_bridge_0_0/bd_0/ip/ip_1/constraints/bsip.xdc] for cell 'bdw/design_1_i/dbg/debug_bridge_0/inst/bsip/inst'
Parsing XDC File [/home/agreshil/vivado_projects/i2c-master/x2o-vivado-usplus-control-i2c-master-pl/control/apex_kria/apex_kria.gen/sources_1/bd/design_1/ip/design_1_axi_mcdma_0_0/design_1_axi_mcdma_0_0_clocks.xdc] for cell 'bdw/design_1_i/hier_0/axi_mcdma_0/U0'
Finished Parsing XDC File [/home/agreshil/vivado_projects/i2c-master/x2o-vivado-usplus-control-i2c-master-pl/control/apex_kria/apex_kria.gen/sources_1/bd/design_1/ip/design_1_axi_mcdma_0_0/design_1_axi_mcdma_0_0_clocks.xdc] for cell 'bdw/design_1_i/hier_0/axi_mcdma_0/U0'
Parsing XDC File [/home/agreshil/vivado_projects/i2c-master/x2o-vivado-usplus-control-i2c-master-pl/control/apex_kria/apex_kria.gen/sources_1/bd/design_1/ip/design_1_axi_dma_0_0/design_1_axi_dma_0_0_clocks.xdc] for cell 'bdw/design_1_i/axi_dma_0/U0'
Finished Parsing XDC File [/home/agreshil/vivado_projects/i2c-master/x2o-vivado-usplus-control-i2c-master-pl/control/apex_kria/apex_kria.gen/sources_1/bd/design_1/ip/design_1_axi_dma_0_0/design_1_axi_dma_0_0_clocks.xdc] for cell 'bdw/design_1_i/axi_dma_0/U0'
Parsing XDC File [/home/agreshil/vivado_projects/i2c-master/x2o-vivado-usplus-control-i2c-master-pl/control/apex_kria/apex_kria.gen/sources_1/bd/design_1/ip/design_1_auto_us_1/design_1_auto_us_1_clocks.xdc] for cell 'bdw/design_1_i/axi_interconnect_0/s00_couplers/auto_us/inst'
Finished Parsing XDC File [/home/agreshil/vivado_projects/i2c-master/x2o-vivado-usplus-control-i2c-master-pl/control/apex_kria/apex_kria.gen/sources_1/bd/design_1/ip/design_1_auto_us_1/design_1_auto_us_1_clocks.xdc] for cell 'bdw/design_1_i/axi_interconnect_0/s00_couplers/auto_us/inst'
Parsing XDC File [/home/agreshil/vivado_projects/i2c-master/x2o-vivado-usplus-control-i2c-master-pl/control/apex_kria/apex_kria.gen/sources_1/bd/design_1/ip/design_1_auto_us_2/design_1_auto_us_2_clocks.xdc] for cell 'bdw/design_1_i/axi_interconnect_0/s01_couplers/auto_us/inst'
Finished Parsing XDC File [/home/agreshil/vivado_projects/i2c-master/x2o-vivado-usplus-control-i2c-master-pl/control/apex_kria/apex_kria.gen/sources_1/bd/design_1/ip/design_1_auto_us_2/design_1_auto_us_2_clocks.xdc] for cell 'bdw/design_1_i/axi_interconnect_0/s01_couplers/auto_us/inst'
Parsing XDC File [/home/agreshil/vivado_projects/i2c-master/x2o-vivado-usplus-control-i2c-master-pl/control/apex_kria/apex_kria.gen/sources_1/bd/design_1/ip/design_1_auto_us_3/design_1_auto_us_3_clocks.xdc] for cell 'bdw/design_1_i/axi_interconnect_0/s02_couplers/auto_us/inst'
Finished Parsing XDC File [/home/agreshil/vivado_projects/i2c-master/x2o-vivado-usplus-control-i2c-master-pl/control/apex_kria/apex_kria.gen/sources_1/bd/design_1/ip/design_1_auto_us_3/design_1_auto_us_3_clocks.xdc] for cell 'bdw/design_1_i/axi_interconnect_0/s02_couplers/auto_us/inst'
WARNING: [XPM_CDC_GRAY: TCL-1000] The source and destination clocks are the same. 
     Instance: bdw/design_1_i/hier_0/axi_mcdma_0/U0/INCLUDE_MM2S_SOF_EOF_GENERATOR.I_MM2S_SOFEOF_GEN/GEN_FOR_ASYNC.I_SOF_EOF_FIFO/I_ASYNC_FIFOGEN_FIFO/xpm_fifo_instance.xpm_fifo_async_inst/gnuram_async_fifo.xpm_fifo_base_inst/gen_cdc_pntr.rd_pntr_cdc_inst 
  This will add unnecessary latency to the design. Please check the design for the following: 
 1) Manually instantiated XPM_CDC modules: Xilinx recommends that you remove these modules. 
 2) Xilinx IP that contains XPM_CDC modules: Verify the connections to the IP to determine whether you can safely ignore this message.
 [/tools/Xilinx/Vivado/2022.2/data/ip/xpm/xpm_cdc/tcl/xpm_cdc_gray.tcl:16]
WARNING: [XPM_CDC_GRAY: TCL-1000] The source and destination clocks are the same. 
     Instance: bdw/design_1_i/hier_0/axi_mcdma_0/U0/INCLUDE_MM2S_SOF_EOF_GENERATOR.I_MM2S_DMA_MNGR/GEN_MM2S_DMA_CONTROL.GEN_CNTRL_STREAM.I_MM2S_CNTRL_STREAM/GEN_ASYNC_FIFO.I_CNTRL_STRM_FIFO/I_ASYNC_FIFOGEN_FIFO/xpm_fifo_instance.xpm_fifo_async_inst/gnuram_async_fifo.xpm_fifo_base_inst/gen_cdc_pntr.wr_pntr_cdc_inst 
  This will add unnecessary latency to the design. Please check the design for the following: 
 1) Manually instantiated XPM_CDC modules: Xilinx recommends that you remove these modules. 
 2) Xilinx IP that contains XPM_CDC modules: Verify the connections to the IP to determine whether you can safely ignore this message.
 [/tools/Xilinx/Vivado/2022.2/data/ip/xpm/xpm_cdc/tcl/xpm_cdc_gray.tcl:16]
WARNING: [XPM_CDC_GRAY: TCL-1000] The source and destination clocks are the same. 
     Instance: bdw/design_1_i/hier_0/axi_mcdma_0/U0/INCLUDE_MM2S_SOF_EOF_GENERATOR.I_MM2S_DMA_MNGR/GEN_MM2S_DMA_CONTROL.GEN_CNTRL_STREAM.I_MM2S_CNTRL_STREAM/GEN_ASYNC_FIFO.I_CNTRL_STRM_FIFO/I_ASYNC_FIFOGEN_FIFO/xpm_fifo_instance.xpm_fifo_async_inst/gnuram_async_fifo.xpm_fifo_base_inst/gen_cdc_pntr.rd_pntr_cdc_inst 
  This will add unnecessary latency to the design. Please check the design for the following: 
 1) Manually instantiated XPM_CDC modules: Xilinx recommends that you remove these modules. 
 2) Xilinx IP that contains XPM_CDC modules: Verify the connections to the IP to determine whether you can safely ignore this message.
 [/tools/Xilinx/Vivado/2022.2/data/ip/xpm/xpm_cdc/tcl/xpm_cdc_gray.tcl:16]
WARNING: [XPM_CDC_GRAY: TCL-1000] The source and destination clocks are the same. 
     Instance: bdw/design_1_i/hier_0/axi_mcdma_0/U0/INCLUDE_MM2S_SOF_EOF_GENERATOR.I_MM2S_DMA_MNGR/GEN_MM2S_DMA_CONTROL.GEN_SCATTER_GATHER_MODE.I_MM2S_TDEST_FIFO/GEN_ASYNC_FIFO.I_TDEST_TID_FIFO/I_ASYNC_FIFOGEN_FIFO/xpm_fifo_instance.xpm_fifo_async_inst/gnuram_async_fifo.xpm_fifo_base_inst/gen_cdc_pntr.wr_pntr_cdc_inst 
  This will add unnecessary latency to the design. Please check the design for the following: 
 1) Manually instantiated XPM_CDC modules: Xilinx recommends that you remove these modules. 
 2) Xilinx IP that contains XPM_CDC modules: Verify the connections to the IP to determine whether you can safely ignore this message.
 [/tools/Xilinx/Vivado/2022.2/data/ip/xpm/xpm_cdc/tcl/xpm_cdc_gray.tcl:16]
WARNING: [XPM_CDC_GRAY: TCL-1000] The source and destination clocks are the same. 
     Instance: bdw/design_1_i/hier_0/axi_mcdma_0/U0/INCLUDE_MM2S_SOF_EOF_GENERATOR.I_MM2S_DMA_MNGR/GEN_MM2S_DMA_CONTROL.GEN_SCATTER_GATHER_MODE.I_MM2S_TDEST_FIFO/GEN_ASYNC_FIFO.I_TDEST_TID_FIFO/I_ASYNC_FIFOGEN_FIFO/xpm_fifo_instance.xpm_fifo_async_inst/gnuram_async_fifo.xpm_fifo_base_inst/gen_cdc_pntr.rd_pntr_cdc_inst 
  This will add unnecessary latency to the design. Please check the design for the following: 
 1) Manually instantiated XPM_CDC modules: Xilinx recommends that you remove these modules. 
 2) Xilinx IP that contains XPM_CDC modules: Verify the connections to the IP to determine whether you can safely ignore this message.
 [/tools/Xilinx/Vivado/2022.2/data/ip/xpm/xpm_cdc/tcl/xpm_cdc_gray.tcl:16]
WARNING: [XPM_CDC_GRAY: TCL-1000] The source and destination clocks are the same. 
     Instance: bdw/design_1_i/hier_0/axi_mcdma_0/U0/INCLUDE_MM2S_SOF_EOF_GENERATOR.I_MM2S_DMA_MNGR/GEN_MM2S_DMA_CONTROL.GEN_SCATTER_GATHER_MODE.I_MM2S_TDEST_FIFO/GEN_ASYNC_FIFO.I_TUSER_FIFO/I_ASYNC_FIFOGEN_FIFO/xpm_fifo_instance.xpm_fifo_async_inst/gnuram_async_fifo.xpm_fifo_base_inst/gen_cdc_pntr.wr_pntr_cdc_inst 
  This will add unnecessary latency to the design. Please check the design for the following: 
 1) Manually instantiated XPM_CDC modules: Xilinx recommends that you remove these modules. 
 2) Xilinx IP that contains XPM_CDC modules: Verify the connections to the IP to determine whether you can safely ignore this message.
 [/tools/Xilinx/Vivado/2022.2/data/ip/xpm/xpm_cdc/tcl/xpm_cdc_gray.tcl:16]
WARNING: [XPM_CDC_GRAY: TCL-1000] The source and destination clocks are the same. 
     Instance: bdw/design_1_i/hier_0/axi_mcdma_0/U0/INCLUDE_MM2S_SOF_EOF_GENERATOR.I_MM2S_DMA_MNGR/GEN_MM2S_DMA_CONTROL.GEN_SCATTER_GATHER_MODE.I_MM2S_TDEST_FIFO/GEN_ASYNC_FIFO.I_TUSER_FIFO/I_ASYNC_FIFOGEN_FIFO/xpm_fifo_instance.xpm_fifo_async_inst/gnuram_async_fifo.xpm_fifo_base_inst/gen_cdc_pntr.rd_pntr_cdc_inst 
  This will add unnecessary latency to the design. Please check the design for the following: 
 1) Manually instantiated XPM_CDC modules: Xilinx recommends that you remove these modules. 
 2) Xilinx IP that contains XPM_CDC modules: Verify the connections to the IP to determine whether you can safely ignore this message.
 [/tools/Xilinx/Vivado/2022.2/data/ip/xpm/xpm_cdc/tcl/xpm_cdc_gray.tcl:16]
WARNING: [XPM_CDC_GRAY: TCL-1000] The source and destination clocks are the same. 
     Instance: bdw/design_1_i/hier_0/axi_mcdma_0/U0/I_PRMRY_DATAMOVER/GEN_S2MM_FULL.I_S2MM_FULL_WRAPPER/I_CMD_STATUS/GEN_INCLUDE_STATUS_FIFO.I_STS_FIFO/USE_ASYNC_FIFO.I_ASYNC_FIFO/I_ASYNC_FIFOGEN_FIFO/xpm_fifo_instance.xpm_fifo_async_inst/gnuram_async_fifo.xpm_fifo_base_inst/gen_cdc_pntr.wr_pntr_cdc_inst 
  This will add unnecessary latency to the design. Please check the design for the following: 
 1) Manually instantiated XPM_CDC modules: Xilinx recommends that you remove these modules. 
 2) Xilinx IP that contains XPM_CDC modules: Verify the connections to the IP to determine whether you can safely ignore this message.
 [/tools/Xilinx/Vivado/2022.2/data/ip/xpm/xpm_cdc/tcl/xpm_cdc_gray.tcl:16]
WARNING: [XPM_CDC_GRAY: TCL-1000] The source and destination clocks are the same. 
     Instance: bdw/design_1_i/hier_0/axi_mcdma_0/U0/I_PRMRY_DATAMOVER/GEN_S2MM_FULL.I_S2MM_FULL_WRAPPER/I_CMD_STATUS/GEN_INCLUDE_STATUS_FIFO.I_STS_FIFO/USE_ASYNC_FIFO.I_ASYNC_FIFO/I_ASYNC_FIFOGEN_FIFO/xpm_fifo_instance.xpm_fifo_async_inst/gnuram_async_fifo.xpm_fifo_base_inst/gen_cdc_pntr.rd_pntr_cdc_inst 
  This will add unnecessary latency to the design. Please check the design for the following: 
 1) Manually instantiated XPM_CDC modules: Xilinx recommends that you remove these modules. 
 2) Xilinx IP that contains XPM_CDC modules: Verify the connections to the IP to determine whether you can safely ignore this message.
 [/tools/Xilinx/Vivado/2022.2/data/ip/xpm/xpm_cdc/tcl/xpm_cdc_gray.tcl:16]
WARNING: [XPM_CDC_GRAY: TCL-1000] The source and destination clocks are the same. 
     Instance: bdw/design_1_i/hier_0/axi_mcdma_0/U0/I_PRMRY_DATAMOVER/GEN_S2MM_FULL.I_S2MM_FULL_WRAPPER/I_CMD_STATUS/I_CMD_FIFO/USE_ASYNC_FIFO.I_ASYNC_FIFO/I_ASYNC_FIFOGEN_FIFO/xpm_fifo_instance.xpm_fifo_async_inst/gnuram_async_fifo.xpm_fifo_base_inst/gen_cdc_pntr.wr_pntr_cdc_inst 
  This will add unnecessary latency to the design. Please check the design for the following: 
 1) Manually instantiated XPM_CDC modules: Xilinx recommends that you remove these modules. 
 2) Xilinx IP that contains XPM_CDC modules: Verify the connections to the IP to determine whether you can safely ignore this message.
 [/tools/Xilinx/Vivado/2022.2/data/ip/xpm/xpm_cdc/tcl/xpm_cdc_gray.tcl:16]
WARNING: [XPM_CDC_GRAY: TCL-1000] The source and destination clocks are the same. 
     Instance: bdw/design_1_i/hier_0/axi_mcdma_0/U0/I_PRMRY_DATAMOVER/GEN_S2MM_FULL.I_S2MM_FULL_WRAPPER/I_CMD_STATUS/I_CMD_FIFO/USE_ASYNC_FIFO.I_ASYNC_FIFO/I_ASYNC_FIFOGEN_FIFO/xpm_fifo_instance.xpm_fifo_async_inst/gnuram_async_fifo.xpm_fifo_base_inst/gen_cdc_pntr.rd_pntr_cdc_inst 
  This will add unnecessary latency to the design. Please check the design for the following: 
 1) Manually instantiated XPM_CDC modules: Xilinx recommends that you remove these modules. 
 2) Xilinx IP that contains XPM_CDC modules: Verify the connections to the IP to determine whether you can safely ignore this message.
 [/tools/Xilinx/Vivado/2022.2/data/ip/xpm/xpm_cdc/tcl/xpm_cdc_gray.tcl:16]
WARNING: [XPM_CDC_GRAY: TCL-1000] The source and destination clocks are the same. 
     Instance: bdw/design_1_i/hier_0/axi_mcdma_0/U0/I_PRMRY_DATAMOVER/GEN_MM2S_FULL.I_MM2S_FULL_WRAPPER/I_CMD_STATUS/GEN_INCLUDE_STATUS_FIFO.I_STS_FIFO/USE_ASYNC_FIFO.I_ASYNC_FIFO/I_ASYNC_FIFOGEN_FIFO/xpm_fifo_instance.xpm_fifo_async_inst/gnuram_async_fifo.xpm_fifo_base_inst/gen_cdc_pntr.wr_pntr_cdc_inst 
  This will add unnecessary latency to the design. Please check the design for the following: 
 1) Manually instantiated XPM_CDC modules: Xilinx recommends that you remove these modules. 
 2) Xilinx IP that contains XPM_CDC modules: Verify the connections to the IP to determine whether you can safely ignore this message.
 [/tools/Xilinx/Vivado/2022.2/data/ip/xpm/xpm_cdc/tcl/xpm_cdc_gray.tcl:16]
WARNING: [XPM_CDC_GRAY: TCL-1000] The source and destination clocks are the same. 
     Instance: bdw/design_1_i/hier_0/axi_mcdma_0/U0/I_PRMRY_DATAMOVER/GEN_MM2S_FULL.I_MM2S_FULL_WRAPPER/I_CMD_STATUS/GEN_INCLUDE_STATUS_FIFO.I_STS_FIFO/USE_ASYNC_FIFO.I_ASYNC_FIFO/I_ASYNC_FIFOGEN_FIFO/xpm_fifo_instance.xpm_fifo_async_inst/gnuram_async_fifo.xpm_fifo_base_inst/gen_cdc_pntr.rd_pntr_cdc_inst 
  This will add unnecessary latency to the design. Please check the design for the following: 
 1) Manually instantiated XPM_CDC modules: Xilinx recommends that you remove these modules. 
 2) Xilinx IP that contains XPM_CDC modules: Verify the connections to the IP to determine whether you can safely ignore this message.
 [/tools/Xilinx/Vivado/2022.2/data/ip/xpm/xpm_cdc/tcl/xpm_cdc_gray.tcl:16]
WARNING: [XPM_CDC_GRAY: TCL-1000] The source and destination clocks are the same. 
     Instance: bdw/design_1_i/hier_0/axi_mcdma_0/U0/I_PRMRY_DATAMOVER/GEN_MM2S_FULL.I_MM2S_FULL_WRAPPER/I_CMD_STATUS/I_CMD_FIFO/USE_ASYNC_FIFO.I_ASYNC_FIFO/I_ASYNC_FIFOGEN_FIFO/xpm_fifo_instance.xpm_fifo_async_inst/gnuram_async_fifo.xpm_fifo_base_inst/gen_cdc_pntr.wr_pntr_cdc_inst 
  This will add unnecessary latency to the design. Please check the design for the following: 
 1) Manually instantiated XPM_CDC modules: Xilinx recommends that you remove these modules. 
 2) Xilinx IP that contains XPM_CDC modules: Verify the connections to the IP to determine whether you can safely ignore this message.
 [/tools/Xilinx/Vivado/2022.2/data/ip/xpm/xpm_cdc/tcl/xpm_cdc_gray.tcl:16]
WARNING: [XPM_CDC_GRAY: TCL-1000] The source and destination clocks are the same. 
     Instance: bdw/design_1_i/hier_0/axi_mcdma_0/U0/I_PRMRY_DATAMOVER/GEN_MM2S_FULL.I_MM2S_FULL_WRAPPER/I_CMD_STATUS/I_CMD_FIFO/USE_ASYNC_FIFO.I_ASYNC_FIFO/I_ASYNC_FIFOGEN_FIFO/xpm_fifo_instance.xpm_fifo_async_inst/gnuram_async_fifo.xpm_fifo_base_inst/gen_cdc_pntr.rd_pntr_cdc_inst 
  This will add unnecessary latency to the design. Please check the design for the following: 
 1) Manually instantiated XPM_CDC modules: Xilinx recommends that you remove these modules. 
 2) Xilinx IP that contains XPM_CDC modules: Verify the connections to the IP to determine whether you can safely ignore this message.
 [/tools/Xilinx/Vivado/2022.2/data/ip/xpm/xpm_cdc/tcl/xpm_cdc_gray.tcl:16]
WARNING: [XPM_CDC_GRAY: TCL-1000] The source and destination clocks are the same. 
     Instance: bdw/design_1_i/hier_0/axi_mcdma_0/U0/INCLUDE_S2MM_SOF_EOF_GENERATOR.I_S2MM_SOFEOF_GEN/GEN_FOR_ASYNC.I_SOF_EOF_FIFO/I_ASYNC_FIFOGEN_FIFO/xpm_fifo_instance.xpm_fifo_async_inst/gnuram_async_fifo.xpm_fifo_base_inst/gen_cdc_pntr.wr_pntr_cdc_inst 
  This will add unnecessary latency to the design. Please check the design for the following: 
 1) Manually instantiated XPM_CDC modules: Xilinx recommends that you remove these modules. 
 2) Xilinx IP that contains XPM_CDC modules: Verify the connections to the IP to determine whether you can safely ignore this message.
 [/tools/Xilinx/Vivado/2022.2/data/ip/xpm/xpm_cdc/tcl/xpm_cdc_gray.tcl:16]
WARNING: [XPM_CDC_GRAY: TCL-1000] The source and destination clocks are the same. 
     Instance: bdw/design_1_i/hier_0/axi_mcdma_0/U0/INCLUDE_S2MM_SOF_EOF_GENERATOR.I_S2MM_SOFEOF_GEN/GEN_FOR_ASYNC.I_SOF_EOF_FIFO/I_ASYNC_FIFOGEN_FIFO/xpm_fifo_instance.xpm_fifo_async_inst/gnuram_async_fifo.xpm_fifo_base_inst/gen_cdc_pntr.rd_pntr_cdc_inst 
  This will add unnecessary latency to the design. Please check the design for the following: 
 1) Manually instantiated XPM_CDC modules: Xilinx recommends that you remove these modules. 
 2) Xilinx IP that contains XPM_CDC modules: Verify the connections to the IP to determine whether you can safely ignore this message.
 [/tools/Xilinx/Vivado/2022.2/data/ip/xpm/xpm_cdc/tcl/xpm_cdc_gray.tcl:16]
WARNING: [XPM_CDC_GRAY: TCL-1000] The source and destination clocks are the same. 
     Instance: bdw/design_1_i/hier_0/axi_mcdma_0/U0/INCLUDE_S2MM_SOF_EOF_GENERATOR.I_S2MM_DMA_MNGR/GEN_S2MM_DMA_CONTROL.GEN_STS_STREAM.I_S2MM_STS_STREAM/GEN_ASYNC_FIFO.I_STSSTRM_FIFO/I_ASYNC_FIFOGEN_FIFO/xpm_fifo_instance.xpm_fifo_async_inst/gnuram_async_fifo.xpm_fifo_base_inst/gen_cdc_pntr.wr_pntr_cdc_inst 
  This will add unnecessary latency to the design. Please check the design for the following: 
 1) Manually instantiated XPM_CDC modules: Xilinx recommends that you remove these modules. 
 2) Xilinx IP that contains XPM_CDC modules: Verify the connections to the IP to determine whether you can safely ignore this message.
 [/tools/Xilinx/Vivado/2022.2/data/ip/xpm/xpm_cdc/tcl/xpm_cdc_gray.tcl:16]
WARNING: [XPM_CDC_GRAY: TCL-1000] The source and destination clocks are the same. 
     Instance: bdw/design_1_i/hier_0/axi_mcdma_0/U0/INCLUDE_S2MM_SOF_EOF_GENERATOR.I_S2MM_DMA_MNGR/GEN_S2MM_DMA_CONTROL.GEN_STS_STREAM.I_S2MM_STS_STREAM/GEN_ASYNC_FIFO.I_STSSTRM_FIFO/I_ASYNC_FIFOGEN_FIFO/xpm_fifo_instance.xpm_fifo_async_inst/gnuram_async_fifo.xpm_fifo_base_inst/gen_cdc_pntr.rd_pntr_cdc_inst 
  This will add unnecessary latency to the design. Please check the design for the following: 
 1) Manually instantiated XPM_CDC modules: Xilinx recommends that you remove these modules. 
 2) Xilinx IP that contains XPM_CDC modules: Verify the connections to the IP to determine whether you can safely ignore this message.
 [/tools/Xilinx/Vivado/2022.2/data/ip/xpm/xpm_cdc/tcl/xpm_cdc_gray.tcl:16]
WARNING: [XPM_CDC_GRAY: TCL-1000] The source and destination clocks are the same. 
     Instance: bdw/design_1_i/hier_0/axi_mcdma_0/U0/INCLUDE_S2MM_SOF_EOF_GENERATOR.I_S2MM_DMA_MNGR/GEN_S2MM_DMA_CONTROL.I_S2MM_CMDSTS/ASYNC_FIFO.I_STSSTRM_FIFO_TUSER/I_ASYNC_FIFOGEN_FIFO/xpm_fifo_instance.xpm_fifo_async_inst/gnuram_async_fifo.xpm_fifo_base_inst/gen_cdc_pntr.wr_pntr_cdc_inst 
  This will add unnecessary latency to the design. Please check the design for the following: 
 1) Manually instantiated XPM_CDC modules: Xilinx recommends that you remove these modules. 
 2) Xilinx IP that contains XPM_CDC modules: Verify the connections to the IP to determine whether you can safely ignore this message.
 [/tools/Xilinx/Vivado/2022.2/data/ip/xpm/xpm_cdc/tcl/xpm_cdc_gray.tcl:16]
WARNING: [XPM_CDC_GRAY: TCL-1000] The source and destination clocks are the same. 
     Instance: bdw/design_1_i/hier_0/axi_mcdma_0/U0/INCLUDE_S2MM_SOF_EOF_GENERATOR.I_S2MM_DMA_MNGR/GEN_S2MM_DMA_CONTROL.I_S2MM_CMDSTS/ASYNC_FIFO.I_STSSTRM_FIFO_TUSER/I_ASYNC_FIFOGEN_FIFO/xpm_fifo_instance.xpm_fifo_async_inst/gnuram_async_fifo.xpm_fifo_base_inst/gen_cdc_pntr.rd_pntr_cdc_inst 
  This will add unnecessary latency to the design. Please check the design for the following: 
 1) Manually instantiated XPM_CDC modules: Xilinx recommends that you remove these modules. 
 2) Xilinx IP that contains XPM_CDC modules: Verify the connections to the IP to determine whether you can safely ignore this message.
 [/tools/Xilinx/Vivado/2022.2/data/ip/xpm/xpm_cdc/tcl/xpm_cdc_gray.tcl:16]
WARNING: [XPM_CDC_GRAY: TCL-1000] The source and destination clocks are the same. 
     Instance: bdw/design_1_i/hier_0/axi_mcdma_0/U0/INCLUDE_S2MM_SOF_EOF_GENERATOR.I_S2MM_DMA_MNGR/GEN_S2MM_DMA_CONTROL.I_S2MM_CMDSTS/ASYNC_FIFO.I_STSSTRM_FIFO_TID_TDEST/I_ASYNC_FIFOGEN_FIFO/xpm_fifo_instance.xpm_fifo_async_inst/gnuram_async_fifo.xpm_fifo_base_inst/gen_cdc_pntr.wr_pntr_cdc_inst 
  This will add unnecessary latency to the design. Please check the design for the following: 
 1) Manually instantiated XPM_CDC modules: Xilinx recommends that you remove these modules. 
 2) Xilinx IP that contains XPM_CDC modules: Verify the connections to the IP to determine whether you can safely ignore this message.
 [/tools/Xilinx/Vivado/2022.2/data/ip/xpm/xpm_cdc/tcl/xpm_cdc_gray.tcl:16]
WARNING: [XPM_CDC_GRAY: TCL-1000] The source and destination clocks are the same. 
     Instance: bdw/design_1_i/hier_0/axi_mcdma_0/U0/INCLUDE_S2MM_SOF_EOF_GENERATOR.I_S2MM_DMA_MNGR/GEN_S2MM_DMA_CONTROL.I_S2MM_CMDSTS/ASYNC_FIFO.I_STSSTRM_FIFO_TID_TDEST/I_ASYNC_FIFOGEN_FIFO/xpm_fifo_instance.xpm_fifo_async_inst/gnuram_async_fifo.xpm_fifo_base_inst/gen_cdc_pntr.rd_pntr_cdc_inst 
  This will add unnecessary latency to the design. Please check the design for the following: 
 1) Manually instantiated XPM_CDC modules: Xilinx recommends that you remove these modules. 
 2) Xilinx IP that contains XPM_CDC modules: Verify the connections to the IP to determine whether you can safely ignore this message.
 [/tools/Xilinx/Vivado/2022.2/data/ip/xpm/xpm_cdc/tcl/xpm_cdc_gray.tcl:16]
WARNING: [XPM_CDC_GRAY: TCL-1000] The source and destination clocks are the same. 
     Instance: bdw/design_1_i/hier_0/axi_mcdma_0/U0/INCLUDE_MM2S_SOF_EOF_GENERATOR.I_MM2S_SOFEOF_GEN/GEN_FOR_ASYNC.I_SOF_EOF_FIFO/I_ASYNC_FIFOGEN_FIFO/xpm_fifo_instance.xpm_fifo_async_inst/gnuram_async_fifo.xpm_fifo_base_inst/gen_cdc_pntr.wr_pntr_cdc_inst 
  This will add unnecessary latency to the design. Please check the design for the following: 
 1) Manually instantiated XPM_CDC modules: Xilinx recommends that you remove these modules. 
 2) Xilinx IP that contains XPM_CDC modules: Verify the connections to the IP to determine whether you can safely ignore this message.
 [/tools/Xilinx/Vivado/2022.2/data/ip/xpm/xpm_cdc/tcl/xpm_cdc_gray.tcl:16]
WARNING: [XPM_CDC_GRAY: TCL-1000] The source and destination clocks are the same. 
     Instance: bdw/design_1_i/hier_0/axi_mcdma_0/U0/INCLUDE_MM2S_SOF_EOF_GENERATOR.I_MM2S_SOFEOF_GEN/GEN_FOR_ASYNC.I_SOF_EOF_FIFO/I_ASYNC_FIFOGEN_FIFO/xpm_fifo_instance.xpm_fifo_async_inst/gnuram_async_fifo.xpm_fifo_base_inst/gen_cdc_pntr.wr_pntr_cdc_dc_inst 
  This will add unnecessary latency to the design. Please check the design for the following: 
 1) Manually instantiated XPM_CDC modules: Xilinx recommends that you remove these modules. 
 2) Xilinx IP that contains XPM_CDC modules: Verify the connections to the IP to determine whether you can safely ignore this message.
 [/tools/Xilinx/Vivado/2022.2/data/ip/xpm/xpm_cdc/tcl/xpm_cdc_gray.tcl:16]
WARNING: [XPM_CDC_GRAY: TCL-1000] The source and destination clocks are the same. 
     Instance: bdw/design_1_i/hier_0/axi_mcdma_0/U0/INCLUDE_MM2S_SOF_EOF_GENERATOR.I_MM2S_DMA_MNGR/GEN_MM2S_DMA_CONTROL.GEN_CNTRL_STREAM.I_MM2S_CNTRL_STREAM/GEN_ASYNC_FIFO.I_CNTRL_STRM_FIFO/I_ASYNC_FIFOGEN_FIFO/xpm_fifo_instance.xpm_fifo_async_inst/gnuram_async_fifo.xpm_fifo_base_inst/gen_cdc_pntr.wr_pntr_cdc_dc_inst 
  This will add unnecessary latency to the design. Please check the design for the following: 
 1) Manually instantiated XPM_CDC modules: Xilinx recommends that you remove these modules. 
 2) Xilinx IP that contains XPM_CDC modules: Verify the connections to the IP to determine whether you can safely ignore this message.
 [/tools/Xilinx/Vivado/2022.2/data/ip/xpm/xpm_cdc/tcl/xpm_cdc_gray.tcl:16]
WARNING: [XPM_CDC_GRAY: TCL-1000] The source and destination clocks are the same. 
     Instance: bdw/design_1_i/hier_0/axi_mcdma_0/U0/INCLUDE_MM2S_SOF_EOF_GENERATOR.I_MM2S_DMA_MNGR/GEN_MM2S_DMA_CONTROL.GEN_SCATTER_GATHER_MODE.I_MM2S_TDEST_FIFO/GEN_ASYNC_FIFO.I_TDEST_TID_FIFO/I_ASYNC_FIFOGEN_FIFO/xpm_fifo_instance.xpm_fifo_async_inst/gnuram_async_fifo.xpm_fifo_base_inst/gen_cdc_pntr.wr_pntr_cdc_dc_inst 
  This will add unnecessary latency to the design. Please check the design for the following: 
 1) Manually instantiated XPM_CDC modules: Xilinx recommends that you remove these modules. 
 2) Xilinx IP that contains XPM_CDC modules: Verify the connections to the IP to determine whether you can safely ignore this message.
 [/tools/Xilinx/Vivado/2022.2/data/ip/xpm/xpm_cdc/tcl/xpm_cdc_gray.tcl:16]
WARNING: [XPM_CDC_GRAY: TCL-1000] The source and destination clocks are the same. 
     Instance: bdw/design_1_i/hier_0/axi_mcdma_0/U0/INCLUDE_MM2S_SOF_EOF_GENERATOR.I_MM2S_DMA_MNGR/GEN_MM2S_DMA_CONTROL.GEN_SCATTER_GATHER_MODE.I_MM2S_TDEST_FIFO/GEN_ASYNC_FIFO.I_TUSER_FIFO/I_ASYNC_FIFOGEN_FIFO/xpm_fifo_instance.xpm_fifo_async_inst/gnuram_async_fifo.xpm_fifo_base_inst/gen_cdc_pntr.wr_pntr_cdc_dc_inst 
  This will add unnecessary latency to the design. Please check the design for the following: 
 1) Manually instantiated XPM_CDC modules: Xilinx recommends that you remove these modules. 
 2) Xilinx IP that contains XPM_CDC modules: Verify the connections to the IP to determine whether you can safely ignore this message.
 [/tools/Xilinx/Vivado/2022.2/data/ip/xpm/xpm_cdc/tcl/xpm_cdc_gray.tcl:16]
WARNING: [XPM_CDC_GRAY: TCL-1000] The source and destination clocks are the same. 
     Instance: bdw/design_1_i/hier_0/axi_mcdma_0/U0/I_PRMRY_DATAMOVER/GEN_S2MM_FULL.I_S2MM_FULL_WRAPPER/I_CMD_STATUS/GEN_INCLUDE_STATUS_FIFO.I_STS_FIFO/USE_ASYNC_FIFO.I_ASYNC_FIFO/I_ASYNC_FIFOGEN_FIFO/xpm_fifo_instance.xpm_fifo_async_inst/gnuram_async_fifo.xpm_fifo_base_inst/gen_cdc_pntr.wr_pntr_cdc_dc_inst 
  This will add unnecessary latency to the design. Please check the design for the following: 
 1) Manually instantiated XPM_CDC modules: Xilinx recommends that you remove these modules. 
 2) Xilinx IP that contains XPM_CDC modules: Verify the connections to the IP to determine whether you can safely ignore this message.
 [/tools/Xilinx/Vivado/2022.2/data/ip/xpm/xpm_cdc/tcl/xpm_cdc_gray.tcl:16]
WARNING: [XPM_CDC_GRAY: TCL-1000] The source and destination clocks are the same. 
     Instance: bdw/design_1_i/hier_0/axi_mcdma_0/U0/I_PRMRY_DATAMOVER/GEN_S2MM_FULL.I_S2MM_FULL_WRAPPER/I_CMD_STATUS/I_CMD_FIFO/USE_ASYNC_FIFO.I_ASYNC_FIFO/I_ASYNC_FIFOGEN_FIFO/xpm_fifo_instance.xpm_fifo_async_inst/gnuram_async_fifo.xpm_fifo_base_inst/gen_cdc_pntr.wr_pntr_cdc_dc_inst 
  This will add unnecessary latency to the design. Please check the design for the following: 
 1) Manually instantiated XPM_CDC modules: Xilinx recommends that you remove these modules. 
 2) Xilinx IP that contains XPM_CDC modules: Verify the connections to the IP to determine whether you can safely ignore this message.
 [/tools/Xilinx/Vivado/2022.2/data/ip/xpm/xpm_cdc/tcl/xpm_cdc_gray.tcl:16]
WARNING: [XPM_CDC_GRAY: TCL-1000] The source and destination clocks are the same. 
     Instance: bdw/design_1_i/hier_0/axi_mcdma_0/U0/I_PRMRY_DATAMOVER/GEN_MM2S_FULL.I_MM2S_FULL_WRAPPER/I_CMD_STATUS/GEN_INCLUDE_STATUS_FIFO.I_STS_FIFO/USE_ASYNC_FIFO.I_ASYNC_FIFO/I_ASYNC_FIFOGEN_FIFO/xpm_fifo_instance.xpm_fifo_async_inst/gnuram_async_fifo.xpm_fifo_base_inst/gen_cdc_pntr.wr_pntr_cdc_dc_inst 
  This will add unnecessary latency to the design. Please check the design for the following: 
 1) Manually instantiated XPM_CDC modules: Xilinx recommends that you remove these modules. 
 2) Xilinx IP that contains XPM_CDC modules: Verify the connections to the IP to determine whether you can safely ignore this message.
 [/tools/Xilinx/Vivado/2022.2/data/ip/xpm/xpm_cdc/tcl/xpm_cdc_gray.tcl:16]
WARNING: [XPM_CDC_GRAY: TCL-1000] The source and destination clocks are the same. 
     Instance: bdw/design_1_i/hier_0/axi_mcdma_0/U0/I_PRMRY_DATAMOVER/GEN_MM2S_FULL.I_MM2S_FULL_WRAPPER/I_CMD_STATUS/I_CMD_FIFO/USE_ASYNC_FIFO.I_ASYNC_FIFO/I_ASYNC_FIFOGEN_FIFO/xpm_fifo_instance.xpm_fifo_async_inst/gnuram_async_fifo.xpm_fifo_base_inst/gen_cdc_pntr.wr_pntr_cdc_dc_inst 
  This will add unnecessary latency to the design. Please check the design for the following: 
 1) Manually instantiated XPM_CDC modules: Xilinx recommends that you remove these modules. 
 2) Xilinx IP that contains XPM_CDC modules: Verify the connections to the IP to determine whether you can safely ignore this message.
 [/tools/Xilinx/Vivado/2022.2/data/ip/xpm/xpm_cdc/tcl/xpm_cdc_gray.tcl:16]
WARNING: [XPM_CDC_GRAY: TCL-1000] The source and destination clocks are the same. 
     Instance: bdw/design_1_i/hier_0/axi_mcdma_0/U0/INCLUDE_S2MM_SOF_EOF_GENERATOR.I_S2MM_SOFEOF_GEN/GEN_FOR_ASYNC.I_SOF_EOF_FIFO/I_ASYNC_FIFOGEN_FIFO/xpm_fifo_instance.xpm_fifo_async_inst/gnuram_async_fifo.xpm_fifo_base_inst/gen_cdc_pntr.wr_pntr_cdc_dc_inst 
  This will add unnecessary latency to the design. Please check the design for the following: 
 1) Manually instantiated XPM_CDC modules: Xilinx recommends that you remove these modules. 
 2) Xilinx IP that contains XPM_CDC modules: Verify the connections to the IP to determine whether you can safely ignore this message.
 [/tools/Xilinx/Vivado/2022.2/data/ip/xpm/xpm_cdc/tcl/xpm_cdc_gray.tcl:16]
WARNING: [XPM_CDC_GRAY: TCL-1000] The source and destination clocks are the same. 
     Instance: bdw/design_1_i/hier_0/axi_mcdma_0/U0/INCLUDE_S2MM_SOF_EOF_GENERATOR.I_S2MM_DMA_MNGR/GEN_S2MM_DMA_CONTROL.GEN_STS_STREAM.I_S2MM_STS_STREAM/GEN_ASYNC_FIFO.I_STSSTRM_FIFO/I_ASYNC_FIFOGEN_FIFO/xpm_fifo_instance.xpm_fifo_async_inst/gnuram_async_fifo.xpm_fifo_base_inst/gen_cdc_pntr.wr_pntr_cdc_dc_inst 
  This will add unnecessary latency to the design. Please check the design for the following: 
 1) Manually instantiated XPM_CDC modules: Xilinx recommends that you remove these modules. 
 2) Xilinx IP that contains XPM_CDC modules: Verify the connections to the IP to determine whether you can safely ignore this message.
 [/tools/Xilinx/Vivado/2022.2/data/ip/xpm/xpm_cdc/tcl/xpm_cdc_gray.tcl:16]
WARNING: [XPM_CDC_GRAY: TCL-1000] The source and destination clocks are the same. 
     Instance: bdw/design_1_i/hier_0/axi_mcdma_0/U0/INCLUDE_S2MM_SOF_EOF_GENERATOR.I_S2MM_DMA_MNGR/GEN_S2MM_DMA_CONTROL.I_S2MM_CMDSTS/ASYNC_FIFO.I_STSSTRM_FIFO_TUSER/I_ASYNC_FIFOGEN_FIFO/xpm_fifo_instance.xpm_fifo_async_inst/gnuram_async_fifo.xpm_fifo_base_inst/gen_cdc_pntr.wr_pntr_cdc_dc_inst 
  This will add unnecessary latency to the design. Please check the design for the following: 
 1) Manually instantiated XPM_CDC modules: Xilinx recommends that you remove these modules. 
 2) Xilinx IP that contains XPM_CDC modules: Verify the connections to the IP to determine whether you can safely ignore this message.
 [/tools/Xilinx/Vivado/2022.2/data/ip/xpm/xpm_cdc/tcl/xpm_cdc_gray.tcl:16]
WARNING: [XPM_CDC_GRAY: TCL-1000] The source and destination clocks are the same. 
     Instance: bdw/design_1_i/hier_0/axi_mcdma_0/U0/INCLUDE_S2MM_SOF_EOF_GENERATOR.I_S2MM_DMA_MNGR/GEN_S2MM_DMA_CONTROL.I_S2MM_CMDSTS/ASYNC_FIFO.I_STSSTRM_FIFO_TID_TDEST/I_ASYNC_FIFOGEN_FIFO/xpm_fifo_instance.xpm_fifo_async_inst/gnuram_async_fifo.xpm_fifo_base_inst/gen_cdc_pntr.wr_pntr_cdc_dc_inst 
  This will add unnecessary latency to the design. Please check the design for the following: 
 1) Manually instantiated XPM_CDC modules: Xilinx recommends that you remove these modules. 
 2) Xilinx IP that contains XPM_CDC modules: Verify the connections to the IP to determine whether you can safely ignore this message.
 [/tools/Xilinx/Vivado/2022.2/data/ip/xpm/xpm_cdc/tcl/xpm_cdc_gray.tcl:16]
WARNING: [XPM_CDC_GRAY: TCL-1000] The source and destination clocks are the same. 
     Instance: bdw/design_1_i/hier_0/axi_mcdma_0/U0/INCLUDE_MM2S_SOF_EOF_GENERATOR.I_MM2S_SOFEOF_GEN/GEN_FOR_ASYNC.I_SOF_EOF_FIFO/I_ASYNC_FIFOGEN_FIFO/xpm_fifo_instance.xpm_fifo_async_inst/gnuram_async_fifo.xpm_fifo_base_inst/gen_cdc_pntr.rd_pntr_cdc_dc_inst 
  This will add unnecessary latency to the design. Please check the design for the following: 
 1) Manually instantiated XPM_CDC modules: Xilinx recommends that you remove these modules. 
 2) Xilinx IP that contains XPM_CDC modules: Verify the connections to the IP to determine whether you can safely ignore this message.
 [/tools/Xilinx/Vivado/2022.2/data/ip/xpm/xpm_cdc/tcl/xpm_cdc_gray.tcl:16]
WARNING: [XPM_CDC_GRAY: TCL-1000] The source and destination clocks are the same. 
     Instance: bdw/design_1_i/hier_0/axi_mcdma_0/U0/INCLUDE_MM2S_SOF_EOF_GENERATOR.I_MM2S_DMA_MNGR/GEN_MM2S_DMA_CONTROL.GEN_CNTRL_STREAM.I_MM2S_CNTRL_STREAM/GEN_ASYNC_FIFO.I_CNTRL_STRM_FIFO/I_ASYNC_FIFOGEN_FIFO/xpm_fifo_instance.xpm_fifo_async_inst/gnuram_async_fifo.xpm_fifo_base_inst/gen_cdc_pntr.rd_pntr_cdc_dc_inst 
  This will add unnecessary latency to the design. Please check the design for the following: 
 1) Manually instantiated XPM_CDC modules: Xilinx recommends that you remove these modules. 
 2) Xilinx IP that contains XPM_CDC modules: Verify the connections to the IP to determine whether you can safely ignore this message.
 [/tools/Xilinx/Vivado/2022.2/data/ip/xpm/xpm_cdc/tcl/xpm_cdc_gray.tcl:16]
WARNING: [XPM_CDC_GRAY: TCL-1000] The source and destination clocks are the same. 
     Instance: bdw/design_1_i/hier_0/axi_mcdma_0/U0/INCLUDE_MM2S_SOF_EOF_GENERATOR.I_MM2S_DMA_MNGR/GEN_MM2S_DMA_CONTROL.GEN_SCATTER_GATHER_MODE.I_MM2S_TDEST_FIFO/GEN_ASYNC_FIFO.I_TDEST_TID_FIFO/I_ASYNC_FIFOGEN_FIFO/xpm_fifo_instance.xpm_fifo_async_inst/gnuram_async_fifo.xpm_fifo_base_inst/gen_cdc_pntr.rd_pntr_cdc_dc_inst 
  This will add unnecessary latency to the design. Please check the design for the following: 
 1) Manually instantiated XPM_CDC modules: Xilinx recommends that you remove these modules. 
 2) Xilinx IP that contains XPM_CDC modules: Verify the connections to the IP to determine whether you can safely ignore this message.
 [/tools/Xilinx/Vivado/2022.2/data/ip/xpm/xpm_cdc/tcl/xpm_cdc_gray.tcl:16]
WARNING: [XPM_CDC_GRAY: TCL-1000] The source and destination clocks are the same. 
     Instance: bdw/design_1_i/hier_0/axi_mcdma_0/U0/INCLUDE_MM2S_SOF_EOF_GENERATOR.I_MM2S_DMA_MNGR/GEN_MM2S_DMA_CONTROL.GEN_SCATTER_GATHER_MODE.I_MM2S_TDEST_FIFO/GEN_ASYNC_FIFO.I_TUSER_FIFO/I_ASYNC_FIFOGEN_FIFO/xpm_fifo_instance.xpm_fifo_async_inst/gnuram_async_fifo.xpm_fifo_base_inst/gen_cdc_pntr.rd_pntr_cdc_dc_inst 
  This will add unnecessary latency to the design. Please check the design for the following: 
 1) Manually instantiated XPM_CDC modules: Xilinx recommends that you remove these modules. 
 2) Xilinx IP that contains XPM_CDC modules: Verify the connections to the IP to determine whether you can safely ignore this message.
 [/tools/Xilinx/Vivado/2022.2/data/ip/xpm/xpm_cdc/tcl/xpm_cdc_gray.tcl:16]
WARNING: [XPM_CDC_GRAY: TCL-1000] The source and destination clocks are the same. 
     Instance: bdw/design_1_i/hier_0/axi_mcdma_0/U0/I_PRMRY_DATAMOVER/GEN_S2MM_FULL.I_S2MM_FULL_WRAPPER/I_CMD_STATUS/GEN_INCLUDE_STATUS_FIFO.I_STS_FIFO/USE_ASYNC_FIFO.I_ASYNC_FIFO/I_ASYNC_FIFOGEN_FIFO/xpm_fifo_instance.xpm_fifo_async_inst/gnuram_async_fifo.xpm_fifo_base_inst/gen_cdc_pntr.rd_pntr_cdc_dc_inst 
  This will add unnecessary latency to the design. Please check the design for the following: 
 1) Manually instantiated XPM_CDC modules: Xilinx recommends that you remove these modules. 
 2) Xilinx IP that contains XPM_CDC modules: Verify the connections to the IP to determine whether you can safely ignore this message.
 [/tools/Xilinx/Vivado/2022.2/data/ip/xpm/xpm_cdc/tcl/xpm_cdc_gray.tcl:16]
WARNING: [XPM_CDC_GRAY: TCL-1000] The source and destination clocks are the same. 
     Instance: bdw/design_1_i/hier_0/axi_mcdma_0/U0/I_PRMRY_DATAMOVER/GEN_S2MM_FULL.I_S2MM_FULL_WRAPPER/I_CMD_STATUS/I_CMD_FIFO/USE_ASYNC_FIFO.I_ASYNC_FIFO/I_ASYNC_FIFOGEN_FIFO/xpm_fifo_instance.xpm_fifo_async_inst/gnuram_async_fifo.xpm_fifo_base_inst/gen_cdc_pntr.rd_pntr_cdc_dc_inst 
  This will add unnecessary latency to the design. Please check the design for the following: 
 1) Manually instantiated XPM_CDC modules: Xilinx recommends that you remove these modules. 
 2) Xilinx IP that contains XPM_CDC modules: Verify the connections to the IP to determine whether you can safely ignore this message.
 [/tools/Xilinx/Vivado/2022.2/data/ip/xpm/xpm_cdc/tcl/xpm_cdc_gray.tcl:16]
WARNING: [XPM_CDC_GRAY: TCL-1000] The source and destination clocks are the same. 
     Instance: bdw/design_1_i/hier_0/axi_mcdma_0/U0/I_PRMRY_DATAMOVER/GEN_MM2S_FULL.I_MM2S_FULL_WRAPPER/I_CMD_STATUS/GEN_INCLUDE_STATUS_FIFO.I_STS_FIFO/USE_ASYNC_FIFO.I_ASYNC_FIFO/I_ASYNC_FIFOGEN_FIFO/xpm_fifo_instance.xpm_fifo_async_inst/gnuram_async_fifo.xpm_fifo_base_inst/gen_cdc_pntr.rd_pntr_cdc_dc_inst 
  This will add unnecessary latency to the design. Please check the design for the following: 
 1) Manually instantiated XPM_CDC modules: Xilinx recommends that you remove these modules. 
 2) Xilinx IP that contains XPM_CDC modules: Verify the connections to the IP to determine whether you can safely ignore this message.
 [/tools/Xilinx/Vivado/2022.2/data/ip/xpm/xpm_cdc/tcl/xpm_cdc_gray.tcl:16]
WARNING: [XPM_CDC_GRAY: TCL-1000] The source and destination clocks are the same. 
     Instance: bdw/design_1_i/hier_0/axi_mcdma_0/U0/I_PRMRY_DATAMOVER/GEN_MM2S_FULL.I_MM2S_FULL_WRAPPER/I_CMD_STATUS/I_CMD_FIFO/USE_ASYNC_FIFO.I_ASYNC_FIFO/I_ASYNC_FIFOGEN_FIFO/xpm_fifo_instance.xpm_fifo_async_inst/gnuram_async_fifo.xpm_fifo_base_inst/gen_cdc_pntr.rd_pntr_cdc_dc_inst 
  This will add unnecessary latency to the design. Please check the design for the following: 
 1) Manually instantiated XPM_CDC modules: Xilinx recommends that you remove these modules. 
 2) Xilinx IP that contains XPM_CDC modules: Verify the connections to the IP to determine whether you can safely ignore this message.
 [/tools/Xilinx/Vivado/2022.2/data/ip/xpm/xpm_cdc/tcl/xpm_cdc_gray.tcl:16]
WARNING: [XPM_CDC_GRAY: TCL-1000] The source and destination clocks are the same. 
     Instance: bdw/design_1_i/hier_0/axi_mcdma_0/U0/INCLUDE_S2MM_SOF_EOF_GENERATOR.I_S2MM_SOFEOF_GEN/GEN_FOR_ASYNC.I_SOF_EOF_FIFO/I_ASYNC_FIFOGEN_FIFO/xpm_fifo_instance.xpm_fifo_async_inst/gnuram_async_fifo.xpm_fifo_base_inst/gen_cdc_pntr.rd_pntr_cdc_dc_inst 
  This will add unnecessary latency to the design. Please check the design for the following: 
 1) Manually instantiated XPM_CDC modules: Xilinx recommends that you remove these modules. 
 2) Xilinx IP that contains XPM_CDC modules: Verify the connections to the IP to determine whether you can safely ignore this message.
 [/tools/Xilinx/Vivado/2022.2/data/ip/xpm/xpm_cdc/tcl/xpm_cdc_gray.tcl:16]
WARNING: [XPM_CDC_GRAY: TCL-1000] The source and destination clocks are the same. 
     Instance: bdw/design_1_i/hier_0/axi_mcdma_0/U0/INCLUDE_S2MM_SOF_EOF_GENERATOR.I_S2MM_DMA_MNGR/GEN_S2MM_DMA_CONTROL.GEN_STS_STREAM.I_S2MM_STS_STREAM/GEN_ASYNC_FIFO.I_STSSTRM_FIFO/I_ASYNC_FIFOGEN_FIFO/xpm_fifo_instance.xpm_fifo_async_inst/gnuram_async_fifo.xpm_fifo_base_inst/gen_cdc_pntr.rd_pntr_cdc_dc_inst 
  This will add unnecessary latency to the design. Please check the design for the following: 
 1) Manually instantiated XPM_CDC modules: Xilinx recommends that you remove these modules. 
 2) Xilinx IP that contains XPM_CDC modules: Verify the connections to the IP to determine whether you can safely ignore this message.
 [/tools/Xilinx/Vivado/2022.2/data/ip/xpm/xpm_cdc/tcl/xpm_cdc_gray.tcl:16]
WARNING: [XPM_CDC_GRAY: TCL-1000] The source and destination clocks are the same. 
     Instance: bdw/design_1_i/hier_0/axi_mcdma_0/U0/INCLUDE_S2MM_SOF_EOF_GENERATOR.I_S2MM_DMA_MNGR/GEN_S2MM_DMA_CONTROL.I_S2MM_CMDSTS/ASYNC_FIFO.I_STSSTRM_FIFO_TUSER/I_ASYNC_FIFOGEN_FIFO/xpm_fifo_instance.xpm_fifo_async_inst/gnuram_async_fifo.xpm_fifo_base_inst/gen_cdc_pntr.rd_pntr_cdc_dc_inst 
  This will add unnecessary latency to the design. Please check the design for the following: 
 1) Manually instantiated XPM_CDC modules: Xilinx recommends that you remove these modules. 
 2) Xilinx IP that contains XPM_CDC modules: Verify the connections to the IP to determine whether you can safely ignore this message.
 [/tools/Xilinx/Vivado/2022.2/data/ip/xpm/xpm_cdc/tcl/xpm_cdc_gray.tcl:16]
WARNING: [XPM_CDC_GRAY: TCL-1000] The source and destination clocks are the same. 
     Instance: bdw/design_1_i/hier_0/axi_mcdma_0/U0/INCLUDE_S2MM_SOF_EOF_GENERATOR.I_S2MM_DMA_MNGR/GEN_S2MM_DMA_CONTROL.I_S2MM_CMDSTS/ASYNC_FIFO.I_STSSTRM_FIFO_TID_TDEST/I_ASYNC_FIFOGEN_FIFO/xpm_fifo_instance.xpm_fifo_async_inst/gnuram_async_fifo.xpm_fifo_base_inst/gen_cdc_pntr.rd_pntr_cdc_dc_inst 
  This will add unnecessary latency to the design. Please check the design for the following: 
 1) Manually instantiated XPM_CDC modules: Xilinx recommends that you remove these modules. 
 2) Xilinx IP that contains XPM_CDC modules: Verify the connections to the IP to determine whether you can safely ignore this message.
 [/tools/Xilinx/Vivado/2022.2/data/ip/xpm/xpm_cdc/tcl/xpm_cdc_gray.tcl:16]
INFO: [Project 1-1714] 393 XPM XDC files have been applied to the design.
INFO: [Opt 31-138] Pushed 0 inverter(s) to 0 load pin(s).
INFO: [Opt 31-422] The CLOCK_DOMAINS attribute on the BRAM cell bdw/design_1_i/cpu/blk_mem_gen_0/U0/inst_blk_mem_gen/gnbram.gnative_mem_map_bmg.native_mem_map_blk_mem_gen/valid.cstr/ramloop[0].ram.r/prim_noinit.ram/DEVICE_8SERIES.WITH_BMM_INFO.TRUE_DP.SIMPLE_PRIM36.SERIES8_TDP_SP36_NO_ECC_ATTR.ram has been changed from INDEPENDENT to COMMON to match the clocking topology used for the BRAM.
INFO: [Opt 31-422] The CLOCK_DOMAINS attribute on the BRAM cell bdw/design_1_i/cpu/blk_mem_gen_0/U0/inst_blk_mem_gen/gnbram.gnative_mem_map_bmg.native_mem_map_blk_mem_gen/valid.cstr/ramloop[1].ram.r/prim_noinit.ram/DEVICE_8SERIES.WITH_BMM_INFO.TRUE_DP.SIMPLE_PRIM36.SERIES8_TDP_SP36_NO_ECC_ATTR.ram has been changed from INDEPENDENT to COMMON to match the clocking topology used for the BRAM.
INFO: [Opt 31-422] The CLOCK_DOMAINS attribute on the BRAM cell bdw/design_1_i/hier_0/axi_mcdma_0/U0/I_PRMRY_DATAMOVER/GEN_MM2S_FULL.I_MM2S_FULL_WRAPPER/I_CMD_STATUS/GEN_INCLUDE_STATUS_FIFO.I_STS_FIFO/USE_ASYNC_FIFO.I_ASYNC_FIFO/I_ASYNC_FIFOGEN_FIFO/xpm_fifo_instance.xpm_fifo_async_inst/gnuram_async_fifo.xpm_fifo_base_inst/gen_sdpram.xpm_memory_base_inst/gen_wr_a.gen_word_narrow.mem_reg_bram_0 has been changed from INDEPENDENT to COMMON to match the clocking topology used for the BRAM.
INFO: [Opt 31-422] The CLOCK_DOMAINS attribute on the BRAM cell bdw/design_1_i/hier_0/axi_mcdma_0/U0/I_PRMRY_DATAMOVER/GEN_MM2S_FULL.I_MM2S_FULL_WRAPPER/I_CMD_STATUS/I_CMD_FIFO/USE_ASYNC_FIFO.I_ASYNC_FIFO/I_ASYNC_FIFOGEN_FIFO/xpm_fifo_instance.xpm_fifo_async_inst/gnuram_async_fifo.xpm_fifo_base_inst/gen_sdpram.xpm_memory_base_inst/gen_wr_a.gen_word_narrow.mem_reg_0 has been changed from INDEPENDENT to COMMON to match the clocking topology used for the BRAM.
INFO: [Opt 31-422] The CLOCK_DOMAINS attribute on the BRAM cell bdw/design_1_i/hier_0/axi_mcdma_0/U0/I_PRMRY_DATAMOVER/GEN_MM2S_FULL.I_MM2S_FULL_WRAPPER/I_CMD_STATUS/I_CMD_FIFO/USE_ASYNC_FIFO.I_ASYNC_FIFO/I_ASYNC_FIFOGEN_FIFO/xpm_fifo_instance.xpm_fifo_async_inst/gnuram_async_fifo.xpm_fifo_base_inst/gen_sdpram.xpm_memory_base_inst/gen_wr_a.gen_word_narrow.mem_reg_1 has been changed from INDEPENDENT to COMMON to match the clocking topology used for the BRAM.
INFO: [Opt 31-422] The CLOCK_DOMAINS attribute on the BRAM cell bdw/design_1_i/hier_0/axi_mcdma_0/U0/I_PRMRY_DATAMOVER/GEN_S2MM_FULL.I_S2MM_FULL_WRAPPER/I_CMD_STATUS/GEN_INCLUDE_STATUS_FIFO.I_STS_FIFO/USE_ASYNC_FIFO.I_ASYNC_FIFO/I_ASYNC_FIFOGEN_FIFO/xpm_fifo_instance.xpm_fifo_async_inst/gnuram_async_fifo.xpm_fifo_base_inst/gen_sdpram.xpm_memory_base_inst/gen_wr_a.gen_word_narrow.mem_reg has been changed from INDEPENDENT to COMMON to match the clocking topology used for the BRAM.
INFO: [Opt 31-422] The CLOCK_DOMAINS attribute on the BRAM cell bdw/design_1_i/hier_0/axi_mcdma_0/U0/I_PRMRY_DATAMOVER/GEN_S2MM_FULL.I_S2MM_FULL_WRAPPER/I_CMD_STATUS/I_CMD_FIFO/USE_ASYNC_FIFO.I_ASYNC_FIFO/I_ASYNC_FIFOGEN_FIFO/xpm_fifo_instance.xpm_fifo_async_inst/gnuram_async_fifo.xpm_fifo_base_inst/gen_sdpram.xpm_memory_base_inst/gen_wr_a.gen_word_narrow.mem_reg_0 has been changed from INDEPENDENT to COMMON to match the clocking topology used for the BRAM.
INFO: [Opt 31-422] The CLOCK_DOMAINS attribute on the BRAM cell bdw/design_1_i/hier_0/axi_mcdma_0/U0/I_PRMRY_DATAMOVER/GEN_S2MM_FULL.I_S2MM_FULL_WRAPPER/I_CMD_STATUS/I_CMD_FIFO/USE_ASYNC_FIFO.I_ASYNC_FIFO/I_ASYNC_FIFOGEN_FIFO/xpm_fifo_instance.xpm_fifo_async_inst/gnuram_async_fifo.xpm_fifo_base_inst/gen_sdpram.xpm_memory_base_inst/gen_wr_a.gen_word_narrow.mem_reg_1 has been changed from INDEPENDENT to COMMON to match the clocking topology used for the BRAM.
INFO: [Project 1-1687] 66 scoped IP constraints or related sub-commands were skipped due to synthesis logic optimizations usually triggered by constant connectivity or unconnected output pins. To review the skipped constraints and messages, run the command 'set_param netlist.IPMsgFiltering false' before opening the design.
Netlist sorting complete. Time (s): cpu = 00:00:00.04 ; elapsed = 00:00:00.05 . Memory (MB): peak = 5632.133 ; gain = 0.000 ; free physical = 2998 ; free virtual = 11644
INFO: [Project 1-111] Unisim Transformation Summary:
  A total of 1020 instances were transformed.
  CFGLUT5 => CFGLUT5 (SRL16E, SRLC32E): 784 instances
  IBUF => IBUF (IBUFCTRL, INBUF): 19 instances
  IOBUF => IOBUF (IBUFCTRL, INBUF, OBUFT): 15 instances
  RAM32M => RAM32M (RAMD32(x6), RAMS32(x2)): 35 instances
  RAM32M16 => RAM32M16 (RAMD32(x14), RAMS32(x2)): 129 instances
  RAM32X1D => RAM32X1D (RAMD32(x2)): 9 instances
  RAM64M => RAM64M (RAMD64E(x4)): 1 instance 
  RAM64M8 => RAM64M8 (RAMD64E(x8)): 20 instances
  RAM64X1D => RAM64X1D (RAMD64E(x2)): 8 instances

133 Infos, 223 Warnings, 5 Critical Warnings and 0 Errors encountered.
link_design completed successfully
link_design: Time (s): cpu = 00:02:12 ; elapsed = 00:01:22 . Memory (MB): peak = 5632.133 ; gain = 2657.316 ; free physical = 2970 ; free virtual = 11616
source /home/agreshil/vivado_projects/i2c-master/x2o-vivado-usplus-control-i2c-master-pl/control/apex_kria/apex_kria.srcs/utils_1/imports/apex_kria.srcs/sources_1/tcl/c2c_gt_refclk.tcl
Command: opt_design
Attempting to get a license for feature 'Implementation' and/or device 'xck26'
INFO: [Common 17-349] Got license for feature 'Implementation' and/or device 'xck26'
Running DRC as a precondition to command opt_design

Starting DRC Task
INFO: [DRC 23-27] Running DRC with 8 threads
INFO: [Project 1-461] DRC finished with 0 Errors, 1 Warnings
INFO: [Project 1-462] Please refer to the DRC report (report_drc) for more information.

Time (s): cpu = 00:00:03 ; elapsed = 00:00:01 . Memory (MB): peak = 5632.133 ; gain = 0.000 ; free physical = 2884 ; free virtual = 11529

Starting Cache Timing Information Task
INFO: [Timing 38-35] Done setting XDC timing constraints.
WARNING: [Timing 38-3] User defined clock exists on pin c2c_mgt/c2c_gth/inst/gen_gtwizard_gthe4_top.c2c_gth_7p8125g_gtwizard_gthe4_inst/gen_gtwizard_gthe4.gen_channel_container[1].gen_enabled_channel.gthe4_channel_wrapper_inst/channel_inst/gthe4_channel_gen.gen_gthe4_channel_inst[0].GTHE4_CHANNEL_PRIM_INST/RXOUTCLK [See /home/agreshil/vivado_projects/i2c-master/x2o-vivado-usplus-control-i2c-master-pl/control/apex_kria/apex_kria.srcs/constrs_1/imports/new/7015_primary.xdc:109] and will prevent any subsequent automatic derivation of generated clocks on that pin. If the user defined clock specifies '-add', any existing auto-derived clocks on that pin are retained.
WARNING: [Timing 38-3] User defined clock exists on pin c2c_mgt/c2c_gth/inst/gen_gtwizard_gthe4_top.c2c_gth_7p8125g_gtwizard_gthe4_inst/gen_gtwizard_gthe4.gen_channel_container[1].gen_enabled_channel.gthe4_channel_wrapper_inst/channel_inst/gthe4_channel_gen.gen_gthe4_channel_inst[0].GTHE4_CHANNEL_PRIM_INST/TXOUTCLK [See /home/agreshil/vivado_projects/i2c-master/x2o-vivado-usplus-control-i2c-master-pl/control/apex_kria/apex_kria.srcs/constrs_1/imports/new/7015_primary.xdc:107] and will prevent any subsequent automatic derivation of generated clocks on that pin. If the user defined clock specifies '-add', any existing auto-derived clocks on that pin are retained.
WARNING: [Timing 38-3] User defined clock exists on pin c2c_mgt/c2c_gth/inst/gen_gtwizard_gthe4_top.c2c_gth_7p8125g_gtwizard_gthe4_inst/gen_gtwizard_gthe4.gen_channel_container[1].gen_enabled_channel.gthe4_channel_wrapper_inst/channel_inst/gthe4_channel_gen.gen_gthe4_channel_inst[1].GTHE4_CHANNEL_PRIM_INST/RXOUTCLK [See /home/agreshil/vivado_projects/i2c-master/x2o-vivado-usplus-control-i2c-master-pl/control/apex_kria/apex_kria.srcs/constrs_1/imports/new/7015_primary.xdc:110] and will prevent any subsequent automatic derivation of generated clocks on that pin. If the user defined clock specifies '-add', any existing auto-derived clocks on that pin are retained.
WARNING: [Timing 38-3] User defined clock exists on pin c2c_mgt/c2c_gth/inst/gen_gtwizard_gthe4_top.c2c_gth_7p8125g_gtwizard_gthe4_inst/gen_gtwizard_gthe4.gen_channel_container[1].gen_enabled_channel.gthe4_channel_wrapper_inst/channel_inst/gthe4_channel_gen.gen_gthe4_channel_inst[1].GTHE4_CHANNEL_PRIM_INST/TXOUTCLK [See /home/agreshil/vivado_projects/i2c-master/x2o-vivado-usplus-control-i2c-master-pl/control/apex_kria/apex_kria.srcs/constrs_1/imports/new/7015_primary.xdc:108] and will prevent any subsequent automatic derivation of generated clocks on that pin. If the user defined clock specifies '-add', any existing auto-derived clocks on that pin are retained.
INFO: [Timing 38-2] Deriving generated clocks
Ending Cache Timing Information Task | Checksum: 15b745902

Time (s): cpu = 00:00:13 ; elapsed = 00:00:04 . Memory (MB): peak = 5632.133 ; gain = 0.000 ; free physical = 2729 ; free virtual = 11374

Starting Logic Optimization Task

Phase 1 Generate And Synthesize Debug Cores
INFO: [Chipscope 16-329] Generating Script for core instance : bdw/design_1_i/dbg/debug_bridge_1/inst/xsdbm 
INFO: [IP_Flow 19-3806] Processing IP xilinx.com:ip:xsdbm:3.0 for cell xsdbm_CV.
INFO: [Chipscope 16-469] Using cached IP synthesis design for IP xilinx.com:ip:xsdbm:3.0, cache-ID = 01a412aa92e1d1f2.
Netlist sorting complete. Time (s): cpu = 00:00:00.09 ; elapsed = 00:00:00.09 . Memory (MB): peak = 5632.133 ; gain = 0.000 ; free physical = 2163 ; free virtual = 10548
Phase 1 Generate And Synthesize Debug Cores | Checksum: 16581b687

Time (s): cpu = 00:00:30 ; elapsed = 00:00:26 . Memory (MB): peak = 5632.133 ; gain = 0.000 ; free physical = 2163 ; free virtual = 10547

Phase 2 Retarget
INFO: [Opt 31-1287] Pulled Inverter bdw/design_1_i/C2C/axi_chip2chip_0/inst/master_fpga_gen.axi_chip2chip_master_inst/axi_chip2chip_ar_fifo_inst/axi_chip2chip_async_fifo_inst/xpm_fifo_async_inst/gnuram_async_fifo.xpm_fifo_base_inst/xpm_fifo_rst_inst/FSM_onehot_gen_rst_ic.curr_wrst_state[4]_i_1 into driver instance bdw/design_1_i/C2C/axi_chip2chip_0/inst/master_fpga_gen.axi_chip2chip_master_inst/axi_chip2chip_ar_fifo_inst/axi_chip2chip_async_fifo_inst/xpm_fifo_async_inst/gnuram_async_fifo.xpm_fifo_base_inst/xpm_fifo_rst_inst//i_, which resulted in an inversion of 2 pins
INFO: [Opt 31-1287] Pulled Inverter bdw/design_1_i/C2C/axi_chip2chip_0/inst/master_fpga_gen.axi_chip2chip_master_inst/axi_chip2chip_aw_fifo_inst/axi_chip2chip_async_fifo_inst/xpm_fifo_async_inst/gnuram_async_fifo.xpm_fifo_base_inst/xpm_fifo_rst_inst/FSM_onehot_gen_rst_ic.curr_wrst_state[4]_i_1 into driver instance bdw/design_1_i/C2C/axi_chip2chip_0/inst/master_fpga_gen.axi_chip2chip_master_inst/axi_chip2chip_aw_fifo_inst/axi_chip2chip_async_fifo_inst/xpm_fifo_async_inst/gnuram_async_fifo.xpm_fifo_base_inst/xpm_fifo_rst_inst//i_, which resulted in an inversion of 2 pins
INFO: [Opt 31-1287] Pulled Inverter bdw/design_1_i/C2C/axi_chip2chip_0/inst/master_fpga_gen.axi_chip2chip_master_inst/axi_chip2chip_b_fifo_inst/axi_chip2chip_async_fifo_inst/xpm_fifo_async_inst/gnuram_async_fifo.xpm_fifo_base_inst/xpm_fifo_rst_inst/FSM_onehot_gen_rst_ic.curr_wrst_state[4]_i_1 into driver instance bdw/design_1_i/C2C/axi_chip2chip_0/inst/master_fpga_gen.axi_chip2chip_master_inst/axi_chip2chip_b_fifo_inst/axi_chip2chip_async_fifo_inst/xpm_fifo_async_inst/gnuram_async_fifo.xpm_fifo_base_inst/xpm_fifo_rst_inst//i_, which resulted in an inversion of 2 pins
INFO: [Opt 31-1287] Pulled Inverter bdw/design_1_i/C2C/axi_chip2chip_0/inst/master_fpga_gen.axi_chip2chip_master_inst/axi_chip2chip_r_fifo_inst/axi_chip2chip_async_fifo_inst/xpm_fifo_async_inst/gnuram_async_fifo.xpm_fifo_base_inst/xpm_fifo_rst_inst/FSM_onehot_gen_rst_ic.curr_wrst_state[4]_i_1 into driver instance bdw/design_1_i/C2C/axi_chip2chip_0/inst/master_fpga_gen.axi_chip2chip_master_inst/axi_chip2chip_r_fifo_inst/axi_chip2chip_async_fifo_inst/xpm_fifo_async_inst/gnuram_async_fifo.xpm_fifo_base_inst/xpm_fifo_rst_inst//i_, which resulted in an inversion of 2 pins
INFO: [Opt 31-1287] Pulled Inverter bdw/design_1_i/C2C/axi_chip2chip_0/inst/master_fpga_gen.axi_chip2chip_master_inst/axi_chip2chip_w_fifo_inst/axi_chip2chip_async_fifo_inst/xpm_fifo_async_inst/gnuram_async_fifo.xpm_fifo_base_inst/xpm_fifo_rst_inst/FSM_onehot_gen_rst_ic.curr_wrst_state[4]_i_1 into driver instance bdw/design_1_i/C2C/axi_chip2chip_0/inst/master_fpga_gen.axi_chip2chip_master_inst/axi_chip2chip_w_fifo_inst/axi_chip2chip_async_fifo_inst/xpm_fifo_async_inst/gnuram_async_fifo.xpm_fifo_base_inst/xpm_fifo_rst_inst//i_, which resulted in an inversion of 2 pins
INFO: [Opt 31-1287] Pulled Inverter bdw/design_1_i/C2C/axi_chip2chip_1/inst/master_fpga_gen.axi_chip2chip_master_inst/axi_chip2chip_ar_fifo_inst/axi_chip2chip_async_fifo_inst/xpm_fifo_async_inst/gnuram_async_fifo.xpm_fifo_base_inst/xpm_fifo_rst_inst/FSM_onehot_gen_rst_ic.curr_wrst_state[4]_i_1 into driver instance bdw/design_1_i/C2C/axi_chip2chip_1/inst/master_fpga_gen.axi_chip2chip_master_inst/axi_chip2chip_ar_fifo_inst/axi_chip2chip_async_fifo_inst/xpm_fifo_async_inst/gnuram_async_fifo.xpm_fifo_base_inst/xpm_fifo_rst_inst//i_, which resulted in an inversion of 2 pins
INFO: [Opt 31-1287] Pulled Inverter bdw/design_1_i/C2C/axi_chip2chip_1/inst/master_fpga_gen.axi_chip2chip_master_inst/axi_chip2chip_aw_fifo_inst/axi_chip2chip_async_fifo_inst/xpm_fifo_async_inst/gnuram_async_fifo.xpm_fifo_base_inst/xpm_fifo_rst_inst/FSM_onehot_gen_rst_ic.curr_wrst_state[4]_i_1 into driver instance bdw/design_1_i/C2C/axi_chip2chip_1/inst/master_fpga_gen.axi_chip2chip_master_inst/axi_chip2chip_aw_fifo_inst/axi_chip2chip_async_fifo_inst/xpm_fifo_async_inst/gnuram_async_fifo.xpm_fifo_base_inst/xpm_fifo_rst_inst//i_, which resulted in an inversion of 2 pins
INFO: [Opt 31-1287] Pulled Inverter bdw/design_1_i/C2C/axi_chip2chip_1/inst/master_fpga_gen.axi_chip2chip_master_inst/axi_chip2chip_b_fifo_inst/axi_chip2chip_async_fifo_inst/xpm_fifo_async_inst/gnuram_async_fifo.xpm_fifo_base_inst/xpm_fifo_rst_inst/FSM_onehot_gen_rst_ic.curr_wrst_state[4]_i_1 into driver instance bdw/design_1_i/C2C/axi_chip2chip_1/inst/master_fpga_gen.axi_chip2chip_master_inst/axi_chip2chip_b_fifo_inst/axi_chip2chip_async_fifo_inst/xpm_fifo_async_inst/gnuram_async_fifo.xpm_fifo_base_inst/xpm_fifo_rst_inst//i_, which resulted in an inversion of 2 pins
INFO: [Opt 31-1287] Pulled Inverter bdw/design_1_i/C2C/axi_chip2chip_1/inst/master_fpga_gen.axi_chip2chip_master_inst/axi_chip2chip_r_fifo_inst/axi_chip2chip_async_fifo_inst/xpm_fifo_async_inst/gnuram_async_fifo.xpm_fifo_base_inst/xpm_fifo_rst_inst/FSM_onehot_gen_rst_ic.curr_wrst_state[4]_i_1 into driver instance bdw/design_1_i/C2C/axi_chip2chip_1/inst/master_fpga_gen.axi_chip2chip_master_inst/axi_chip2chip_r_fifo_inst/axi_chip2chip_async_fifo_inst/xpm_fifo_async_inst/gnuram_async_fifo.xpm_fifo_base_inst/xpm_fifo_rst_inst//i_, which resulted in an inversion of 2 pins
INFO: [Opt 31-1287] Pulled Inverter bdw/design_1_i/C2C/axi_chip2chip_1/inst/master_fpga_gen.axi_chip2chip_master_inst/axi_chip2chip_w_fifo_inst/axi_chip2chip_async_fifo_inst/xpm_fifo_async_inst/gnuram_async_fifo.xpm_fifo_base_inst/xpm_fifo_rst_inst/FSM_onehot_gen_rst_ic.curr_wrst_state[4]_i_1 into driver instance bdw/design_1_i/C2C/axi_chip2chip_1/inst/master_fpga_gen.axi_chip2chip_master_inst/axi_chip2chip_w_fifo_inst/axi_chip2chip_async_fifo_inst/xpm_fifo_async_inst/gnuram_async_fifo.xpm_fifo_base_inst/xpm_fifo_rst_inst//i_, which resulted in an inversion of 2 pins
INFO: [Opt 31-1287] Pulled Inverter bdw/design_1_i/IPMC/axi_bram_ctrl_0/U0/gext_inst.abcv4_0_ext_inst/GEN_AXI4.I_FULL_AXI/I_RD_CHNL/GEN_NO_RD_CMD_OPT.GEN_NARROW_CNT.narrow_bram_addr_inc_d1_i_1 into driver instance bdw/design_1_i/IPMC/axi_bram_ctrl_0/U0/gext_inst.abcv4_0_ext_inst/GEN_AXI4.I_FULL_AXI/I_RD_CHNL/GEN_NO_RD_CMD_OPT.GEN_NARROW_CNT.narrow_bram_addr_inc_d1_i_2, which resulted in an inversion of 3 pins
INFO: [Opt 31-1287] Pulled Inverter bdw/design_1_i/IPMC/axi_bram_ctrl_0/U0/gext_inst.abcv4_0_ext_inst/GEN_AXI4.I_FULL_AXI/I_WR_CHNL/GEN_WDATA_SM_NO_ECC_SNG_REG_WREADY.clr_bram_we_i_1 into driver instance bdw/design_1_i/IPMC/axi_bram_ctrl_0/U0/gext_inst.abcv4_0_ext_inst/GEN_AXI4.I_FULL_AXI/I_WR_CHNL/BID_FIFO/axi_bvalid_int_i_3, which resulted in an inversion of 8 pins
INFO: [Opt 31-1287] Pulled Inverter bdw/design_1_i/IPMC/axi_bram_ctrl_1/U0/gext_inst.abcv4_0_ext_inst/GEN_AXI4.I_FULL_AXI/I_RD_CHNL/GEN_NO_RD_CMD_OPT.GEN_NARROW_CNT.narrow_bram_addr_inc_d1_i_1 into driver instance bdw/design_1_i/IPMC/axi_bram_ctrl_1/U0/gext_inst.abcv4_0_ext_inst/GEN_AXI4.I_FULL_AXI/I_RD_CHNL/GEN_NO_RD_CMD_OPT.GEN_NARROW_CNT.narrow_bram_addr_inc_d1_i_2, which resulted in an inversion of 3 pins
INFO: [Opt 31-1287] Pulled Inverter bdw/design_1_i/IPMC/axi_bram_ctrl_1/U0/gext_inst.abcv4_0_ext_inst/GEN_AXI4.I_FULL_AXI/I_WR_CHNL/GEN_WDATA_SM_NO_ECC_SNG_REG_WREADY.clr_bram_we_i_1 into driver instance bdw/design_1_i/IPMC/axi_bram_ctrl_1/U0/gext_inst.abcv4_0_ext_inst/GEN_AXI4.I_FULL_AXI/I_WR_CHNL/BID_FIFO/axi_bvalid_int_i_3, which resulted in an inversion of 8 pins
INFO: [Opt 31-1287] Pulled Inverter bdw/design_1_i/axi_dma_0/U0/I_PRMRY_DATAMOVER/GEN_S2MM_FULL.I_S2MM_FULL_WRAPPER/GEN_INCLUDE_IBTTCC.I_S2MM_MSTR_IBTTCC/sig_realign_cmd_cmplt_reg_i_1 into driver instance bdw/design_1_i/axi_dma_0/U0/I_PRMRY_DATAMOVER/GEN_S2MM_FULL.I_S2MM_FULL_WRAPPER/GEN_INCLUDE_IBTTCC.I_S2MM_MSTR_IBTTCC/sig_realigner_btt2[25]_i_2, which resulted in an inversion of 18 pins
INFO: [Opt 31-1287] Pulled Inverter bdw/design_1_i/axi_interconnect_0/s00_couplers/auto_us/inst/gen_upsizer.gen_full_upsizer.axi_upsizer_inst/si_register_slice_inst/aw.aw_pipe/USE_RTL_FIFO.data_srl_reg[31][13]_srl32_i_1 into driver instance bdw/design_1_i/axi_interconnect_0/s00_couplers/auto_us/inst/gen_upsizer.gen_full_upsizer.axi_upsizer_inst/si_register_slice_inst/aw.aw_pipe/m_axi_awaddr[2]_INST_0_i_1, which resulted in an inversion of 4 pins
INFO: [Opt 31-1287] Pulled Inverter bdw/design_1_i/axi_interconnect_0/s01_couplers/auto_us/inst/gen_upsizer.gen_full_upsizer.axi_upsizer_inst/si_register_slice_inst/ar.ar_pipe/USE_RTL_FIFO.data_srl_reg[31][15]_srl32_i_1 into driver instance bdw/design_1_i/axi_interconnect_0/s01_couplers/auto_us/inst/gen_upsizer.gen_full_upsizer.axi_upsizer_inst/si_register_slice_inst/ar.ar_pipe/m_axi_araddr[3]_INST_0_i_1, which resulted in an inversion of 6 pins
INFO: [Opt 31-1287] Pulled Inverter bdw/design_1_i/axi_interconnect_0/s02_couplers/auto_us/inst/gen_upsizer.gen_full_upsizer.axi_upsizer_inst/si_register_slice_inst/aw.aw_pipe/USE_RTL_FIFO.data_srl_reg[31][15]_srl32_i_1 into driver instance bdw/design_1_i/axi_interconnect_0/s02_couplers/auto_us/inst/gen_upsizer.gen_full_upsizer.axi_upsizer_inst/si_register_slice_inst/aw.aw_pipe/m_axi_awaddr[3]_INST_0_i_1, which resulted in an inversion of 6 pins
INFO: [Opt 31-1287] Pulled Inverter bdw/design_1_i/cpu/axi_bram_ctrl_0/U0/gext_inst.abcv4_0_ext_inst/GEN_AXI4.I_FULL_AXI/I_WR_CHNL/I_WRAP_BRST/save_init_bram_addr_ld[12]_i_1 into driver instance bdw/design_1_i/cpu/axi_bram_ctrl_0/U0/gext_inst.abcv4_0_ext_inst/GEN_AXI4.I_FULL_AXI/I_WR_CHNL/I_WRAP_BRST/GEN_AWREADY.axi_awready_int_i_3, which resulted in an inversion of 14 pins
INFO: [Opt 31-1287] Pulled Inverter bdw/design_1_i/cpu/axi_interconnect_2/s00_couplers/auto_us/inst/gen_upsizer.gen_full_upsizer.axi_upsizer_inst/si_register_slice_inst/aw.aw_pipe/USE_RTL_FIFO.data_srl_reg[31][13]_srl32_i_1 into driver instance bdw/design_1_i/cpu/axi_interconnect_2/s00_couplers/auto_us/inst/gen_upsizer.gen_full_upsizer.axi_upsizer_inst/si_register_slice_inst/aw.aw_pipe/m_axi_awaddr[2]_INST_0_i_1, which resulted in an inversion of 4 pins
INFO: [Opt 31-1287] Pulled Inverter bdw/design_1_i/cpu/axi_interconnect_4/s00_couplers/auto_ds/inst/gen_downsizer.gen_simple_downsizer.axi_downsizer_inst/USE_READ.read_addr_inst/cmd_queue/inst/current_word_1[3]_i_1 into driver instance bdw/design_1_i/cpu/axi_interconnect_4/s00_couplers/auto_ds/inst/gen_downsizer.gen_simple_downsizer.axi_downsizer_inst/USE_READ.read_addr_inst/cmd_queue/inst/s_axi_rvalid_INST_0_i_3, which resulted in an inversion of 2 pins
INFO: [Opt 31-1287] Pulled Inverter bdw/design_1_i/cpu/axi_interconnect_4/s00_couplers/auto_ds/inst/gen_downsizer.gen_simple_downsizer.axi_downsizer_inst/USE_WRITE.USE_SPLIT.write_resp_inst/first_mi_word_i_2 into driver instance bdw/design_1_i/cpu/axi_interconnect_4/s00_couplers/auto_ds/inst/gen_downsizer.gen_simple_downsizer.axi_downsizer_inst/USE_WRITE.USE_SPLIT.write_resp_inst/s_axi_bvalid_INST_0_i_1, which resulted in an inversion of 5 pins
INFO: [Opt 31-1287] Pulled Inverter bdw/design_1_i/cpu/axi_interconnect_4/xbar/inst/gen_sasd.crossbar_sasd_0/addr_arbiter_inst/m_ready_d[2]_i_2 into driver instance bdw/design_1_i/cpu/axi_interconnect_4/xbar/inst/gen_sasd.crossbar_sasd_0/addr_arbiter_inst/m_ready_d[2]_i_4, which resulted in an inversion of 3 pins
INFO: [Opt 31-1287] Pulled Inverter bdw/design_1_i/cpu/axi_interconnect_5/s00_couplers/auto_ds/inst/gen_downsizer.gen_simple_downsizer.axi_downsizer_inst/USE_READ.read_addr_inst/cmd_queue/inst/current_word_1[3]_i_1 into driver instance bdw/design_1_i/cpu/axi_interconnect_5/s00_couplers/auto_ds/inst/gen_downsizer.gen_simple_downsizer.axi_downsizer_inst/USE_READ.read_addr_inst/cmd_queue/inst/s_axi_rvalid_INST_0_i_3, which resulted in an inversion of 2 pins
INFO: [Opt 31-1287] Pulled Inverter bdw/design_1_i/cpu/axi_interconnect_5/s00_couplers/auto_ds/inst/gen_downsizer.gen_simple_downsizer.axi_downsizer_inst/USE_WRITE.USE_SPLIT.write_resp_inst/first_mi_word_i_2 into driver instance bdw/design_1_i/cpu/axi_interconnect_5/s00_couplers/auto_ds/inst/gen_downsizer.gen_simple_downsizer.axi_downsizer_inst/USE_WRITE.USE_SPLIT.write_resp_inst/s_axi_bvalid_INST_0_i_1, which resulted in an inversion of 5 pins
INFO: [Opt 31-1287] Pulled Inverter bdw/design_1_i/cpu/ps7_0_axi_periph/m03_couplers/auto_cc/inst/gen_clock_conv.gen_async_conv.asyncfifo_axi/inst_fifo_gen/gaxi_full_lite.gread_ch.grdch2.axi_rdch/grf.rf/rstblk/ngwrdrst.grst.g7serrst.gnsckt_wrst.rst_wr_reg2_inst_i_1 into driver instance bdw/design_1_i/cpu/ps7_0_axi_periph/m03_couplers/auto_cc/inst/gen_clock_conv.gen_async_conv.asyncfifo_axi_i_1, which resulted in an inversion of 1 pins
INFO: [Opt 31-1287] Pulled Inverter bdw/design_1_i/cpu/ps7_0_axi_periph/m04_couplers/auto_cc/inst/gen_clock_conv.gen_async_conv.asyncfifo_axi/inst_fifo_gen/gaxi_full_lite.gread_ch.grdch2.axi_rdch/grf.rf/rstblk/ngwrdrst.grst.g7serrst.gnsckt_wrst.rst_wr_reg2_inst_i_1 into driver instance bdw/design_1_i/cpu/ps7_0_axi_periph/m04_couplers/auto_cc/inst/gen_clock_conv.gen_async_conv.asyncfifo_axi_i_1, which resulted in an inversion of 1 pins
INFO: [Opt 31-1287] Pulled Inverter bdw/design_1_i/cpu/ps7_0_axi_periph/m06_couplers/auto_cc/inst/gen_clock_conv.gen_async_conv.asyncfifo_axi/inst_fifo_gen/gaxi_full_lite.gread_ch.grdch2.axi_rdch/grf.rf/rstblk/ngwrdrst.grst.g7serrst.gnsckt_wrst.rst_wr_reg2_inst_i_1 into driver instance bdw/design_1_i/cpu/ps7_0_axi_periph/m06_couplers/auto_cc/inst/gen_clock_conv.gen_async_conv.asyncfifo_axi_i_1, which resulted in an inversion of 1 pins
INFO: [Opt 31-1287] Pulled Inverter bdw/design_1_i/cpu/ps7_0_axi_periph/s00_couplers/auto_ds/inst/gen_downsizer.gen_simple_downsizer.axi_downsizer_inst/USE_WRITE.USE_SPLIT.write_resp_inst/first_mi_word_i_2 into driver instance bdw/design_1_i/cpu/ps7_0_axi_periph/s00_couplers/auto_ds/inst/gen_downsizer.gen_simple_downsizer.axi_downsizer_inst/USE_WRITE.USE_SPLIT.write_resp_inst/s_axi_bvalid_INST_0_i_1, which resulted in an inversion of 5 pins
INFO: [Opt 31-1287] Pulled Inverter bdw/design_1_i/cpu/ps7_0_axi_periph/xbar/inst/gen_samd.crossbar_samd/addr_arbiter_ar/gen_arbiter.m_grant_enc_i[0]_i_2__0 into driver instance bdw/design_1_i/cpu/ps7_0_axi_periph/xbar/inst/gen_samd.crossbar_samd/addr_arbiter_ar/gen_arbiter.m_grant_enc_i[0]_i_4__0, which resulted in an inversion of 20 pins
INFO: [Opt 31-1287] Pulled Inverter bdw/design_1_i/cpu/ps7_0_axi_periph/xbar/inst/gen_samd.crossbar_samd/gen_slave_slots[0].gen_si_read.si_transactor_ar/gen_single_thread.active_target_enc[4]_i_1 into driver instance bdw/design_1_i/cpu/ps7_0_axi_periph/xbar/inst/gen_samd.crossbar_samd/addr_arbiter_ar/gen_single_thread.active_target_hot[15]_i_2, which resulted in an inversion of 24 pins
INFO: [Opt 31-1287] Pulled Inverter bdw/design_1_i/cpu/ps7_0_axi_periph/xbar/inst/gen_samd.crossbar_samd/gen_slave_slots[0].gen_si_write.wdata_router_w/wrouter_aw_fifo/gen_srls[0].gen_rep[4].srl_nx1/gen_single_thread.active_target_enc[4]_i_1__0 into driver instance bdw/design_1_i/cpu/ps7_0_axi_periph/xbar/inst/gen_samd.crossbar_samd/addr_arbiter_aw/gen_single_thread.active_target_hot[14]_i_2__0, which resulted in an inversion of 24 pins
INFO: [Opt 31-1287] Pulled Inverter bdw/design_1_i/cpu/ps7_0_axi_periph/xbar/inst/gen_samd.crossbar_samd/gen_slave_slots[1].gen_si_read.si_transactor_ar/gen_single_thread.active_target_enc[4]_i_1__1 into driver instance bdw/design_1_i/cpu/ps7_0_axi_periph/xbar/inst/gen_samd.crossbar_samd/addr_arbiter_ar/gen_single_thread.active_target_hot[12]_i_2__0, which resulted in an inversion of 21 pins
INFO: [Opt 31-1287] Pulled Inverter bdw/design_1_i/cpu/ps7_0_axi_periph/xbar/inst/gen_samd.crossbar_samd/gen_slave_slots[1].gen_si_write.wdata_router_w/wrouter_aw_fifo/gen_srls[0].gen_rep[4].srl_nx1/gen_single_thread.active_target_enc[4]_i_1__2 into driver instance bdw/design_1_i/cpu/ps7_0_axi_periph/xbar/inst/gen_samd.crossbar_samd/addr_arbiter_aw/gen_single_thread.active_target_hot[14]_i_2__2, which resulted in an inversion of 25 pins
INFO: [Opt 31-1287] Pulled Inverter bdw/design_1_i/hier_0/axi_mcdma_0/U0/GEN_SG_ENGINE.I_SG_ENGINE/I_SG_FETCH_MNGR/I_FTCH_CMDSTS_IF/GEN_MM2S_DMA_CONTROL.mm2s_stop_i_1 into driver instance bdw/design_1_i/hier_0/axi_mcdma_0/U0/GEN_SG_ENGINE.I_SG_ENGINE/I_SG_FETCH_MNGR/I_FTCH_CMDSTS_IF/GEN_CMD_BTT_LESS_23.mm2s_cmnd_wr_i_i_2, which resulted in an inversion of 8 pins
INFO: [Opt 31-1287] Pulled Inverter bdw/design_1_i/hier_0/axi_mcdma_0/U0/GEN_SG_ENGINE.I_SG_ENGINE/I_SG_FETCH_MNGR/I_FTCH_SG/wraddr_int[8]_i_2 into driver instance bdw/design_1_i/hier_0/axi_mcdma_0/U0/GEN_SG_ENGINE.I_SG_ENGINE/I_SG_FETCH_MNGR/I_FTCH_SG/bmg_count[4]_i_3__17, which resulted in an inversion of 7 pins
INFO: [Opt 31-1287] Pulled Inverter bdw/design_1_i/hier_0/axi_mcdma_0/U0/GEN_SG_ENGINE.I_SG_ENGINE/I_SG_FETCH_MNGR/I_FTCH_SG/wraddr_int[8]_i_2__0 into driver instance bdw/design_1_i/hier_0/axi_mcdma_0/U0/GEN_SG_ENGINE.I_SG_ENGINE/I_SG_FETCH_MNGR/I_FTCH_SG/bmg_count[4]_i_3__18, which resulted in an inversion of 7 pins
INFO: [Opt 31-1287] Pulled Inverter bdw/design_1_i/hier_0/axi_mcdma_0/U0/GEN_SG_ENGINE.I_SG_ENGINE/I_SG_FETCH_MNGR/I_FTCH_SG/wraddr_int[8]_i_2__1 into driver instance bdw/design_1_i/hier_0/axi_mcdma_0/U0/GEN_SG_ENGINE.I_SG_ENGINE/I_SG_FETCH_MNGR/I_FTCH_SG/bmg_count[4]_i_3__19, which resulted in an inversion of 7 pins
INFO: [Opt 31-1287] Pulled Inverter bdw/design_1_i/hier_0/axi_mcdma_0/U0/GEN_SG_ENGINE.I_SG_ENGINE/I_SG_FETCH_MNGR/I_FTCH_SG/wraddr_int[8]_i_2__10 into driver instance bdw/design_1_i/hier_0/axi_mcdma_0/U0/GEN_SG_ENGINE.I_SG_ENGINE/I_SG_FETCH_MNGR/I_FTCH_SG/bmg_count[4]_i_3__4, which resulted in an inversion of 7 pins
INFO: [Opt 31-1287] Pulled Inverter bdw/design_1_i/hier_0/axi_mcdma_0/U0/GEN_SG_ENGINE.I_SG_ENGINE/I_SG_FETCH_MNGR/I_FTCH_SG/wraddr_int[8]_i_2__2 into driver instance bdw/design_1_i/hier_0/axi_mcdma_0/U0/GEN_SG_ENGINE.I_SG_ENGINE/I_SG_FETCH_MNGR/I_FTCH_SG/bmg_count[4]_i_3__20, which resulted in an inversion of 7 pins
INFO: [Opt 31-1287] Pulled Inverter bdw/design_1_i/hier_0/axi_mcdma_0/U0/GEN_SG_ENGINE.I_SG_ENGINE/I_SG_FETCH_MNGR/I_FTCH_SG/wraddr_int[8]_i_2__3 into driver instance bdw/design_1_i/hier_0/axi_mcdma_0/U0/GEN_SG_ENGINE.I_SG_ENGINE/I_SG_FETCH_MNGR/I_FTCH_SG/bmg_count[4]_i_3__21, which resulted in an inversion of 7 pins
INFO: [Opt 31-1287] Pulled Inverter bdw/design_1_i/hier_0/axi_mcdma_0/U0/GEN_SG_ENGINE.I_SG_ENGINE/I_SG_FETCH_MNGR/I_FTCH_SG/wraddr_int[8]_i_2__8 into driver instance bdw/design_1_i/hier_0/axi_mcdma_0/U0/GEN_SG_ENGINE.I_SG_ENGINE/I_SG_FETCH_MNGR/I_FTCH_SG/bmg_count[4]_i_3__2, which resulted in an inversion of 7 pins
INFO: [Opt 31-1287] Pulled Inverter bdw/design_1_i/hier_0/axi_mcdma_0/U0/GEN_SG_ENGINE.I_SG_ENGINE/I_SG_FETCH_MNGR/I_FTCH_SG/wraddr_int[8]_i_2__9 into driver instance bdw/design_1_i/hier_0/axi_mcdma_0/U0/GEN_SG_ENGINE.I_SG_ENGINE/I_SG_FETCH_MNGR/I_FTCH_SG/bmg_count[4]_i_3__3, which resulted in an inversion of 7 pins
INFO: [Opt 31-1287] Pulled Inverter bdw/design_1_i/hier_0/axi_mcdma_0/U0/INCLUDE_MM2S_SOF_EOF_GENERATOR.I_MM2S_DMA_MNGR/GEN_MM2S_DMA_CONTROL.GEN_CNTRL_STREAM.I_MM2S_CNTRL_STREAM/GEN_ASYNC_FIFO.I_CNTRL_STRM_FIFO/I_ASYNC_FIFOGEN_FIFO/xpm_fifo_instance.xpm_fifo_async_inst/gnuram_async_fifo.xpm_fifo_base_inst/xpm_fifo_rst_inst/FSM_onehot_gen_rst_ic.curr_wrst_state[4]_i_1 into driver instance bdw/design_1_i/hier_0/axi_mcdma_0/U0/INCLUDE_MM2S_SOF_EOF_GENERATOR.I_MM2S_DMA_MNGR/GEN_MM2S_DMA_CONTROL.GEN_CNTRL_STREAM.I_MM2S_CNTRL_STREAM/GEN_ASYNC_FIFO.I_CNTRL_STRM_FIFO/I_ASYNC_FIFOGEN_FIFO/xpm_fifo_instance.xpm_fifo_async_inst/gnuram_async_fifo.xpm_fifo_base_inst/xpm_fifo_rst_inst//i_, which resulted in an inversion of 2 pins
INFO: [Opt 31-1287] Pulled Inverter bdw/design_1_i/hier_0/axi_mcdma_0/U0/INCLUDE_MM2S_SOF_EOF_GENERATOR.I_MM2S_DMA_MNGR/GEN_MM2S_DMA_CONTROL.GEN_SCATTER_GATHER_MODE.I_MM2S_TDEST_FIFO/GEN_ASYNC_FIFO.I_TDEST_TID_FIFO/I_ASYNC_FIFOGEN_FIFO/xpm_fifo_instance.xpm_fifo_async_inst/gnuram_async_fifo.xpm_fifo_base_inst/xpm_fifo_rst_inst/FSM_onehot_gen_rst_ic.curr_wrst_state[4]_i_1 into driver instance bdw/design_1_i/hier_0/axi_mcdma_0/U0/INCLUDE_MM2S_SOF_EOF_GENERATOR.I_MM2S_DMA_MNGR/GEN_MM2S_DMA_CONTROL.GEN_SCATTER_GATHER_MODE.I_MM2S_TDEST_FIFO/GEN_ASYNC_FIFO.I_TDEST_TID_FIFO/I_ASYNC_FIFOGEN_FIFO/xpm_fifo_instance.xpm_fifo_async_inst/gnuram_async_fifo.xpm_fifo_base_inst/xpm_fifo_rst_inst//i_, which resulted in an inversion of 2 pins
INFO: [Opt 31-1287] Pulled Inverter bdw/design_1_i/hier_0/axi_mcdma_0/U0/INCLUDE_MM2S_SOF_EOF_GENERATOR.I_MM2S_DMA_MNGR/GEN_MM2S_DMA_CONTROL.GEN_SCATTER_GATHER_MODE.I_MM2S_TDEST_FIFO/GEN_ASYNC_FIFO.I_TUSER_FIFO/I_ASYNC_FIFOGEN_FIFO/xpm_fifo_instance.xpm_fifo_async_inst/gnuram_async_fifo.xpm_fifo_base_inst/xpm_fifo_rst_inst/FSM_onehot_gen_rst_ic.curr_wrst_state[4]_i_1 into driver instance bdw/design_1_i/hier_0/axi_mcdma_0/U0/INCLUDE_MM2S_SOF_EOF_GENERATOR.I_MM2S_DMA_MNGR/GEN_MM2S_DMA_CONTROL.GEN_SCATTER_GATHER_MODE.I_MM2S_TDEST_FIFO/GEN_ASYNC_FIFO.I_TUSER_FIFO/I_ASYNC_FIFOGEN_FIFO/xpm_fifo_instance.xpm_fifo_async_inst/gnuram_async_fifo.xpm_fifo_base_inst/xpm_fifo_rst_inst//i_, which resulted in an inversion of 2 pins
INFO: [Opt 31-1287] Pulled Inverter bdw/design_1_i/hier_0/axi_mcdma_0/U0/INCLUDE_MM2S_SOF_EOF_GENERATOR.I_MM2S_SOFEOF_GEN/GEN_FOR_ASYNC.I_SOF_EOF_FIFO/I_ASYNC_FIFOGEN_FIFO/xpm_fifo_instance.xpm_fifo_async_inst/gnuram_async_fifo.xpm_fifo_base_inst/xpm_fifo_rst_inst/FSM_onehot_gen_rst_ic.curr_wrst_state[4]_i_1 into driver instance bdw/design_1_i/hier_0/axi_mcdma_0/U0/INCLUDE_MM2S_SOF_EOF_GENERATOR.I_MM2S_SOFEOF_GEN/GEN_FOR_ASYNC.I_SOF_EOF_FIFO/I_ASYNC_FIFOGEN_FIFO/xpm_fifo_instance.xpm_fifo_async_inst/gnuram_async_fifo.xpm_fifo_base_inst/xpm_fifo_rst_inst//i_, which resulted in an inversion of 2 pins
INFO: [Opt 31-1287] Pulled Inverter bdw/design_1_i/hier_0/axi_mcdma_0/U0/INCLUDE_S2MM_SOF_EOF_GENERATOR.I_S2MM_DMA_MNGR/GEN_S2MM_DMA_CONTROL.GEN_STS_STREAM.I_S2MM_STS_STREAM/GEN_ASYNC_FIFO.I_STSSTRM_FIFO/I_ASYNC_FIFOGEN_FIFO/xpm_fifo_instance.xpm_fifo_async_inst/gnuram_async_fifo.xpm_fifo_base_inst/xpm_fifo_rst_inst/FSM_onehot_gen_rst_ic.curr_wrst_state[4]_i_1 into driver instance bdw/design_1_i/hier_0/axi_mcdma_0/U0/INCLUDE_S2MM_SOF_EOF_GENERATOR.I_S2MM_DMA_MNGR/GEN_S2MM_DMA_CONTROL.GEN_STS_STREAM.I_S2MM_STS_STREAM/GEN_ASYNC_FIFO.I_STSSTRM_FIFO/I_ASYNC_FIFOGEN_FIFO/xpm_fifo_instance.xpm_fifo_async_inst/gnuram_async_fifo.xpm_fifo_base_inst/xpm_fifo_rst_inst//i_, which resulted in an inversion of 2 pins
INFO: [Opt 31-1287] Pulled Inverter bdw/design_1_i/hier_0/axi_mcdma_0/U0/INCLUDE_S2MM_SOF_EOF_GENERATOR.I_S2MM_DMA_MNGR/GEN_S2MM_DMA_CONTROL.I_S2MM_CMDSTS/ASYNC_FIFO.I_STSSTRM_FIFO_TID_TDEST/I_ASYNC_FIFOGEN_FIFO/xpm_fifo_instance.xpm_fifo_async_inst/gnuram_async_fifo.xpm_fifo_base_inst/xpm_fifo_rst_inst/FSM_onehot_gen_rst_ic.curr_wrst_state[4]_i_1 into driver instance bdw/design_1_i/hier_0/axi_mcdma_0/U0/INCLUDE_S2MM_SOF_EOF_GENERATOR.I_S2MM_DMA_MNGR/GEN_S2MM_DMA_CONTROL.I_S2MM_CMDSTS/ASYNC_FIFO.I_STSSTRM_FIFO_TID_TDEST/I_ASYNC_FIFOGEN_FIFO/xpm_fifo_instance.xpm_fifo_async_inst/gnuram_async_fifo.xpm_fifo_base_inst/xpm_fifo_rst_inst//i_, which resulted in an inversion of 2 pins
INFO: [Opt 31-1287] Pulled Inverter bdw/design_1_i/hier_0/axi_mcdma_0/U0/INCLUDE_S2MM_SOF_EOF_GENERATOR.I_S2MM_DMA_MNGR/GEN_S2MM_DMA_CONTROL.I_S2MM_CMDSTS/ASYNC_FIFO.I_STSSTRM_FIFO_TUSER/I_ASYNC_FIFOGEN_FIFO/xpm_fifo_instance.xpm_fifo_async_inst/gnuram_async_fifo.xpm_fifo_base_inst/xpm_fifo_rst_inst/FSM_onehot_gen_rst_ic.curr_wrst_state[4]_i_1 into driver instance bdw/design_1_i/hier_0/axi_mcdma_0/U0/INCLUDE_S2MM_SOF_EOF_GENERATOR.I_S2MM_DMA_MNGR/GEN_S2MM_DMA_CONTROL.I_S2MM_CMDSTS/ASYNC_FIFO.I_STSSTRM_FIFO_TUSER/I_ASYNC_FIFOGEN_FIFO/xpm_fifo_instance.xpm_fifo_async_inst/gnuram_async_fifo.xpm_fifo_base_inst/xpm_fifo_rst_inst//i_, which resulted in an inversion of 2 pins
INFO: [Opt 31-1287] Pulled Inverter bdw/design_1_i/hier_0/axi_mcdma_0/U0/INCLUDE_S2MM_SOF_EOF_GENERATOR.I_S2MM_GATE_GEN/ASYNC_CLOCKS.sg_side_band_tuser_valid_i_1 into driver instance bdw/design_1_i/hier_0/axi_mcdma_0/U0/INCLUDE_S2MM_SOF_EOF_GENERATOR.I_S2MM_GATE_GEN/ASYNC_CLOCKS.sg_side_band_s2mm_tuser[15]_i_2, which resulted in an inversion of 17 pins
INFO: [Opt 31-1287] Pulled Inverter bdw/design_1_i/hier_0/axi_mcdma_0/U0/INCLUDE_S2MM_SOF_EOF_GENERATOR.I_S2MM_GATE_GEN/ASYNC_CLOCKS.sg_side_band_valid_i_1 into driver instance bdw/design_1_i/hier_0/axi_mcdma_0/U0/INCLUDE_S2MM_SOF_EOF_GENERATOR.I_S2MM_GATE_GEN/ASYNC_CLOCKS.sg_side_band_s2mm[11]_i_2, which resulted in an inversion of 13 pins
INFO: [Opt 31-1287] Pulled Inverter bdw/design_1_i/hier_0/axi_mcdma_0/U0/INCLUDE_S2MM_SOF_EOF_GENERATOR.I_S2MM_SOFEOF_GEN/GEN_FOR_ASYNC.I_SOF_EOF_FIFO/I_ASYNC_FIFOGEN_FIFO/xpm_fifo_instance.xpm_fifo_async_inst/gnuram_async_fifo.xpm_fifo_base_inst/xpm_fifo_rst_inst/FSM_onehot_gen_rst_ic.curr_wrst_state[4]_i_1 into driver instance bdw/design_1_i/hier_0/axi_mcdma_0/U0/INCLUDE_S2MM_SOF_EOF_GENERATOR.I_S2MM_SOFEOF_GEN/GEN_FOR_ASYNC.I_SOF_EOF_FIFO/I_ASYNC_FIFOGEN_FIFO/xpm_fifo_instance.xpm_fifo_async_inst/gnuram_async_fifo.xpm_fifo_base_inst/xpm_fifo_rst_inst//i_, which resulted in an inversion of 2 pins
INFO: [Opt 31-1287] Pulled Inverter bdw/design_1_i/hier_0/axi_mcdma_0/U0/I_PRMRY_DATAMOVER/GEN_MM2S_FULL.I_MM2S_FULL_WRAPPER/I_CMD_STATUS/GEN_INCLUDE_STATUS_FIFO.I_STS_FIFO/USE_ASYNC_FIFO.I_ASYNC_FIFO/I_ASYNC_FIFOGEN_FIFO/xpm_fifo_instance.xpm_fifo_async_inst/gnuram_async_fifo.xpm_fifo_base_inst/xpm_fifo_rst_inst/FSM_onehot_gen_rst_ic.curr_wrst_state[4]_i_1 into driver instance bdw/design_1_i/hier_0/axi_mcdma_0/U0/I_PRMRY_DATAMOVER/GEN_MM2S_FULL.I_MM2S_FULL_WRAPPER/I_CMD_STATUS/GEN_INCLUDE_STATUS_FIFO.I_STS_FIFO/USE_ASYNC_FIFO.I_ASYNC_FIFO/I_ASYNC_FIFOGEN_FIFO/xpm_fifo_instance.xpm_fifo_async_inst/gnuram_async_fifo.xpm_fifo_base_inst/xpm_fifo_rst_inst//i_, which resulted in an inversion of 2 pins
INFO: [Opt 31-1287] Pulled Inverter bdw/design_1_i/hier_0/axi_mcdma_0/U0/I_PRMRY_DATAMOVER/GEN_MM2S_FULL.I_MM2S_FULL_WRAPPER/I_CMD_STATUS/I_CMD_FIFO/USE_ASYNC_FIFO.I_ASYNC_FIFO/I_ASYNC_FIFOGEN_FIFO/xpm_fifo_instance.xpm_fifo_async_inst/gnuram_async_fifo.xpm_fifo_base_inst/xpm_fifo_rst_inst/FSM_onehot_gen_rst_ic.curr_wrst_state[4]_i_1 into driver instance bdw/design_1_i/hier_0/axi_mcdma_0/U0/I_PRMRY_DATAMOVER/GEN_MM2S_FULL.I_MM2S_FULL_WRAPPER/I_CMD_STATUS/I_CMD_FIFO/USE_ASYNC_FIFO.I_ASYNC_FIFO/I_ASYNC_FIFOGEN_FIFO/xpm_fifo_instance.xpm_fifo_async_inst/gnuram_async_fifo.xpm_fifo_base_inst/xpm_fifo_rst_inst//i_, which resulted in an inversion of 2 pins
INFO: [Opt 31-1287] Pulled Inverter bdw/design_1_i/hier_0/axi_mcdma_0/U0/I_PRMRY_DATAMOVER/GEN_S2MM_FULL.I_S2MM_FULL_WRAPPER/GEN_INCLUDE_IBTTCC.I_S2MM_MSTR_IBTTCC/sig_realign_cmd_cmplt_reg_i_1 into driver instance bdw/design_1_i/hier_0/axi_mcdma_0/U0/I_PRMRY_DATAMOVER/GEN_S2MM_FULL.I_S2MM_FULL_WRAPPER/GEN_INCLUDE_IBTTCC.I_S2MM_MSTR_IBTTCC/sig_realigner_btt2[22]_i_2, which resulted in an inversion of 19 pins
INFO: [Opt 31-1287] Pulled Inverter bdw/design_1_i/hier_0/axi_mcdma_0/U0/I_PRMRY_DATAMOVER/GEN_S2MM_FULL.I_S2MM_FULL_WRAPPER/GEN_INCLUDE_REALIGNER.I_S2MM_REALIGNER/GEN_INCLUDE_DRE.I_S2MM_DRE_BLOCK/sig_tlast_out_i_1__0 into driver instance bdw/design_1_i/hier_0/axi_mcdma_0/U0/I_PRMRY_DATAMOVER/GEN_S2MM_FULL.I_S2MM_FULL_WRAPPER/GEN_INCLUDE_REALIGNER.I_S2MM_REALIGNER/GEN_INCLUDE_DRE.I_S2MM_DRE_BLOCK/sig_dre_tvalid_i_i_4__0, which resulted in an inversion of 2 pins
INFO: [Opt 31-1287] Pulled Inverter bdw/design_1_i/hier_0/axi_mcdma_0/U0/I_PRMRY_DATAMOVER/GEN_S2MM_FULL.I_S2MM_FULL_WRAPPER/I_CMD_STATUS/GEN_INCLUDE_STATUS_FIFO.I_STS_FIFO/USE_ASYNC_FIFO.I_ASYNC_FIFO/I_ASYNC_FIFOGEN_FIFO/xpm_fifo_instance.xpm_fifo_async_inst/gnuram_async_fifo.xpm_fifo_base_inst/xpm_fifo_rst_inst/FSM_onehot_gen_rst_ic.curr_wrst_state[4]_i_1 into driver instance bdw/design_1_i/hier_0/axi_mcdma_0/U0/I_PRMRY_DATAMOVER/GEN_S2MM_FULL.I_S2MM_FULL_WRAPPER/I_CMD_STATUS/GEN_INCLUDE_STATUS_FIFO.I_STS_FIFO/USE_ASYNC_FIFO.I_ASYNC_FIFO/I_ASYNC_FIFOGEN_FIFO/xpm_fifo_instance.xpm_fifo_async_inst/gnuram_async_fifo.xpm_fifo_base_inst/xpm_fifo_rst_inst//i_, which resulted in an inversion of 2 pins
INFO: [Opt 31-1287] Pulled Inverter bdw/design_1_i/hier_0/axi_mcdma_0/U0/I_PRMRY_DATAMOVER/GEN_S2MM_FULL.I_S2MM_FULL_WRAPPER/I_CMD_STATUS/I_CMD_FIFO/USE_ASYNC_FIFO.I_ASYNC_FIFO/I_ASYNC_FIFOGEN_FIFO/xpm_fifo_instance.xpm_fifo_async_inst/gnuram_async_fifo.xpm_fifo_base_inst/xpm_fifo_rst_inst/FSM_onehot_gen_rst_ic.curr_wrst_state[4]_i_1 into driver instance bdw/design_1_i/hier_0/axi_mcdma_0/U0/I_PRMRY_DATAMOVER/GEN_S2MM_FULL.I_S2MM_FULL_WRAPPER/I_CMD_STATUS/I_CMD_FIFO/USE_ASYNC_FIFO.I_ASYNC_FIFO/I_ASYNC_FIFOGEN_FIFO/xpm_fifo_instance.xpm_fifo_async_inst/gnuram_async_fifo.xpm_fifo_base_inst/xpm_fifo_rst_inst//i_, which resulted in an inversion of 2 pins
INFO: [Opt 31-1287] Pulled Inverter bdw/design_1_i/hier_0/axi_mcdma_0/U0/I_RST_MODULE/GEN_RESET_FOR_MM2S.RESET_I/sg_user_cache[19]_i_1 into driver instance bdw/design_1_i/hier_0/axi_mcdma_0/U0/I_RST_MODULE/GEN_RESET_FOR_MM2S.RESET_I/sg_user_cache[19]_i_2, which resulted in an inversion of 92 pins
INFO: [Opt 31-1287] Pulled Inverter bdw/design_1_i/hier_0/axis_data_fifo_1/inst/gen_fifo.xpm_fifo_axis_inst/gaxis_rst_sync.xpm_cdc_sync_rst_inst_i_1 into driver instance bdw/design_1_i/hier_0/util_vector_logic_1/Res[0]_INST_0, which resulted in an inversion of 2 pins
INFO: [Opt 31-1287] Pulled Inverter bdw/design_1_i/hier_0/axis_data_fifo_1/inst/gen_fifo.xpm_fifo_axis_inst/xpm_fifo_base_inst/xpm_fifo_rst_inst/FSM_onehot_gen_rst_ic.curr_wrst_state[4]_i_1 into driver instance bdw/design_1_i/hier_0/axis_data_fifo_1/inst/gen_fifo.xpm_fifo_axis_inst/xpm_fifo_base_inst/xpm_fifo_rst_inst//i_, which resulted in an inversion of 2 pins
INFO: [Opt 31-1287] Pulled Inverter bdw/design_1_i/hier_0/tx_csum_0/inst/data_fifo_i/axis_data_fifo_0/inst/gen_fifo.xpm_fifo_axis_inst/xpm_fifo_base_inst/xpm_fifo_rst_inst/FSM_onehot_gen_rst_ic.curr_wrst_state[4]_i_1 into driver instance bdw/design_1_i/hier_0/tx_csum_0/inst/data_fifo_i/axis_data_fifo_0/inst/gen_fifo.xpm_fifo_axis_inst/xpm_fifo_base_inst/xpm_fifo_rst_inst//i_, which resulted in an inversion of 2 pins
INFO: [Opt 31-1287] Pulled Inverter bdw/design_1_i/ila_0/inst/ila_core_inst/u_ila_regs/slaveRegDo_mux_2[15]_i_1 into driver instance bdw/design_1_i/ila_0/inst/ila_core_inst/u_ila_regs/slaveRegDo_mux_2[5]_i_3, which resulted in an inversion of 6 pins
INFO: [Opt 31-1287] Pulled Inverter bdw/design_1_i/ila_0/inst/ila_core_inst/xsdb_memory_read_inst/current_state[0]_i_1 into driver instance bdw/design_1_i/ila_0/inst/ila_core_inst/xsdb_memory_read_inst/read_addr[9]_i_3, which resulted in an inversion of 14 pins
INFO: [Opt 31-1287] Pulled Inverter bdw/design_1_i/system_ila_0/inst/ila_lib/inst/ila_core_inst/xsdb_memory_read_inst/current_state[0]_i_1 into driver instance bdw/design_1_i/system_ila_0/inst/ila_lib/inst/ila_core_inst/xsdb_memory_read_inst/read_addr[10]_i_3, which resulted in an inversion of 15 pins
INFO: [Opt 31-1287] Pulled Inverter bdw/design_1_i/system_ila_1/inst/ila_lib/inst/ila_core_inst/xsdb_memory_read_inst/current_state[0]_i_1 into driver instance bdw/design_1_i/system_ila_1/inst/ila_lib/inst/ila_core_inst/xsdb_memory_read_inst/read_addr[10]_i_3, which resulted in an inversion of 15 pins
INFO: [Opt 31-1287] Pulled Inverter bdw/design_1_i/xxv_ethernet_0/inst/i_design_1_xxv_ethernet_0_0_top_0/i_design_1_xxv_ethernet_0_0_CORE/i_RX_TOP/i_RX_CORE/i_RX_CORE_LANE/i_RX_WD_ALIGN/bitslip_counter[7]_i_2 into driver instance bdw/design_1_i/xxv_ethernet_0/inst/i_design_1_xxv_ethernet_0_0_top_0/i_design_1_xxv_ethernet_0_0_CORE/i_RX_TOP/i_RX_CORE/i_RX_CORE_LANE/i_RX_WD_ALIGN/bitslip_i_2, which resulted in an inversion of 9 pins
INFO: [Opt 31-1287] Pulled Inverter bdw/design_1_i/xxv_ethernet_0/inst/i_design_1_xxv_ethernet_0_0_top_0/i_design_1_xxv_ethernet_0_0_axi_if_top/i_pif_registers/statsreg_read_req_i_2 into driver instance bdw/design_1_i/xxv_ethernet_0/inst/i_design_1_xxv_ethernet_0_0_top_0/i_design_1_xxv_ethernet_0_0_axi_if_top/i_pif_registers/statsreg_read_req_i_3, which resulted in an inversion of 2 pins
INFO: [Opt 31-138] Pushed 187 inverter(s) to 10135 load pin(s).
INFO: [Opt 31-422] The CLOCK_DOMAINS attribute on the BRAM cell bdw/design_1_i/IPMC/system_ila_2/inst/ila_lib/inst/ila_core_inst/ila_trace_memory_inst/SUBCORE_RAM_BLK_MEM_1.trace_block_memory/inst_blk_mem_gen/gnbram.gnativebmg.native_blk_mem_gen/valid.cstr/ramloop[0].ram.r/prim_noinit.ram/DEVICE_8SERIES.NO_BMM_INFO.SDP.SIMPLE_PRIM36.ram has been changed from INDEPENDENT to COMMON to match the clocking topology used for the BRAM.
INFO: [Opt 31-422] The CLOCK_DOMAINS attribute on the BRAM cell bdw/design_1_i/IPMC/system_ila_2/inst/ila_lib/inst/ila_core_inst/ila_trace_memory_inst/SUBCORE_RAM_BLK_MEM_1.trace_block_memory/inst_blk_mem_gen/gnbram.gnativebmg.native_blk_mem_gen/valid.cstr/ramloop[1].ram.r/prim_noinit.ram/DEVICE_8SERIES.NO_BMM_INFO.SDP.SIMPLE_PRIM36.ram has been changed from INDEPENDENT to COMMON to match the clocking topology used for the BRAM.
INFO: [Opt 31-422] The CLOCK_DOMAINS attribute on the BRAM cell bdw/design_1_i/system_ila_0/inst/ila_lib/inst/ila_core_inst/ila_trace_memory_inst/SUBCORE_RAM_BLK_MEM_1.trace_block_memory/inst_blk_mem_gen/gnbram.gnativebmg.native_blk_mem_gen/valid.cstr/ramloop[0].ram.r/prim_noinit.ram/DEVICE_8SERIES.NO_BMM_INFO.SDP.SIMPLE_PRIM36.ram has been changed from INDEPENDENT to COMMON to match the clocking topology used for the BRAM.
INFO: [Opt 31-422] The CLOCK_DOMAINS attribute on the BRAM cell bdw/design_1_i/system_ila_0/inst/ila_lib/inst/ila_core_inst/ila_trace_memory_inst/SUBCORE_RAM_BLK_MEM_1.trace_block_memory/inst_blk_mem_gen/gnbram.gnativebmg.native_blk_mem_gen/valid.cstr/ramloop[10].ram.r/prim_noinit.ram/DEVICE_8SERIES.NO_BMM_INFO.SDP.SIMPLE_PRIM36.ram has been changed from INDEPENDENT to COMMON to match the clocking topology used for the BRAM.
INFO: [Opt 31-422] The CLOCK_DOMAINS attribute on the BRAM cell bdw/design_1_i/system_ila_0/inst/ila_lib/inst/ila_core_inst/ila_trace_memory_inst/SUBCORE_RAM_BLK_MEM_1.trace_block_memory/inst_blk_mem_gen/gnbram.gnativebmg.native_blk_mem_gen/valid.cstr/ramloop[11].ram.r/prim_noinit.ram/DEVICE_8SERIES.NO_BMM_INFO.SDP.SIMPLE_PRIM36.ram has been changed from INDEPENDENT to COMMON to match the clocking topology used for the BRAM.
INFO: [Opt 31-422] The CLOCK_DOMAINS attribute on the BRAM cell bdw/design_1_i/system_ila_0/inst/ila_lib/inst/ila_core_inst/ila_trace_memory_inst/SUBCORE_RAM_BLK_MEM_1.trace_block_memory/inst_blk_mem_gen/gnbram.gnativebmg.native_blk_mem_gen/valid.cstr/ramloop[12].ram.r/prim_noinit.ram/DEVICE_8SERIES.NO_BMM_INFO.SDP.SIMPLE_PRIM36.ram has been changed from INDEPENDENT to COMMON to match the clocking topology used for the BRAM.
INFO: [Opt 31-422] The CLOCK_DOMAINS attribute on the BRAM cell bdw/design_1_i/system_ila_0/inst/ila_lib/inst/ila_core_inst/ila_trace_memory_inst/SUBCORE_RAM_BLK_MEM_1.trace_block_memory/inst_blk_mem_gen/gnbram.gnativebmg.native_blk_mem_gen/valid.cstr/ramloop[13].ram.r/prim_noinit.ram/DEVICE_8SERIES.NO_BMM_INFO.SDP.SIMPLE_PRIM36.ram has been changed from INDEPENDENT to COMMON to match the clocking topology used for the BRAM.
INFO: [Opt 31-422] The CLOCK_DOMAINS attribute on the BRAM cell bdw/design_1_i/system_ila_0/inst/ila_lib/inst/ila_core_inst/ila_trace_memory_inst/SUBCORE_RAM_BLK_MEM_1.trace_block_memory/inst_blk_mem_gen/gnbram.gnativebmg.native_blk_mem_gen/valid.cstr/ramloop[14].ram.r/prim_noinit.ram/DEVICE_8SERIES.NO_BMM_INFO.SDP.SIMPLE_PRIM36.ram has been changed from INDEPENDENT to COMMON to match the clocking topology used for the BRAM.
INFO: [Opt 31-422] The CLOCK_DOMAINS attribute on the BRAM cell bdw/design_1_i/system_ila_0/inst/ila_lib/inst/ila_core_inst/ila_trace_memory_inst/SUBCORE_RAM_BLK_MEM_1.trace_block_memory/inst_blk_mem_gen/gnbram.gnativebmg.native_blk_mem_gen/valid.cstr/ramloop[15].ram.r/prim_noinit.ram/DEVICE_8SERIES.NO_BMM_INFO.SDP.SIMPLE_PRIM36.ram has been changed from INDEPENDENT to COMMON to match the clocking topology used for the BRAM.
INFO: [Opt 31-422] The CLOCK_DOMAINS attribute on the BRAM cell bdw/design_1_i/system_ila_0/inst/ila_lib/inst/ila_core_inst/ila_trace_memory_inst/SUBCORE_RAM_BLK_MEM_1.trace_block_memory/inst_blk_mem_gen/gnbram.gnativebmg.native_blk_mem_gen/valid.cstr/ramloop[16].ram.r/prim_noinit.ram/DEVICE_8SERIES.NO_BMM_INFO.SDP.SIMPLE_PRIM36.ram has been changed from INDEPENDENT to COMMON to match the clocking topology used for the BRAM.
INFO: [Opt 31-422] The CLOCK_DOMAINS attribute on the BRAM cell bdw/design_1_i/system_ila_0/inst/ila_lib/inst/ila_core_inst/ila_trace_memory_inst/SUBCORE_RAM_BLK_MEM_1.trace_block_memory/inst_blk_mem_gen/gnbram.gnativebmg.native_blk_mem_gen/valid.cstr/ramloop[17].ram.r/prim_noinit.ram/DEVICE_8SERIES.NO_BMM_INFO.SDP.SIMPLE_PRIM36.ram has been changed from INDEPENDENT to COMMON to match the clocking topology used for the BRAM.
INFO: [Opt 31-422] The CLOCK_DOMAINS attribute on the BRAM cell bdw/design_1_i/system_ila_0/inst/ila_lib/inst/ila_core_inst/ila_trace_memory_inst/SUBCORE_RAM_BLK_MEM_1.trace_block_memory/inst_blk_mem_gen/gnbram.gnativebmg.native_blk_mem_gen/valid.cstr/ramloop[18].ram.r/prim_noinit.ram/DEVICE_8SERIES.NO_BMM_INFO.SDP.SIMPLE_PRIM36.ram has been changed from INDEPENDENT to COMMON to match the clocking topology used for the BRAM.
INFO: [Opt 31-422] The CLOCK_DOMAINS attribute on the BRAM cell bdw/design_1_i/system_ila_0/inst/ila_lib/inst/ila_core_inst/ila_trace_memory_inst/SUBCORE_RAM_BLK_MEM_1.trace_block_memory/inst_blk_mem_gen/gnbram.gnativebmg.native_blk_mem_gen/valid.cstr/ramloop[19].ram.r/prim_noinit.ram/DEVICE_8SERIES.NO_BMM_INFO.SDP.SIMPLE_PRIM36.ram has been changed from INDEPENDENT to COMMON to match the clocking topology used for the BRAM.
INFO: [Opt 31-422] The CLOCK_DOMAINS attribute on the BRAM cell bdw/design_1_i/system_ila_0/inst/ila_lib/inst/ila_core_inst/ila_trace_memory_inst/SUBCORE_RAM_BLK_MEM_1.trace_block_memory/inst_blk_mem_gen/gnbram.gnativebmg.native_blk_mem_gen/valid.cstr/ramloop[1].ram.r/prim_noinit.ram/DEVICE_8SERIES.NO_BMM_INFO.SDP.SIMPLE_PRIM36.ram has been changed from INDEPENDENT to COMMON to match the clocking topology used for the BRAM.
INFO: [Opt 31-422] The CLOCK_DOMAINS attribute on the BRAM cell bdw/design_1_i/system_ila_0/inst/ila_lib/inst/ila_core_inst/ila_trace_memory_inst/SUBCORE_RAM_BLK_MEM_1.trace_block_memory/inst_blk_mem_gen/gnbram.gnativebmg.native_blk_mem_gen/valid.cstr/ramloop[20].ram.r/prim_noinit.ram/DEVICE_8SERIES.NO_BMM_INFO.SDP.SIMPLE_PRIM36.ram has been changed from INDEPENDENT to COMMON to match the clocking topology used for the BRAM.
INFO: [Opt 31-422] The CLOCK_DOMAINS attribute on the BRAM cell bdw/design_1_i/system_ila_0/inst/ila_lib/inst/ila_core_inst/ila_trace_memory_inst/SUBCORE_RAM_BLK_MEM_1.trace_block_memory/inst_blk_mem_gen/gnbram.gnativebmg.native_blk_mem_gen/valid.cstr/ramloop[21].ram.r/prim_noinit.ram/DEVICE_8SERIES.NO_BMM_INFO.SDP.SIMPLE_PRIM36.ram has been changed from INDEPENDENT to COMMON to match the clocking topology used for the BRAM.
INFO: [Opt 31-422] The CLOCK_DOMAINS attribute on the BRAM cell bdw/design_1_i/system_ila_0/inst/ila_lib/inst/ila_core_inst/ila_trace_memory_inst/SUBCORE_RAM_BLK_MEM_1.trace_block_memory/inst_blk_mem_gen/gnbram.gnativebmg.native_blk_mem_gen/valid.cstr/ramloop[22].ram.r/prim_noinit.ram/DEVICE_8SERIES.NO_BMM_INFO.SDP.SIMPLE_PRIM36.ram has been changed from INDEPENDENT to COMMON to match the clocking topology used for the BRAM.
INFO: [Opt 31-422] The CLOCK_DOMAINS attribute on the BRAM cell bdw/design_1_i/system_ila_0/inst/ila_lib/inst/ila_core_inst/ila_trace_memory_inst/SUBCORE_RAM_BLK_MEM_1.trace_block_memory/inst_blk_mem_gen/gnbram.gnativebmg.native_blk_mem_gen/valid.cstr/ramloop[23].ram.r/prim_noinit.ram/DEVICE_8SERIES.NO_BMM_INFO.SDP.SIMPLE_PRIM36.ram has been changed from INDEPENDENT to COMMON to match the clocking topology used for the BRAM.
INFO: [Opt 31-422] The CLOCK_DOMAINS attribute on the BRAM cell bdw/design_1_i/system_ila_0/inst/ila_lib/inst/ila_core_inst/ila_trace_memory_inst/SUBCORE_RAM_BLK_MEM_1.trace_block_memory/inst_blk_mem_gen/gnbram.gnativebmg.native_blk_mem_gen/valid.cstr/ramloop[2].ram.r/prim_noinit.ram/DEVICE_8SERIES.NO_BMM_INFO.SDP.SIMPLE_PRIM36.ram has been changed from INDEPENDENT to COMMON to match the clocking topology used for the BRAM.
INFO: [Opt 31-422] The CLOCK_DOMAINS attribute on the BRAM cell bdw/design_1_i/system_ila_0/inst/ila_lib/inst/ila_core_inst/ila_trace_memory_inst/SUBCORE_RAM_BLK_MEM_1.trace_block_memory/inst_blk_mem_gen/gnbram.gnativebmg.native_blk_mem_gen/valid.cstr/ramloop[3].ram.r/prim_noinit.ram/DEVICE_8SERIES.NO_BMM_INFO.SDP.SIMPLE_PRIM36.ram has been changed from INDEPENDENT to COMMON to match the clocking topology used for the BRAM.
INFO: [Opt 31-422] The CLOCK_DOMAINS attribute on the BRAM cell bdw/design_1_i/system_ila_0/inst/ila_lib/inst/ila_core_inst/ila_trace_memory_inst/SUBCORE_RAM_BLK_MEM_1.trace_block_memory/inst_blk_mem_gen/gnbram.gnativebmg.native_blk_mem_gen/valid.cstr/ramloop[4].ram.r/prim_noinit.ram/DEVICE_8SERIES.NO_BMM_INFO.SDP.SIMPLE_PRIM36.ram has been changed from INDEPENDENT to COMMON to match the clocking topology used for the BRAM.
INFO: [Opt 31-422] The CLOCK_DOMAINS attribute on the BRAM cell bdw/design_1_i/system_ila_0/inst/ila_lib/inst/ila_core_inst/ila_trace_memory_inst/SUBCORE_RAM_BLK_MEM_1.trace_block_memory/inst_blk_mem_gen/gnbram.gnativebmg.native_blk_mem_gen/valid.cstr/ramloop[5].ram.r/prim_noinit.ram/DEVICE_8SERIES.NO_BMM_INFO.SDP.SIMPLE_PRIM36.ram has been changed from INDEPENDENT to COMMON to match the clocking topology used for the BRAM.
INFO: [Opt 31-422] The CLOCK_DOMAINS attribute on the BRAM cell bdw/design_1_i/system_ila_0/inst/ila_lib/inst/ila_core_inst/ila_trace_memory_inst/SUBCORE_RAM_BLK_MEM_1.trace_block_memory/inst_blk_mem_gen/gnbram.gnativebmg.native_blk_mem_gen/valid.cstr/ramloop[6].ram.r/prim_noinit.ram/DEVICE_8SERIES.NO_BMM_INFO.SDP.SIMPLE_PRIM36.ram has been changed from INDEPENDENT to COMMON to match the clocking topology used for the BRAM.
INFO: [Opt 31-422] The CLOCK_DOMAINS attribute on the BRAM cell bdw/design_1_i/system_ila_0/inst/ila_lib/inst/ila_core_inst/ila_trace_memory_inst/SUBCORE_RAM_BLK_MEM_1.trace_block_memory/inst_blk_mem_gen/gnbram.gnativebmg.native_blk_mem_gen/valid.cstr/ramloop[7].ram.r/prim_noinit.ram/DEVICE_8SERIES.NO_BMM_INFO.SDP.SIMPLE_PRIM36.ram has been changed from INDEPENDENT to COMMON to match the clocking topology used for the BRAM.
INFO: [Opt 31-422] The CLOCK_DOMAINS attribute on the BRAM cell bdw/design_1_i/system_ila_0/inst/ila_lib/inst/ila_core_inst/ila_trace_memory_inst/SUBCORE_RAM_BLK_MEM_1.trace_block_memory/inst_blk_mem_gen/gnbram.gnativebmg.native_blk_mem_gen/valid.cstr/ramloop[8].ram.r/prim_noinit.ram/DEVICE_8SERIES.NO_BMM_INFO.SDP.SIMPLE_PRIM36.ram has been changed from INDEPENDENT to COMMON to match the clocking topology used for the BRAM.
INFO: [Opt 31-422] The CLOCK_DOMAINS attribute on the BRAM cell bdw/design_1_i/system_ila_0/inst/ila_lib/inst/ila_core_inst/ila_trace_memory_inst/SUBCORE_RAM_BLK_MEM_1.trace_block_memory/inst_blk_mem_gen/gnbram.gnativebmg.native_blk_mem_gen/valid.cstr/ramloop[9].ram.r/prim_noinit.ram/DEVICE_8SERIES.NO_BMM_INFO.SDP.SIMPLE_PRIM36.ram has been changed from INDEPENDENT to COMMON to match the clocking topology used for the BRAM.
INFO: [Opt 31-49] Retargeted 0 cell(s).
Phase 2 Retarget | Checksum: 123b0fd65

Time (s): cpu = 00:00:44 ; elapsed = 00:00:33 . Memory (MB): peak = 5632.133 ; gain = 0.000 ; free physical = 2107 ; free virtual = 10497
INFO: [Opt 31-389] Phase Retarget created 611 cells and removed 1544 cells
INFO: [Opt 31-1021] In phase Retarget, 715 netlist objects are constrained preventing optimization. Please run opt_design with -debug_log to get more detail. 

Phase 3 Constant propagation
INFO: [Opt 31-138] Pushed 12 inverter(s) to 17 load pin(s).
Phase 3 Constant propagation | Checksum: 154650581

Time (s): cpu = 00:00:47 ; elapsed = 00:00:35 . Memory (MB): peak = 5632.133 ; gain = 0.000 ; free physical = 2097 ; free virtual = 10492
INFO: [Opt 31-389] Phase Constant propagation created 1732 cells and removed 6544 cells
INFO: [Opt 31-1021] In phase Constant propagation, 664 netlist objects are constrained preventing optimization. Please run opt_design with -debug_log to get more detail. 

Phase 4 Sweep
Phase 4 Sweep | Checksum: c716df1e

Time (s): cpu = 00:00:55 ; elapsed = 00:00:43 . Memory (MB): peak = 5632.133 ; gain = 0.000 ; free physical = 2062 ; free virtual = 10470
INFO: [Opt 31-389] Phase Sweep created 4 cells and removed 14337 cells
INFO: [Opt 31-1021] In phase Sweep, 8712 netlist objects are constrained preventing optimization. Please run opt_design with -debug_log to get more detail. 

Phase 5 BUFG optimization
INFO: [Opt 31-1077] Phase BUFG optimization inserted 0 global clock buffer(s) for CLOCK_LOW_FANOUT.
INFO: [Opt 31-274] Optimized connectivity to 1 cascaded buffer cells
Phase 5 BUFG optimization | Checksum: 1314a96b1

Time (s): cpu = 00:00:57 ; elapsed = 00:00:44 . Memory (MB): peak = 5632.133 ; gain = 0.000 ; free physical = 2036 ; free virtual = 10469
INFO: [Opt 31-662] Phase BUFG optimization created 0 cells of which 0 are BUFGs and removed 1 cells.

Phase 6 Shift Register Optimization
INFO: [Opt 31-1064] SRL Remap converted 0 SRLs to 0 registers and converted 0 registers of register chains to 0 SRLs
Phase 6 Shift Register Optimization | Checksum: 1314a96b1

Time (s): cpu = 00:00:57 ; elapsed = 00:00:45 . Memory (MB): peak = 5632.133 ; gain = 0.000 ; free physical = 2033 ; free virtual = 10468
INFO: [Opt 31-389] Phase Shift Register Optimization created 0 cells and removed 0 cells

Phase 7 Post Processing Netlist
INFO: [Opt 31-1287] Pulled Inverter bdw/design_1_i/bram_loopback/axisafety_2/inst/S_AXI_BVALID_i_1 into driver instance bdw/design_1_i/bram_loopback/axisafety_2/inst/S_AXI_BVALID_i_2, which resulted in an inversion of 1 pins
Phase 7 Post Processing Netlist | Checksum: 1744a1d94

Time (s): cpu = 00:00:58 ; elapsed = 00:00:45 . Memory (MB): peak = 5632.133 ; gain = 0.000 ; free physical = 2028 ; free virtual = 10468
INFO: [Opt 31-389] Phase Post Processing Netlist created 0 cells and removed 1 cells
INFO: [Opt 31-1021] In phase Post Processing Netlist, 726 netlist objects are constrained preventing optimization. Please run opt_design with -debug_log to get more detail. 
Opt_design Change Summary
=========================


-------------------------------------------------------------------------------------------------------------------------
|  Phase                        |  #Cells created  |  #Cells Removed  |  #Constrained objects preventing optimizations  |
-------------------------------------------------------------------------------------------------------------------------
|  Retarget                     |             611  |            1544  |                                            715  |
|  Constant propagation         |            1732  |            6544  |                                            664  |
|  Sweep                        |               4  |           14337  |                                           8712  |
|  BUFG optimization            |               0  |               1  |                                              0  |
|  Shift Register Optimization  |               0  |               0  |                                              0  |
|  Post Processing Netlist      |               0  |               1  |                                            726  |
-------------------------------------------------------------------------------------------------------------------------



Starting Connectivity Check Task

Time (s): cpu = 00:00:00.22 ; elapsed = 00:00:00.21 . Memory (MB): peak = 5632.133 ; gain = 0.000 ; free physical = 1998 ; free virtual = 10465
Ending Logic Optimization Task | Checksum: 1d4c39fd8

Time (s): cpu = 00:01:01 ; elapsed = 00:00:48 . Memory (MB): peak = 5632.133 ; gain = 0.000 ; free physical = 1997 ; free virtual = 10464

Starting Power Optimization Task
INFO: [Pwropt 34-132] Skipping clock gating for clocks with a period < 2.00 ns.
INFO: [Timing 38-35] Done setting XDC timing constraints.
WARNING: [Timing 38-3] User defined clock exists on pin c2c_mgt/c2c_gth/inst/gen_gtwizard_gthe4_top.c2c_gth_7p8125g_gtwizard_gthe4_inst/gen_gtwizard_gthe4.gen_channel_container[1].gen_enabled_channel.gthe4_channel_wrapper_inst/channel_inst/gthe4_channel_gen.gen_gthe4_channel_inst[0].GTHE4_CHANNEL_PRIM_INST/TXOUTCLK [See /home/agreshil/vivado_projects/i2c-master/x2o-vivado-usplus-control-i2c-master-pl/control/apex_kria/apex_kria.srcs/constrs_1/imports/new/7015_primary.xdc:107] and will prevent any subsequent automatic derivation of generated clocks on that pin. If the user defined clock specifies '-add', any existing auto-derived clocks on that pin are retained.
WARNING: [Timing 38-3] User defined clock exists on pin c2c_mgt/c2c_gth/inst/gen_gtwizard_gthe4_top.c2c_gth_7p8125g_gtwizard_gthe4_inst/gen_gtwizard_gthe4.gen_channel_container[1].gen_enabled_channel.gthe4_channel_wrapper_inst/channel_inst/gthe4_channel_gen.gen_gthe4_channel_inst[1].GTHE4_CHANNEL_PRIM_INST/TXOUTCLK [See /home/agreshil/vivado_projects/i2c-master/x2o-vivado-usplus-control-i2c-master-pl/control/apex_kria/apex_kria.srcs/constrs_1/imports/new/7015_primary.xdc:108] and will prevent any subsequent automatic derivation of generated clocks on that pin. If the user defined clock specifies '-add', any existing auto-derived clocks on that pin are retained.
INFO: [Pwropt 34-9] Applying IDT optimizations ...
INFO: [Pwropt 34-10] Applying ODC optimizations ...
Running Vector-less Activity Propagation...

Finished Running Vector-less Activity Propagation


Starting PowerOpt Patch Enables Task
INFO: [Pwropt 34-162] WRITE_MODE attribute of 15 BRAM(s) out of a total of 149 has been updated to save power. Run report_power_opt to get a complete listing of the BRAMs updated.
INFO: [Timing 38-35] Done setting XDC timing constraints.
WARNING: [Timing 38-3] User defined clock exists on pin c2c_mgt/c2c_gth/inst/gen_gtwizard_gthe4_top.c2c_gth_7p8125g_gtwizard_gthe4_inst/gen_gtwizard_gthe4.gen_channel_container[1].gen_enabled_channel.gthe4_channel_wrapper_inst/channel_inst/gthe4_channel_gen.gen_gthe4_channel_inst[0].GTHE4_CHANNEL_PRIM_INST/TXOUTCLK [See /home/agreshil/vivado_projects/i2c-master/x2o-vivado-usplus-control-i2c-master-pl/control/apex_kria/apex_kria.srcs/constrs_1/imports/new/7015_primary.xdc:107] and will prevent any subsequent automatic derivation of generated clocks on that pin. If the user defined clock specifies '-add', any existing auto-derived clocks on that pin are retained.
WARNING: [Timing 38-3] User defined clock exists on pin c2c_mgt/c2c_gth/inst/gen_gtwizard_gthe4_top.c2c_gth_7p8125g_gtwizard_gthe4_inst/gen_gtwizard_gthe4.gen_channel_container[1].gen_enabled_channel.gthe4_channel_wrapper_inst/channel_inst/gthe4_channel_gen.gen_gthe4_channel_inst[1].GTHE4_CHANNEL_PRIM_INST/TXOUTCLK [See /home/agreshil/vivado_projects/i2c-master/x2o-vivado-usplus-control-i2c-master-pl/control/apex_kria/apex_kria.srcs/constrs_1/imports/new/7015_primary.xdc:108] and will prevent any subsequent automatic derivation of generated clocks on that pin. If the user defined clock specifies '-add', any existing auto-derived clocks on that pin are retained.
INFO: [Pwropt 34-201] Structural ODC has moved 77 WE to EN ports
Number of BRAM Ports augmented: 89 newly gated: 78 Total Ports: 298
Ending PowerOpt Patch Enables Task | Checksum: ce655de7

Time (s): cpu = 00:00:11 ; elapsed = 00:00:04 . Memory (MB): peak = 6807.875 ; gain = 0.000 ; free physical = 1051 ; free virtual = 9292
Ending Power Optimization Task | Checksum: ce655de7

Time (s): cpu = 00:01:43 ; elapsed = 00:00:47 . Memory (MB): peak = 6807.875 ; gain = 1175.742 ; free physical = 1168 ; free virtual = 9415

Starting Final Cleanup Task

Starting Logic Optimization Task
INFO: [Timing 38-35] Done setting XDC timing constraints.
WARNING: [Timing 38-3] User defined clock exists on pin c2c_mgt/c2c_gth/inst/gen_gtwizard_gthe4_top.c2c_gth_7p8125g_gtwizard_gthe4_inst/gen_gtwizard_gthe4.gen_channel_container[1].gen_enabled_channel.gthe4_channel_wrapper_inst/channel_inst/gthe4_channel_gen.gen_gthe4_channel_inst[0].GTHE4_CHANNEL_PRIM_INST/TXOUTCLK [See /home/agreshil/vivado_projects/i2c-master/x2o-vivado-usplus-control-i2c-master-pl/control/apex_kria/apex_kria.srcs/constrs_1/imports/new/7015_primary.xdc:107] and will prevent any subsequent automatic derivation of generated clocks on that pin. If the user defined clock specifies '-add', any existing auto-derived clocks on that pin are retained.
WARNING: [Timing 38-3] User defined clock exists on pin c2c_mgt/c2c_gth/inst/gen_gtwizard_gthe4_top.c2c_gth_7p8125g_gtwizard_gthe4_inst/gen_gtwizard_gthe4.gen_channel_container[1].gen_enabled_channel.gthe4_channel_wrapper_inst/channel_inst/gthe4_channel_gen.gen_gthe4_channel_inst[1].GTHE4_CHANNEL_PRIM_INST/TXOUTCLK [See /home/agreshil/vivado_projects/i2c-master/x2o-vivado-usplus-control-i2c-master-pl/control/apex_kria/apex_kria.srcs/constrs_1/imports/new/7015_primary.xdc:108] and will prevent any subsequent automatic derivation of generated clocks on that pin. If the user defined clock specifies '-add', any existing auto-derived clocks on that pin are retained.
Ending Logic Optimization Task | Checksum: 1700a1dd2

Time (s): cpu = 00:00:21 ; elapsed = 00:00:08 . Memory (MB): peak = 6807.875 ; gain = 0.000 ; free physical = 2590 ; free virtual = 11048
Ending Final Cleanup Task | Checksum: 1700a1dd2

Time (s): cpu = 00:00:24 ; elapsed = 00:00:12 . Memory (MB): peak = 6807.875 ; gain = 0.000 ; free physical = 2589 ; free virtual = 11047

Starting Netlist Obfuscation Task
Netlist sorting complete. Time (s): cpu = 00:00:00.02 ; elapsed = 00:00:00.02 . Memory (MB): peak = 6807.875 ; gain = 0.000 ; free physical = 2589 ; free virtual = 11047
Ending Netlist Obfuscation Task | Checksum: 1700a1dd2

Time (s): cpu = 00:00:00.03 ; elapsed = 00:00:00.03 . Memory (MB): peak = 6807.875 ; gain = 0.000 ; free physical = 2589 ; free virtual = 11047
INFO: [Common 17-83] Releasing license: Implementation
266 Infos, 237 Warnings, 5 Critical Warnings and 0 Errors encountered.
opt_design completed successfully
opt_design: Time (s): cpu = 00:03:27 ; elapsed = 00:01:54 . Memory (MB): peak = 6807.875 ; gain = 1175.742 ; free physical = 2589 ; free virtual = 11047
INFO: [Timing 38-35] Done setting XDC timing constraints.
WARNING: [Timing 38-3] User defined clock exists on pin c2c_mgt/c2c_gth/inst/gen_gtwizard_gthe4_top.c2c_gth_7p8125g_gtwizard_gthe4_inst/gen_gtwizard_gthe4.gen_channel_container[1].gen_enabled_channel.gthe4_channel_wrapper_inst/channel_inst/gthe4_channel_gen.gen_gthe4_channel_inst[0].GTHE4_CHANNEL_PRIM_INST/TXOUTCLK [See /home/agreshil/vivado_projects/i2c-master/x2o-vivado-usplus-control-i2c-master-pl/control/apex_kria/apex_kria.srcs/constrs_1/imports/new/7015_primary.xdc:107] and will prevent any subsequent automatic derivation of generated clocks on that pin. If the user defined clock specifies '-add', any existing auto-derived clocks on that pin are retained.
WARNING: [Timing 38-3] User defined clock exists on pin c2c_mgt/c2c_gth/inst/gen_gtwizard_gthe4_top.c2c_gth_7p8125g_gtwizard_gthe4_inst/gen_gtwizard_gthe4.gen_channel_container[1].gen_enabled_channel.gthe4_channel_wrapper_inst/channel_inst/gthe4_channel_gen.gen_gthe4_channel_inst[1].GTHE4_CHANNEL_PRIM_INST/TXOUTCLK [See /home/agreshil/vivado_projects/i2c-master/x2o-vivado-usplus-control-i2c-master-pl/control/apex_kria/apex_kria.srcs/constrs_1/imports/new/7015_primary.xdc:108] and will prevent any subsequent automatic derivation of generated clocks on that pin. If the user defined clock specifies '-add', any existing auto-derived clocks on that pin are retained.
INFO: [Timing 38-480] Writing timing data to binary archive.
Writing XDEF routing.
Writing XDEF routing logical nets.
Writing XDEF routing special nets.
Write XDEF Complete: Time (s): cpu = 00:00:00.51 ; elapsed = 00:00:00.11 . Memory (MB): peak = 6807.875 ; gain = 0.000 ; free physical = 2431 ; free virtual = 10896
INFO: [Common 17-1381] The checkpoint '/home/agreshil/vivado_projects/i2c-master/x2o-vivado-usplus-control-i2c-master-pl/control/apex_kria/apex_kria.runs/impl_1/apex_control_mgt_top_opt.dcp' has been generated.
write_checkpoint: Time (s): cpu = 00:00:25 ; elapsed = 00:00:14 . Memory (MB): peak = 6807.875 ; gain = 0.000 ; free physical = 2387 ; free virtual = 10890
INFO: [runtcl-4] Executing : report_drc -file apex_control_mgt_top_drc_opted.rpt -pb apex_control_mgt_top_drc_opted.pb -rpx apex_control_mgt_top_drc_opted.rpx
Command: report_drc -file apex_control_mgt_top_drc_opted.rpt -pb apex_control_mgt_top_drc_opted.pb -rpx apex_control_mgt_top_drc_opted.rpx
INFO: [IP_Flow 19-1839] IP Catalog is up to date.
INFO: [DRC 23-27] Running DRC with 8 threads
INFO: [Vivado_Tcl 2-168] The results of DRC are in file /home/agreshil/vivado_projects/i2c-master/x2o-vivado-usplus-control-i2c-master-pl/control/apex_kria/apex_kria.runs/impl_1/apex_control_mgt_top_drc_opted.rpt.
report_drc completed successfully
report_drc: Time (s): cpu = 00:00:40 ; elapsed = 00:00:08 . Memory (MB): peak = 6807.875 ; gain = 0.000 ; free physical = 2260 ; free virtual = 10763
INFO: [Chipscope 16-240] Debug cores have already been implemented
Command: place_design -directive ExtraTimingOpt
Attempting to get a license for feature 'Implementation' and/or device 'xck26'
INFO: [Common 17-349] Got license for feature 'Implementation' and/or device 'xck26'
INFO: [DRC 23-27] Running DRC with 8 threads
INFO: [Vivado_Tcl 4-198] DRC finished with 0 Errors
INFO: [Vivado_Tcl 4-199] Please refer to the DRC report (report_drc) for more information.
Running DRC as a precondition to command place_design
INFO: [DRC 23-27] Running DRC with 8 threads
INFO: [Vivado_Tcl 4-198] DRC finished with 0 Errors, 1 Warnings
INFO: [Vivado_Tcl 4-199] Please refer to the DRC report (report_drc) for more information.

Starting Placer Task
INFO: [Place 46-5] The placer was invoked with the 'ExtraTimingOpt' directive.
INFO: [Place 30-611] Multithreading enabled for place_design using a maximum of 8 CPUs

Phase 1 Placer Initialization

Phase 1.1 Placer Initialization Netlist Sorting
Netlist sorting complete. Time (s): cpu = 00:00:00.02 ; elapsed = 00:00:00.02 . Memory (MB): peak = 6807.875 ; gain = 0.000 ; free physical = 2255 ; free virtual = 10759
Phase 1.1 Placer Initialization Netlist Sorting | Checksum: b315ab19

Time (s): cpu = 00:00:00.05 ; elapsed = 00:00:00.07 . Memory (MB): peak = 6807.875 ; gain = 0.000 ; free physical = 2255 ; free virtual = 10759
Netlist sorting complete. Time (s): cpu = 00:00:00.01 ; elapsed = 00:00:00.02 . Memory (MB): peak = 6807.875 ; gain = 0.000 ; free physical = 2255 ; free virtual = 10759

Phase 1.2 IO Placement/ Clock Placement/ Build Placer Device
Phase 1.2 IO Placement/ Clock Placement/ Build Placer Device | Checksum: a3b5285b

Time (s): cpu = 00:00:12 ; elapsed = 00:00:06 . Memory (MB): peak = 6807.875 ; gain = 0.000 ; free physical = 2296 ; free virtual = 10800

Phase 1.3 Build Placer Netlist Model
Phase 1.3 Build Placer Netlist Model | Checksum: 17edfc873

Time (s): cpu = 00:01:03 ; elapsed = 00:00:28 . Memory (MB): peak = 6807.875 ; gain = 0.000 ; free physical = 2058 ; free virtual = 10562

Phase 1.4 Constrain Clocks/Macros
Phase 1.4 Constrain Clocks/Macros | Checksum: 17edfc873

Time (s): cpu = 00:01:03 ; elapsed = 00:00:28 . Memory (MB): peak = 6807.875 ; gain = 0.000 ; free physical = 2058 ; free virtual = 10562
Phase 1 Placer Initialization | Checksum: 17edfc873

Time (s): cpu = 00:01:03 ; elapsed = 00:00:29 . Memory (MB): peak = 6807.875 ; gain = 0.000 ; free physical = 2048 ; free virtual = 10551

Phase 2 Global Placement

Phase 2.1 Floorplanning

Phase 2.1.1 Partition Driven Placement

Phase 2.1.1.1 PBP: Partition Driven Placement
Phase 2.1.1.1 PBP: Partition Driven Placement | Checksum: d7e296f1

Time (s): cpu = 00:02:56 ; elapsed = 00:01:12 . Memory (MB): peak = 6807.875 ; gain = 0.000 ; free physical = 1968 ; free virtual = 10472

Phase 2.1.1.2 PBP: Clock Region Placement
Phase 2.1.1.2 PBP: Clock Region Placement | Checksum: 10331479a

Time (s): cpu = 00:02:59 ; elapsed = 00:01:15 . Memory (MB): peak = 6807.875 ; gain = 0.000 ; free physical = 1952 ; free virtual = 10456

Phase 2.1.1.3 PBP: Discrete Incremental
Phase 2.1.1.3 PBP: Discrete Incremental | Checksum: 19b6d5db5

Time (s): cpu = 00:02:59 ; elapsed = 00:01:15 . Memory (MB): peak = 6807.875 ; gain = 0.000 ; free physical = 1951 ; free virtual = 10456

Phase 2.1.1.4 PBP: Compute Congestion
Phase 2.1.1.4 PBP: Compute Congestion | Checksum: 19b6d5db5

Time (s): cpu = 00:03:01 ; elapsed = 00:01:16 . Memory (MB): peak = 6808.230 ; gain = 0.355 ; free physical = 1929 ; free virtual = 10433

Phase 2.1.1.5 PBP: Macro Placement
Phase 2.1.1.5 PBP: Macro Placement | Checksum: 1410282ae

Time (s): cpu = 00:03:02 ; elapsed = 00:01:16 . Memory (MB): peak = 6808.230 ; gain = 0.355 ; free physical = 1926 ; free virtual = 10430

Phase 2.1.1.6 PBP: UpdateTiming
Phase 2.1.1.6 PBP: UpdateTiming | Checksum: 177122942

Time (s): cpu = 00:03:15 ; elapsed = 00:01:22 . Memory (MB): peak = 6840.246 ; gain = 32.371 ; free physical = 1898 ; free virtual = 10403

Phase 2.1.1.7 PBP: Add part constraints
Phase 2.1.1.7 PBP: Add part constraints | Checksum: 177122942

Time (s): cpu = 00:03:15 ; elapsed = 00:01:22 . Memory (MB): peak = 6840.246 ; gain = 32.371 ; free physical = 1898 ; free virtual = 10403
Phase 2.1.1 Partition Driven Placement | Checksum: 177122942

Time (s): cpu = 00:03:15 ; elapsed = 00:01:22 . Memory (MB): peak = 6840.246 ; gain = 32.371 ; free physical = 1953 ; free virtual = 10457
Phase 2.1 Floorplanning | Checksum: 177122942

Time (s): cpu = 00:03:16 ; elapsed = 00:01:22 . Memory (MB): peak = 6840.246 ; gain = 32.371 ; free physical = 1953 ; free virtual = 10457

Phase 2.2 Update Timing before SLR Path Opt
Phase 2.2 Update Timing before SLR Path Opt | Checksum: 177122942

Time (s): cpu = 00:03:16 ; elapsed = 00:01:22 . Memory (MB): peak = 6840.246 ; gain = 32.371 ; free physical = 1953 ; free virtual = 10457

Phase 2.3 Post-Processing in Floorplanning
Phase 2.3 Post-Processing in Floorplanning | Checksum: 18939b723

Time (s): cpu = 00:03:16 ; elapsed = 00:01:23 . Memory (MB): peak = 6840.246 ; gain = 32.371 ; free physical = 1953 ; free virtual = 10457

Phase 2.4 Global Placement Core

Phase 2.4.1 UpdateTiming Before Physical Synthesis
Phase 2.4.1 UpdateTiming Before Physical Synthesis | Checksum: 209d2770e

Time (s): cpu = 00:06:51 ; elapsed = 00:02:42 . Memory (MB): peak = 6843.258 ; gain = 35.383 ; free physical = 1932 ; free virtual = 10436

Phase 2.4.2 Physical Synthesis In Placer
INFO: [Physopt 32-1035] Found 112 LUTNM shape to break, 3845 LUT instances to create LUTNM shape
INFO: [Physopt 32-1044] Break lutnm for timing: one critical 54, two critical 58, total 112, new lutff created 4
INFO: [Physopt 32-1138] End 1 Pass. Optimized 1731 nets or LUTs. Breaked 112 LUTs, combined 1619 existing LUTs and moved 0 existing LUT
INFO: [Physopt 32-1030] Pass 1. Identified 85 candidate driver sets for equivalent driver rewiring.
INFO: [Physopt 32-661] Optimized 44 nets.  Re-placed 488 instances.
INFO: [Physopt 32-775] End 1 Pass. Optimized 44 nets or cells. Created 0 new cell, deleted 0 existing cell and moved 488 existing cells
Netlist sorting complete. Time (s): cpu = 00:00:00.47 ; elapsed = 00:00:00.47 . Memory (MB): peak = 6843.258 ; gain = 0.000 ; free physical = 1915 ; free virtual = 10419
INFO: [Physopt 32-65] No nets found for high-fanout optimization.
INFO: [Physopt 32-232] Optimized 0 net. Created 0 new instance.
INFO: [Physopt 32-775] End 1 Pass. Optimized 0 net or cell. Created 0 new cell, deleted 0 existing cell and moved 0 existing cell
INFO: [Physopt 32-76] Pass 1. Identified 2 candidate nets for fanout optimization.
INFO: [Physopt 32-81] Processed net bdw/design_1_i/hier_0/axis_data_fifo_2/inst/gen_fifo.xpm_fifo_axis_inst/xpm_fifo_base_inst/xpm_fifo_rst_inst/Q[0]. Replicated 6 times.
INFO: [Physopt 32-81] Processed net bdw/design_1_i/hier_0/axi_mcdma_0/U0/I_PRMRY_DATAMOVER/GEN_MM2S_FULL.I_MM2S_FULL_WRAPPER/GEN_INCLUDE_MM2S_SF.I_RD_SF/I_DATA_FIFO/BLK_MEM.I_SYNC_FIFOGEN_FIFO/xpm_fifo_instance.xpm_fifo_sync_inst/xpm_fifo_base_inst/xpm_fifo_rst_inst/Q[0]. Replicated 4 times.
INFO: [Physopt 32-232] Optimized 2 nets. Created 10 new instances.
INFO: [Physopt 32-775] End 1 Pass. Optimized 2 nets or cells. Created 10 new cells, deleted 0 existing cell and moved 0 existing cell
Netlist sorting complete. Time (s): cpu = 00:00:00.03 ; elapsed = 00:00:00.02 . Memory (MB): peak = 6843.258 ; gain = 0.000 ; free physical = 1915 ; free virtual = 10419
INFO: [Physopt 32-456] No candidate cells for DSP register optimization found in the design.
INFO: [Physopt 32-775] End 2 Pass. Optimized 0 net or cell. Created 0 new cell, deleted 0 existing cell and moved 0 existing cell
INFO: [Physopt 32-1123] No candidate cells found for Shift Register to Pipeline optimization
INFO: [Physopt 32-775] End 2 Pass. Optimized 0 net or cell. Created 0 new cell, deleted 0 existing cell and moved 0 existing cell
INFO: [Physopt 32-677] No candidate cells for Shift Register optimization found in the design
INFO: [Physopt 32-775] End 1 Pass. Optimized 0 net or cell. Created 0 new cell, deleted 0 existing cell and moved 0 existing cell
INFO: [Physopt 32-526] No candidate cells for BRAM register optimization found in the design
INFO: [Physopt 32-775] End 1 Pass. Optimized 0 net or cell. Created 0 new cell, deleted 0 existing cell and moved 0 existing cell
INFO: [Physopt 32-846] No candidate cells for URAM register optimization found in the design
INFO: [Physopt 32-775] End 2 Pass. Optimized 0 net or cell. Created 0 new cell, deleted 0 existing cell and moved 0 existing cell
INFO: [Physopt 32-949] No candidate nets found for dynamic/static region interface net replication
INFO: [Physopt 32-775] End 1 Pass. Optimized 0 net or cell. Created 0 new cell, deleted 0 existing cell and moved 0 existing cell
Netlist sorting complete. Time (s): cpu = 00:00:00.02 ; elapsed = 00:00:00.02 . Memory (MB): peak = 6843.258 ; gain = 0.000 ; free physical = 1921 ; free virtual = 10426

Summary of Physical Synthesis Optimizations
============================================


-----------------------------------------------------------------------------------------------------------------------------------------------------------
|  Optimization                                     |  Added Cells  |  Removed Cells  |  Optimized Cells/Nets  |  Dont Touch  |  Iterations  |  Elapsed   |
-----------------------------------------------------------------------------------------------------------------------------------------------------------
|  LUT Combining                                    |          112  |           1619  |                  1731  |           0  |           1  |  00:00:02  |
|  Retime                                           |            0  |              0  |                     0  |           0  |           1  |  00:00:00  |
|  Equivalent Driver Rewiring                       |            0  |              0  |                    44  |           0  |           1  |  00:00:05  |
|  Very High Fanout                                 |            0  |              0  |                     0  |           0  |           1  |  00:00:01  |
|  Fanout                                           |           10  |              0  |                     2  |           0  |           1  |  00:00:00  |
|  DSP Register                                     |            0  |              0  |                     0  |           0  |           1  |  00:00:00  |
|  Shift Register to Pipeline                       |            0  |              0  |                     0  |           0  |           1  |  00:00:00  |
|  Shift Register                                   |            0  |              0  |                     0  |           0  |           1  |  00:00:00  |
|  BRAM Register                                    |            0  |              0  |                     0  |           0  |           1  |  00:00:00  |
|  URAM Register                                    |            0  |              0  |                     0  |           0  |           1  |  00:00:00  |
|  Dynamic/Static Region Interface Net Replication  |            0  |              0  |                     0  |           0  |           1  |  00:00:00  |
|  Total                                            |          122  |           1619  |                  1777  |           0  |          11  |  00:00:08  |
-----------------------------------------------------------------------------------------------------------------------------------------------------------


Phase 2.4.2 Physical Synthesis In Placer | Checksum: 17a6d9c3d

Time (s): cpu = 00:07:12 ; elapsed = 00:02:57 . Memory (MB): peak = 6843.258 ; gain = 35.383 ; free physical = 1908 ; free virtual = 10412
Phase 2.4 Global Placement Core | Checksum: 1d2e76952

Time (s): cpu = 00:07:32 ; elapsed = 00:03:05 . Memory (MB): peak = 6843.258 ; gain = 35.383 ; free physical = 1897 ; free virtual = 10401
Phase 2 Global Placement | Checksum: 1d2e76952

Time (s): cpu = 00:07:32 ; elapsed = 00:03:05 . Memory (MB): peak = 6843.258 ; gain = 35.383 ; free physical = 1967 ; free virtual = 10471

Phase 3 Detail Placement

Phase 3.1 Commit Multi Column Macros
Phase 3.1 Commit Multi Column Macros | Checksum: 1d38a6b3b

Time (s): cpu = 00:07:47 ; elapsed = 00:03:10 . Memory (MB): peak = 6843.258 ; gain = 35.383 ; free physical = 1982 ; free virtual = 10487

Phase 3.2 Commit Most Macros & LUTRAMs
Phase 3.2 Commit Most Macros & LUTRAMs | Checksum: e764cae0

Time (s): cpu = 00:08:00 ; elapsed = 00:03:15 . Memory (MB): peak = 6843.258 ; gain = 35.383 ; free physical = 1983 ; free virtual = 10487

Phase 3.3 Small Shape DP

Phase 3.3.1 Small Shape Clustering
Phase 3.3.1 Small Shape Clustering | Checksum: 22f9be52

Time (s): cpu = 00:08:37 ; elapsed = 00:03:29 . Memory (MB): peak = 6843.258 ; gain = 35.383 ; free physical = 1890 ; free virtual = 10395

Phase 3.3.2 Flow Legalize Slice Clusters
Phase 3.3.2 Flow Legalize Slice Clusters | Checksum: ca3cde77

Time (s): cpu = 00:08:37 ; elapsed = 00:03:29 . Memory (MB): peak = 6843.258 ; gain = 35.383 ; free physical = 1891 ; free virtual = 10395

Phase 3.3.3 Slice Area Swap

Phase 3.3.3.1 Slice Area Swap Initial
Phase 3.3.3.1 Slice Area Swap Initial | Checksum: 45c5e6e4

Time (s): cpu = 00:08:49 ; elapsed = 00:03:38 . Memory (MB): peak = 6843.258 ; gain = 35.383 ; free physical = 1843 ; free virtual = 10347
Phase 3.3.3 Slice Area Swap | Checksum: 45c5e6e4

Time (s): cpu = 00:08:49 ; elapsed = 00:03:39 . Memory (MB): peak = 6843.258 ; gain = 35.383 ; free physical = 1843 ; free virtual = 10348
Phase 3.3 Small Shape DP | Checksum: 1b1b934c5

Time (s): cpu = 00:09:20 ; elapsed = 00:03:48 . Memory (MB): peak = 6843.258 ; gain = 35.383 ; free physical = 1861 ; free virtual = 10365

Phase 3.4 Re-assign LUT pins
Phase 3.4 Re-assign LUT pins | Checksum: 1eb6df7ff

Time (s): cpu = 00:09:25 ; elapsed = 00:03:53 . Memory (MB): peak = 6843.258 ; gain = 35.383 ; free physical = 1868 ; free virtual = 10373

Phase 3.5 Pipeline Register Optimization
Phase 3.5 Pipeline Register Optimization | Checksum: 6a1b7f5d

Time (s): cpu = 00:09:27 ; elapsed = 00:03:55 . Memory (MB): peak = 6843.258 ; gain = 35.383 ; free physical = 1868 ; free virtual = 10372

Phase 3.6 Fast Optimization
Phase 3.6 Fast Optimization | Checksum: e6e62c44

Time (s): cpu = 00:10:39 ; elapsed = 00:04:12 . Memory (MB): peak = 6843.258 ; gain = 35.383 ; free physical = 1815 ; free virtual = 10319
Phase 3 Detail Placement | Checksum: e6e62c44

Time (s): cpu = 00:10:40 ; elapsed = 00:04:13 . Memory (MB): peak = 6843.258 ; gain = 35.383 ; free physical = 1816 ; free virtual = 10320

Phase 4 Post Placement Optimization and Clean-Up

Phase 4.1 Post Commit Optimization
INFO: [Timing 38-35] Done setting XDC timing constraints.
WARNING: [Timing 38-3] User defined clock exists on pin c2c_mgt/c2c_gth/inst/gen_gtwizard_gthe4_top.c2c_gth_7p8125g_gtwizard_gthe4_inst/gen_gtwizard_gthe4.gen_channel_container[1].gen_enabled_channel.gthe4_channel_wrapper_inst/channel_inst/gthe4_channel_gen.gen_gthe4_channel_inst[0].GTHE4_CHANNEL_PRIM_INST/TXOUTCLK [See /home/agreshil/vivado_projects/i2c-master/x2o-vivado-usplus-control-i2c-master-pl/control/apex_kria/apex_kria.srcs/constrs_1/imports/new/7015_primary.xdc:107] and will prevent any subsequent automatic derivation of generated clocks on that pin. If the user defined clock specifies '-add', any existing auto-derived clocks on that pin are retained.
WARNING: [Timing 38-3] User defined clock exists on pin c2c_mgt/c2c_gth/inst/gen_gtwizard_gthe4_top.c2c_gth_7p8125g_gtwizard_gthe4_inst/gen_gtwizard_gthe4.gen_channel_container[1].gen_enabled_channel.gthe4_channel_wrapper_inst/channel_inst/gthe4_channel_gen.gen_gthe4_channel_inst[1].GTHE4_CHANNEL_PRIM_INST/TXOUTCLK [See /home/agreshil/vivado_projects/i2c-master/x2o-vivado-usplus-control-i2c-master-pl/control/apex_kria/apex_kria.srcs/constrs_1/imports/new/7015_primary.xdc:108] and will prevent any subsequent automatic derivation of generated clocks on that pin. If the user defined clock specifies '-add', any existing auto-derived clocks on that pin are retained.

Phase 4.1.1 Post Placement Optimization
Post Placement Optimization Initialization | Checksum: 180617f6b

Phase 4.1.1.1 BUFG Insertion

Starting Physical Synthesis Task

Phase 1 Physical Synthesis Initialization
INFO: [Physopt 32-721] Multithreading enabled for phys_opt_design using a maximum of 8 CPUs
INFO: [Physopt 32-619] Estimated Timing Summary | WNS=-1.223 | TNS=-235.302 |
Phase 1 Physical Synthesis Initialization | Checksum: b7197499

Time (s): cpu = 00:00:09 ; elapsed = 00:00:02 . Memory (MB): peak = 6843.258 ; gain = 0.000 ; free physical = 1790 ; free virtual = 10294
INFO: [Place 46-35] Processed net bdw/design_1_i/hier_0/axi_mcdma_0/U0/I_RST_MODULE/GEN_RESET_FOR_MM2S.RESET_I/SR[0], inserted BUFG to drive 8348 loads.
INFO: [Place 46-35] Processed net bdw/design_1_i/cpu/proc_sys_reset_0/U0/peripheral_aresetn[0], inserted BUFG to drive 1511 loads.
INFO: [Place 46-45] Replicated bufg driver bdw/design_1_i/cpu/proc_sys_reset_0/U0/ACTIVE_LOW_PR_OUT_DFF[0].FDRE_PER_N_replica
INFO: [Place 46-35] Processed net bdw/design_1_i/xxv_ethernet_0/inst/i_design_1_xxv_ethernet_0_0_top_0/i_design_1_xxv_ethernet_0_0_axi_if_top/i_pif_registers/i_stats_stat_cycle_accumulator/E[0], inserted BUFG to drive 1680 loads.
INFO: [Place 46-35] Processed net bdw/design_1_i/axi_dma_0/U0/I_RST_MODULE/GEN_RESET_FOR_S2MM.RESET_I/SR[0], inserted BUFG to drive 1265 loads.
INFO: [Place 46-35] Processed net bdw/design_1_i/xxv_ethernet_0/inst/i_design_1_xxv_ethernet_0_0_top_0/i_design_1_xxv_ethernet_0_0_axi_if_top/i_pif_registers/i_stats_stat_tx_frame_error_accumulator/E[0], inserted BUFG to drive 1152 loads.
INFO: [Place 46-35] Processed net bdw/design_1_i/xxv_ethernet_0/inst/i_design_1_xxv_ethernet_0_0_top_0/i_design_1_xxv_ethernet_0_0_CORE/i_TX_TOP/i_TX_CORE/i_TX_CORE_STRIPER/i_RESET_FLOP_TX_LBA/reset_flop_out, inserted BUFG to drive 1080 loads.
INFO: [Place 46-45] Replicated bufg driver bdw/design_1_i/xxv_ethernet_0/inst/i_design_1_xxv_ethernet_0_0_top_0/i_design_1_xxv_ethernet_0_0_CORE/i_TX_TOP/i_TX_CORE/i_TX_CORE_STRIPER/i_RESET_FLOP_TX_LBA/reset_flop_out_reg_replica
INFO: [Place 46-35] Processed net bdw/design_1_i/cpu/proc_sys_reset_1/U0/peripheral_aresetn[0], inserted BUFG to drive 1042 loads.
INFO: [Place 46-45] Replicated bufg driver bdw/design_1_i/cpu/proc_sys_reset_1/U0/ACTIVE_LOW_PR_OUT_DFF[0].FDRE_PER_N_replica
INFO: [Place 46-56] BUFG insertion identified 7 candidate nets. Inserted BUFG: 7, Replicated BUFG Driver: 3, Skipped due to Placement/Routing Conflicts: 0, Skipped due to Timing Degradation: 0, Skipped due to Illegal Netlist: 0.
Ending Physical Synthesis Task | Checksum: 1a7dd5893

Time (s): cpu = 00:00:19 ; elapsed = 00:00:08 . Memory (MB): peak = 6843.258 ; gain = 0.000 ; free physical = 1710 ; free virtual = 10215
Phase 4.1.1.1 BUFG Insertion | Checksum: 187643086

Time (s): cpu = 00:12:13 ; elapsed = 00:04:42 . Memory (MB): peak = 6843.258 ; gain = 35.383 ; free physical = 1721 ; free virtual = 10225

Phase 4.1.1.2 Post Placement Timing Optimization
INFO: [Place 30-746] Post Placement Timing Summary WNS=-0.953. For the most accurate timing information please run report_timing.
Phase 4.1.1.2 Post Placement Timing Optimization | Checksum: 138b53f16

Time (s): cpu = 00:12:57 ; elapsed = 00:05:26 . Memory (MB): peak = 6843.258 ; gain = 35.383 ; free physical = 1755 ; free virtual = 10259

Time (s): cpu = 00:12:57 ; elapsed = 00:05:26 . Memory (MB): peak = 6843.258 ; gain = 35.383 ; free physical = 1756 ; free virtual = 10261
Phase 4.1 Post Commit Optimization | Checksum: 138b53f16

Time (s): cpu = 00:12:58 ; elapsed = 00:05:27 . Memory (MB): peak = 6843.258 ; gain = 35.383 ; free physical = 1756 ; free virtual = 10261
Netlist sorting complete. Time (s): cpu = 00:00:00.44 ; elapsed = 00:00:00.44 . Memory (MB): peak = 6843.258 ; gain = 0.000 ; free physical = 1762 ; free virtual = 10267

Phase 4.2 Post Placement Cleanup
Phase 4.2 Post Placement Cleanup | Checksum: 174a75658

Time (s): cpu = 00:13:20 ; elapsed = 00:05:39 . Memory (MB): peak = 6843.258 ; gain = 35.383 ; free physical = 1769 ; free virtual = 10273

Phase 4.3 Placer Reporting

Phase 4.3.1 Print Estimated Congestion
INFO: [Place 30-612] Post-Placement Estimated Congestion 
 ________________________________________________________________________
|           | Global Congestion | Long Congestion   | Short Congestion  |
| Direction | Region Size       | Region Size       | Region Size       |
|___________|___________________|___________________|___________________|
|      North|              16x16|                1x1|              16x16|
|___________|___________________|___________________|___________________|
|      South|                8x8|              32x32|              32x32|
|___________|___________________|___________________|___________________|
|       East|                4x4|                1x1|              16x16|
|___________|___________________|___________________|___________________|
|       West|                2x2|                2x2|              16x16|
|___________|___________________|___________________|___________________|

Phase 4.3.1 Print Estimated Congestion | Checksum: 174a75658

Time (s): cpu = 00:13:20 ; elapsed = 00:05:39 . Memory (MB): peak = 6843.258 ; gain = 35.383 ; free physical = 1770 ; free virtual = 10275
Phase 4.3 Placer Reporting | Checksum: 174a75658

Time (s): cpu = 00:13:21 ; elapsed = 00:05:40 . Memory (MB): peak = 6843.258 ; gain = 35.383 ; free physical = 1770 ; free virtual = 10275

Phase 4.4 Final Placement Cleanup
Netlist sorting complete. Time (s): cpu = 00:00:00.02 ; elapsed = 00:00:00.01 . Memory (MB): peak = 6843.258 ; gain = 0.000 ; free physical = 1771 ; free virtual = 10275

Time (s): cpu = 00:13:21 ; elapsed = 00:05:40 . Memory (MB): peak = 6843.258 ; gain = 35.383 ; free physical = 1771 ; free virtual = 10275
Phase 4 Post Placement Optimization and Clean-Up | Checksum: 195a77732

Time (s): cpu = 00:13:21 ; elapsed = 00:05:40 . Memory (MB): peak = 6843.258 ; gain = 35.383 ; free physical = 1771 ; free virtual = 10275
Ending Placer Task | Checksum: f68e2bd9

Time (s): cpu = 00:13:22 ; elapsed = 00:05:41 . Memory (MB): peak = 6843.258 ; gain = 35.383 ; free physical = 1771 ; free virtual = 10275
INFO: [Common 17-83] Releasing license: Implementation
326 Infos, 241 Warnings, 5 Critical Warnings and 0 Errors encountered.
place_design completed successfully
place_design: Time (s): cpu = 00:13:30 ; elapsed = 00:05:43 . Memory (MB): peak = 6843.258 ; gain = 35.383 ; free physical = 2007 ; free virtual = 10511
INFO: [Timing 38-480] Writing timing data to binary archive.
Writing XDEF routing.
Writing XDEF routing logical nets.
Writing XDEF routing special nets.
Write XDEF Complete: Time (s): cpu = 00:00:23 ; elapsed = 00:00:09 . Memory (MB): peak = 6843.258 ; gain = 0.000 ; free physical = 1810 ; free virtual = 10495
INFO: [Common 17-1381] The checkpoint '/home/agreshil/vivado_projects/i2c-master/x2o-vivado-usplus-control-i2c-master-pl/control/apex_kria/apex_kria.runs/impl_1/apex_control_mgt_top_placed.dcp' has been generated.
write_checkpoint: Time (s): cpu = 00:00:40 ; elapsed = 00:00:18 . Memory (MB): peak = 6843.258 ; gain = 0.000 ; free physical = 1924 ; free virtual = 10489
INFO: [runtcl-4] Executing : report_io -file apex_control_mgt_top_io_placed.rpt
report_io: Time (s): cpu = 00:00:00.15 ; elapsed = 00:00:00.25 . Memory (MB): peak = 6843.258 ; gain = 0.000 ; free physical = 1899 ; free virtual = 10464
INFO: [runtcl-4] Executing : report_utilization -file apex_control_mgt_top_utilization_placed.rpt -pb apex_control_mgt_top_utilization_placed.pb
INFO: [runtcl-4] Executing : report_control_sets -verbose -file apex_control_mgt_top_control_sets_placed.rpt
report_control_sets: Time (s): cpu = 00:00:00.47 ; elapsed = 00:00:00.62 . Memory (MB): peak = 6843.258 ; gain = 0.000 ; free physical = 1914 ; free virtual = 10483
Command: phys_opt_design -directive Explore
Attempting to get a license for feature 'Implementation' and/or device 'xck26'
INFO: [Common 17-349] Got license for feature 'Implementation' and/or device 'xck26'
INFO: [Vivado_Tcl 4-137] Directive used for phys_opt_design is: Explore

Starting Initial Update Timing Task

Time (s): cpu = 00:01:07 ; elapsed = 00:00:15 . Memory (MB): peak = 6843.258 ; gain = 0.000 ; free physical = 1841 ; free virtual = 10410
INFO: [Vivado_Tcl 4-1435] PhysOpt_Tcl_Interface Runtime Before Starting Physical Synthesis Task | CPU: 68.54s |  WALL: 15.92s
Netlist sorting complete. Time (s): cpu = 00:00:00.02 ; elapsed = 00:00:00.03 . Memory (MB): peak = 6843.258 ; gain = 0.000 ; free physical = 1841 ; free virtual = 10410

Starting Physical Synthesis Task

Phase 1 Physical Synthesis Initialization
INFO: [Physopt 32-721] Multithreading enabled for phys_opt_design using a maximum of 8 CPUs
INFO: [Physopt 32-619] Estimated Timing Summary | WNS=-0.949 | TNS=-166.656 |
Phase 1 Physical Synthesis Initialization | Checksum: 1db7fdd6b

Time (s): cpu = 00:00:26 ; elapsed = 00:00:13 . Memory (MB): peak = 6843.258 ; gain = 0.000 ; free physical = 1726 ; free virtual = 10295

Phase 2 SLR Crossing Optimization
Phase 2 SLR Crossing Optimization | Checksum: 1db7fdd6b

Time (s): cpu = 00:00:27 ; elapsed = 00:00:13 . Memory (MB): peak = 6843.258 ; gain = 0.000 ; free physical = 1719 ; free virtual = 10288
INFO: [Physopt 32-619] Estimated Timing Summary | WNS=-0.949 | TNS=-166.656 |

Phase 3 Fanout Optimization
INFO: [Physopt 32-76] Pass 1. Identified 5 candidate nets for fanout optimization.
INFO: [Physopt 32-572] Net bdw/design_1_i/hier_0/csum_rx_rss_0/inst/CSUM_UNIT/byte_Counter/tdest_start_i_3_n_0 was not replicated.
Resolution: phys_opt_design can be forced to replicate a net driver using the option -force_replication_on_nets <list of net objects>.
INFO: [Physopt 32-572] Net bdw/design_1_i/hier_0/csum_rx_rss_0/inst/CSUM_UNIT/byte_Counter/in2_reg[15]_i_3_n_0 was not replicated.
Resolution: phys_opt_design can be forced to replicate a net driver using the option -force_replication_on_nets <list of net objects>.
INFO: [Physopt 32-572] Net bdw/design_1_i/hier_0/csum_rx_rss_0/inst/CSUM_UNIT/byte_Counter/in2_reg[15]_i_4__0_n_0 was not replicated.
Resolution: phys_opt_design can be forced to replicate a net driver using the option -force_replication_on_nets <list of net objects>.
INFO: [Physopt 32-572] Net bdw/design_1_i/hier_0/csum_rx_rss_0/inst/CSUM_UNIT/byte_Counter/in2_reg[15]_i_2__3_n_0 was not replicated.
Resolution: phys_opt_design can be forced to replicate a net driver using the option -force_replication_on_nets <list of net objects>.
INFO: [Physopt 32-572] Net bdw/design_1_i/hier_0/csum_rx_rss_0/inst/CSUM_UNIT/byte_Counter/in2_reg[15]_i_4__2_n_0 was not replicated.
Resolution: phys_opt_design can be forced to replicate a net driver using the option -force_replication_on_nets <list of net objects>.
INFO: [Physopt 32-232] Optimized 0 net. Created 0 new instance.
INFO: [Physopt 32-775] End 1 Pass. Optimized 0 net or cell. Created 0 new cell, deleted 0 existing cell and moved 0 existing cell
Netlist sorting complete. Time (s): cpu = 00:00:00.02 ; elapsed = 00:00:00.02 . Memory (MB): peak = 6843.258 ; gain = 0.000 ; free physical = 1719 ; free virtual = 10288
Phase 3 Fanout Optimization | Checksum: 1db7fdd6b

Time (s): cpu = 00:00:35 ; elapsed = 00:00:16 . Memory (MB): peak = 6843.258 ; gain = 0.000 ; free physical = 1719 ; free virtual = 10288

Phase 4 Single Cell Placement Optimization
INFO: [Physopt 32-660] Identified 126 candidate nets for placement-based optimization.
INFO: [Physopt 32-662] Processed net bdw/design_1_i/hier_0/csum_rx_rss_0/inst/CSUM_UNIT/byte_Counter/tdest_start_i_3_n_0.  Did not re-place instance bdw/design_1_i/hier_0/csum_rx_rss_0/inst/CSUM_UNIT/byte_Counter/tdest_start_i_3
INFO: [Physopt 32-663] Processed net bdw/design_1_i/hier_0/csum_rx_rss_0/inst/CSUM_UNIT/byte_Counter/E[0].  Re-placed instance bdw/design_1_i/hier_0/csum_rx_rss_0/inst/CSUM_UNIT/byte_Counter/udp_length[15]_i_1
INFO: [Physopt 32-662] Processed net bdw/design_1_i/hier_0/csum_rx_rss_0/inst/CSUM_UNIT/byte_Counter/frame_has_protocol_tcp_0x06_i_4_n_0.  Did not re-place instance bdw/design_1_i/hier_0/csum_rx_rss_0/inst/CSUM_UNIT/byte_Counter/frame_has_protocol_tcp_0x06_i_4
INFO: [Physopt 32-662] Processed net bdw/design_1_i/hier_0/csum_rx_rss_0/inst/CSUM_UNIT/byte_Counter/frame_has_protocol_tcp_0x06_i_9_n_0.  Did not re-place instance bdw/design_1_i/hier_0/csum_rx_rss_0/inst/CSUM_UNIT/byte_Counter/frame_has_protocol_tcp_0x06_i_9
INFO: [Physopt 32-662] Processed net bdw/design_1_i/hier_0/csum_rx_rss_0/inst/CSUM_UNIT/byte_Counter/byte_cntr_with_delta_byte0_carry_i_10_n_0.  Did not re-place instance bdw/design_1_i/hier_0/csum_rx_rss_0/inst/CSUM_UNIT/byte_Counter/byte_cntr_with_delta_byte0_carry_i_10
INFO: [Physopt 32-663] Processed net bdw/design_1_i/hier_0/csum_rx_rss_0/inst/CSUM_UNIT/byte_Counter/byte_cntr_with_delta_byte0_carry_i_6_n_0.  Re-placed instance bdw/design_1_i/hier_0/csum_rx_rss_0/inst/CSUM_UNIT/byte_Counter/byte_cntr_with_delta_byte0_carry_i_6
INFO: [Physopt 32-663] Processed net bdw/design_1_i/hier_0/csum_rx_rss_0/inst/CSUM_UNIT/byte_Counter/tdest_start_i_4_n_0.  Re-placed instance bdw/design_1_i/hier_0/csum_rx_rss_0/inst/CSUM_UNIT/byte_Counter/tdest_start_i_4
INFO: [Physopt 32-662] Processed net bdw/design_1_i/hier_0/csum_rx_rss_0/inst/CSUM_UNIT/status_Generator/udp_length_reg[15]_0[10].  Did not re-place instance bdw/design_1_i/hier_0/csum_rx_rss_0/inst/CSUM_UNIT/status_Generator/udp_length_reg[10]
INFO: [Physopt 32-662] Processed net bdw/design_1_i/hier_0/csum_rx_rss_0/inst/CSUM_UNIT/status_Generator/udp_length_reg[15]_0[12].  Did not re-place instance bdw/design_1_i/hier_0/csum_rx_rss_0/inst/CSUM_UNIT/status_Generator/udp_length_reg[12]
INFO: [Physopt 32-662] Processed net bdw/design_1_i/hier_0/csum_rx_rss_0/inst/CSUM_UNIT/status_Generator/udp_length_reg[15]_0[6].  Did not re-place instance bdw/design_1_i/hier_0/csum_rx_rss_0/inst/CSUM_UNIT/status_Generator/udp_length_reg[6]
INFO: [Physopt 32-662] Processed net bdw/design_1_i/hier_0/csum_rx_rss_0/inst/CSUM_UNIT/status_Generator/udp_length_reg[15]_0[8].  Did not re-place instance bdw/design_1_i/hier_0/csum_rx_rss_0/inst/CSUM_UNIT/status_Generator/udp_length_reg[8]
INFO: [Physopt 32-662] Processed net bdw/design_1_i/hier_0/csum_rx_rss_0/inst/CSUM_UNIT/status_Generator/udp_length_reg[15]_0[11].  Did not re-place instance bdw/design_1_i/hier_0/csum_rx_rss_0/inst/CSUM_UNIT/status_Generator/udp_length_reg[11]
INFO: [Physopt 32-662] Processed net bdw/design_1_i/hier_0/csum_rx_rss_0/inst/CSUM_UNIT/status_Generator/udp_length_reg[15]_0[13].  Did not re-place instance bdw/design_1_i/hier_0/csum_rx_rss_0/inst/CSUM_UNIT/status_Generator/udp_length_reg[13]
INFO: [Physopt 32-662] Processed net bdw/design_1_i/hier_0/csum_rx_rss_0/inst/CSUM_UNIT/status_Generator/udp_length_reg[15]_0[7].  Did not re-place instance bdw/design_1_i/hier_0/csum_rx_rss_0/inst/CSUM_UNIT/status_Generator/udp_length_reg[7]
INFO: [Physopt 32-662] Processed net bdw/design_1_i/hier_0/csum_rx_rss_0/inst/CSUM_UNIT/status_Generator/udp_length_reg[15]_0[9].  Did not re-place instance bdw/design_1_i/hier_0/csum_rx_rss_0/inst/CSUM_UNIT/status_Generator/udp_length_reg[9]
INFO: [Physopt 32-663] Processed net bdw/design_1_i/hier_0/csum_rx_rss_0/inst/CSUM_UNIT/byte_Counter/FSM_sequential_state_reg[2].  Re-placed instance bdw/design_1_i/hier_0/csum_rx_rss_0/inst/CSUM_UNIT/byte_Counter/frame_dest_port_thread1_i_1
INFO: [Physopt 32-663] Processed net bdw/design_1_i/hier_0/csum_rx_rss_0/inst/CSUM_UNIT/status_Generator/frame_dest_port_thread3.  Re-placed instance bdw/design_1_i/hier_0/csum_rx_rss_0/inst/CSUM_UNIT/status_Generator/frame_dest_port_thread3_reg
INFO: [Physopt 32-662] Processed net bdw/design_1_i/hier_0/csum_rx_rss_0/inst/CSUM_UNIT/status_Generator/frame_dest_port_thread4.  Did not re-place instance bdw/design_1_i/hier_0/csum_rx_rss_0/inst/CSUM_UNIT/status_Generator/frame_dest_port_thread4_reg
INFO: [Physopt 32-662] Processed net bdw/design_1_i/hier_0/csum_rx_rss_0/inst/CSUM_UNIT/status_Generator/frame_dest_port_thread1.  Did not re-place instance bdw/design_1_i/hier_0/csum_rx_rss_0/inst/CSUM_UNIT/status_Generator/frame_dest_port_thread1_reg
INFO: [Physopt 32-662] Processed net bdw/design_1_i/hier_0/csum_rx_rss_0/inst/CSUM_UNIT/status_Generator/frame_dest_port_thread2.  Did not re-place instance bdw/design_1_i/hier_0/csum_rx_rss_0/inst/CSUM_UNIT/status_Generator/frame_dest_port_thread2_reg
INFO: [Physopt 32-662] Processed net bdw/design_1_i/hier_0/csum_rx_rss_0/inst/CSUM_UNIT/status_Generator/udp_length_reg[15]_0[0].  Did not re-place instance bdw/design_1_i/hier_0/csum_rx_rss_0/inst/CSUM_UNIT/status_Generator/udp_length_reg[0]
INFO: [Physopt 32-662] Processed net bdw/design_1_i/hier_0/csum_rx_rss_0/inst/CSUM_UNIT/status_Generator/udp_length_reg[15]_0[14].  Did not re-place instance bdw/design_1_i/hier_0/csum_rx_rss_0/inst/CSUM_UNIT/status_Generator/udp_length_reg[14]
INFO: [Physopt 32-662] Processed net bdw/design_1_i/hier_0/csum_rx_rss_0/inst/CSUM_UNIT/status_Generator/udp_length_reg[15]_0[2].  Did not re-place instance bdw/design_1_i/hier_0/csum_rx_rss_0/inst/CSUM_UNIT/status_Generator/udp_length_reg[2]
INFO: [Physopt 32-662] Processed net bdw/design_1_i/hier_0/csum_rx_rss_0/inst/CSUM_UNIT/status_Generator/udp_length_reg[15]_0[4].  Did not re-place instance bdw/design_1_i/hier_0/csum_rx_rss_0/inst/CSUM_UNIT/status_Generator/udp_length_reg[4]
INFO: [Physopt 32-662] Processed net bdw/design_1_i/hier_0/csum_rx_rss_0/inst/CSUM_UNIT/status_Generator/udp_length_reg[15]_0[15].  Did not re-place instance bdw/design_1_i/hier_0/csum_rx_rss_0/inst/CSUM_UNIT/status_Generator/udp_length_reg[15]
INFO: [Physopt 32-662] Processed net bdw/design_1_i/hier_0/csum_rx_rss_0/inst/CSUM_UNIT/status_Generator/udp_length_reg[15]_0[1].  Did not re-place instance bdw/design_1_i/hier_0/csum_rx_rss_0/inst/CSUM_UNIT/status_Generator/udp_length_reg[1]
INFO: [Physopt 32-662] Processed net bdw/design_1_i/hier_0/csum_rx_rss_0/inst/CSUM_UNIT/status_Generator/udp_length_reg[15]_0[3].  Did not re-place instance bdw/design_1_i/hier_0/csum_rx_rss_0/inst/CSUM_UNIT/status_Generator/udp_length_reg[3]
INFO: [Physopt 32-662] Processed net bdw/design_1_i/hier_0/csum_rx_rss_0/inst/CSUM_UNIT/status_Generator/udp_length_reg[15]_0[5].  Did not re-place instance bdw/design_1_i/hier_0/csum_rx_rss_0/inst/CSUM_UNIT/status_Generator/udp_length_reg[5]
INFO: [Physopt 32-662] Processed net bdw/design_1_i/hier_0/csum_rx_rss_0/inst/CSUM_UNIT/byte_Counter/in2_reg[7]_i_2__0_n_0.  Did not re-place instance bdw/design_1_i/hier_0/csum_rx_rss_0/inst/CSUM_UNIT/byte_Counter/in2_reg[7]_i_2__0
INFO: [Physopt 32-662] Processed net bdw/design_1_i/hier_0/csum_rx_rss_0/inst/CSUM_UNIT/byte_Counter/ip_header_length[5]_i_4_n_0.  Did not re-place instance bdw/design_1_i/hier_0/csum_rx_rss_0/inst/CSUM_UNIT/byte_Counter/ip_header_length[5]_i_4
INFO: [Physopt 32-662] Processed net bdw/design_1_i/hier_0/csum_rx_rss_0/inst/CSUM_UNIT/byte_Counter/s00_axis_tdata[15]_0[2].  Did not re-place instance bdw/design_1_i/hier_0/csum_rx_rss_0/inst/CSUM_UNIT/byte_Counter/in1_reg[2]_i_1__0
INFO: [Physopt 32-662] Processed net bdw/design_1_i/hier_0/csum_rx_rss_0/inst/CSUM_UNIT/raw_csum_cal/genblk2[1].M1/in1_reg[2].  Did not re-place instance bdw/design_1_i/hier_0/csum_rx_rss_0/inst/CSUM_UNIT/raw_csum_cal/genblk2[1].M1/in1_reg_reg[2]
INFO: [Physopt 32-662] Processed net bdw/design_1_i/hier_0/csum_rx_rss_0/inst/CSUM_UNIT/byte_Counter/s00_axis_tlast_0.  Did not re-place instance bdw/design_1_i/hier_0/csum_rx_rss_0/inst/CSUM_UNIT/byte_Counter/valid_out_stg1_i_1
INFO: [Physopt 32-662] Processed net bdw/design_1_i/hier_0/csum_rx_rss_0/inst/CSUM_UNIT/byte_Counter/s00_axis_tdata[15]_0[8].  Did not re-place instance bdw/design_1_i/hier_0/csum_rx_rss_0/inst/CSUM_UNIT/byte_Counter/in1_reg[8]_i_1__0
INFO: [Physopt 32-662] Processed net bdw/design_1_i/hier_0/csum_rx_rss_0/inst/CSUM_UNIT/raw_csum_cal/genblk2[1].M1/in1_reg[8].  Did not re-place instance bdw/design_1_i/hier_0/csum_rx_rss_0/inst/CSUM_UNIT/raw_csum_cal/genblk2[1].M1/in1_reg_reg[8]
INFO: [Physopt 32-662] Processed net bdw/design_1_i/hier_0/csum_rx_rss_0/inst/CSUM_UNIT/byte_Counter/s00_axis_tdata[15]_0[0].  Did not re-place instance bdw/design_1_i/hier_0/csum_rx_rss_0/inst/CSUM_UNIT/byte_Counter/in1_reg[0]_i_1__0
INFO: [Physopt 32-662] Processed net bdw/design_1_i/hier_0/csum_rx_rss_0/inst/CSUM_UNIT/raw_csum_cal/genblk2[1].M1/in1_reg[0].  Did not re-place instance bdw/design_1_i/hier_0/csum_rx_rss_0/inst/CSUM_UNIT/raw_csum_cal/genblk2[1].M1/in1_reg_reg[0]
INFO: [Physopt 32-662] Processed net bdw/design_1_i/hier_0/csum_rx_rss_0/inst/CSUM_UNIT/byte_Counter/s00_axis_tdata[15]_0[4].  Did not re-place instance bdw/design_1_i/hier_0/csum_rx_rss_0/inst/CSUM_UNIT/byte_Counter/in1_reg[4]_i_1__0
INFO: [Physopt 32-662] Processed net bdw/design_1_i/hier_0/csum_rx_rss_0/inst/CSUM_UNIT/byte_Counter/s00_axis_tdata[15]_0[5].  Did not re-place instance bdw/design_1_i/hier_0/csum_rx_rss_0/inst/CSUM_UNIT/byte_Counter/in1_reg[5]_i_1__0
INFO: [Physopt 32-662] Processed net bdw/design_1_i/hier_0/csum_rx_rss_0/inst/CSUM_UNIT/raw_csum_cal/genblk2[1].M1/in1_reg[4].  Did not re-place instance bdw/design_1_i/hier_0/csum_rx_rss_0/inst/CSUM_UNIT/raw_csum_cal/genblk2[1].M1/in1_reg_reg[4]
INFO: [Physopt 32-662] Processed net bdw/design_1_i/hier_0/csum_rx_rss_0/inst/CSUM_UNIT/raw_csum_cal/genblk2[1].M1/in1_reg[5].  Did not re-place instance bdw/design_1_i/hier_0/csum_rx_rss_0/inst/CSUM_UNIT/raw_csum_cal/genblk2[1].M1/in1_reg_reg[5]
INFO: [Physopt 32-662] Processed net bdw/design_1_i/hier_0/csum_rx_rss_0/inst/CSUM_UNIT/byte_Counter/s00_axis_tdata[15]_0[1].  Did not re-place instance bdw/design_1_i/hier_0/csum_rx_rss_0/inst/CSUM_UNIT/byte_Counter/in1_reg[1]_i_1__0
INFO: [Physopt 32-662] Processed net bdw/design_1_i/hier_0/csum_rx_rss_0/inst/CSUM_UNIT/raw_csum_cal/genblk2[1].M1/in1_reg[1].  Did not re-place instance bdw/design_1_i/hier_0/csum_rx_rss_0/inst/CSUM_UNIT/raw_csum_cal/genblk2[1].M1/in1_reg_reg[1]
INFO: [Physopt 32-662] Processed net bdw/design_1_i/hier_0/csum_rx_rss_0/inst/CSUM_UNIT/byte_Counter/s00_axis_tdata[15]_0[9].  Did not re-place instance bdw/design_1_i/hier_0/csum_rx_rss_0/inst/CSUM_UNIT/byte_Counter/in1_reg[9]_i_1__0
INFO: [Physopt 32-662] Processed net bdw/design_1_i/hier_0/csum_rx_rss_0/inst/CSUM_UNIT/raw_csum_cal/genblk2[1].M1/in1_reg[9].  Did not re-place instance bdw/design_1_i/hier_0/csum_rx_rss_0/inst/CSUM_UNIT/raw_csum_cal/genblk2[1].M1/in1_reg_reg[9]
INFO: [Physopt 32-662] Processed net bdw/design_1_i/hier_0/csum_rx_rss_0/inst/CSUM_UNIT/byte_Counter/s00_axis_tdata[31]_0[6].  Did not re-place instance bdw/design_1_i/hier_0/csum_rx_rss_0/inst/CSUM_UNIT/byte_Counter/in2_reg[6]_i_1__2
INFO: [Physopt 32-662] Processed net bdw/design_1_i/hier_0/csum_rx_rss_0/inst/CSUM_UNIT/raw_csum_cal/genblk2[1].M1/in2_reg[6].  Did not re-place instance bdw/design_1_i/hier_0/csum_rx_rss_0/inst/CSUM_UNIT/raw_csum_cal/genblk2[1].M1/in2_reg_reg[6]
INFO: [Physopt 32-662] Processed net bdw/design_1_i/hier_0/csum_rx_rss_0/inst/CSUM_UNIT/byte_Counter/s00_axis_tdata[31]_0[0].  Did not re-place instance bdw/design_1_i/hier_0/csum_rx_rss_0/inst/CSUM_UNIT/byte_Counter/in2_reg[0]_i_1__2
INFO: [Physopt 32-662] Processed net bdw/design_1_i/hier_0/csum_rx_rss_0/inst/CSUM_UNIT/raw_csum_cal/genblk2[1].M1/in2_reg[0].  Did not re-place instance bdw/design_1_i/hier_0/csum_rx_rss_0/inst/CSUM_UNIT/raw_csum_cal/genblk2[1].M1/in2_reg_reg[0]
INFO: [Physopt 32-662] Processed net bdw/design_1_i/hier_0/csum_rx_rss_0/inst/CSUM_UNIT/byte_Counter/s00_axis_tdata[15]_0[3].  Did not re-place instance bdw/design_1_i/hier_0/csum_rx_rss_0/inst/CSUM_UNIT/byte_Counter/in1_reg[3]_i_1__0
INFO: [Physopt 32-662] Processed net bdw/design_1_i/hier_0/csum_rx_rss_0/inst/CSUM_UNIT/raw_csum_cal/genblk2[1].M1/in1_reg[3].  Did not re-place instance bdw/design_1_i/hier_0/csum_rx_rss_0/inst/CSUM_UNIT/raw_csum_cal/genblk2[1].M1/in1_reg_reg[3]
INFO: [Physopt 32-662] Processed net bdw/design_1_i/hier_0/csum_rx_rss_0/inst/CSUM_UNIT/byte_Counter/s00_axis_tdata[31]_0[3].  Did not re-place instance bdw/design_1_i/hier_0/csum_rx_rss_0/inst/CSUM_UNIT/byte_Counter/in2_reg[3]_i_1__2
INFO: [Physopt 32-663] Processed net bdw/design_1_i/hier_0/csum_rx_rss_0/inst/CSUM_UNIT/raw_csum_cal/genblk2[1].M1/in2_reg[3].  Re-placed instance bdw/design_1_i/hier_0/csum_rx_rss_0/inst/CSUM_UNIT/raw_csum_cal/genblk2[1].M1/in2_reg_reg[3]
INFO: [Physopt 32-662] Processed net bdw/design_1_i/hier_0/tx_csum_0/inst/cum_calc/byte_Counter/csum_begin_app_7_sn_1.  Did not re-place instance bdw/design_1_i/hier_0/tx_csum_0/inst/cum_calc/byte_Counter/checksum[15]_i_12
INFO: [Physopt 32-663] Processed net bdw/design_1_i/hier_0/tx_csum_0/inst/data_fifo_i/gen_pf_ic_rc.gen_full_rst_val.ram_full_n_reg.  Re-placed instance bdw/design_1_i/hier_0/tx_csum_0/inst/data_fifo_i/byte_cntr[15]_i_1
INFO: [Physopt 32-662] Processed net bdw/design_1_i/hier_0/tx_csum_0/inst/data_fifo_i/lastBeat.  Did not re-place instance bdw/design_1_i/hier_0/tx_csum_0/inst/data_fifo_i/lastBeat_reg_i_1
INFO: [Physopt 32-663] Processed net bdw/design_1_i/hier_0/tx_csum_0/inst/data_fifo_i/axis_data_fifo_0/inst/gen_fifo.xpm_fifo_axis_inst/xpm_fifo_base_inst/full_n.  Re-placed instance bdw/design_1_i/hier_0/tx_csum_0/inst/data_fifo_i/axis_data_fifo_0/inst/gen_fifo.xpm_fifo_axis_inst/xpm_fifo_base_inst/gen_pf_ic_rc.gen_full_rst_val.ram_full_n_reg
INFO: [Physopt 32-662] Processed net bdw/design_1_i/hier_0/tx_csum_0/inst/cum_calc/byte_Counter/checksum[15]_i_15_n_0.  Did not re-place instance bdw/design_1_i/hier_0/tx_csum_0/inst/cum_calc/byte_Counter/checksum[15]_i_15
INFO: [Physopt 32-662] Processed net bdw/design_1_i/hier_0/tx_csum_0/inst/cum_calc/byte_Counter/checksum[15]_i_22_n_0.  Did not re-place instance bdw/design_1_i/hier_0/tx_csum_0/inst/cum_calc/byte_Counter/checksum[15]_i_22
INFO: [Physopt 32-662] Processed net bdw/design_1_i/hier_0/tx_csum_0/inst/cum_calc/raw_csum_cal/M3/checksum[7]_i_3_n_0.  Did not re-place instance bdw/design_1_i/hier_0/tx_csum_0/inst/cum_calc/raw_csum_cal/M3/checksum[7]_i_3
INFO: [Physopt 32-662] Processed net bdw/design_1_i/hier_0/tx_csum_0/inst/cum_calc/raw_csum_cal/M3/checksum[7]_i_8_n_0.  Did not re-place instance bdw/design_1_i/hier_0/tx_csum_0/inst/cum_calc/raw_csum_cal/M3/checksum[7]_i_8
INFO: [Physopt 32-662] Processed net bdw/design_1_i/hier_0/tx_csum_0/inst/data_fifo_i/S[0].  Did not re-place instance bdw/design_1_i/hier_0/tx_csum_0/inst/data_fifo_i/byte_cntr_with_delta_byte0_carry_i_6
INFO: [Physopt 32-663] Processed net bdw/design_1_i/hier_0/tx_csum_0/inst/cum_calc/raw_csum_cal/M3/checksum_reg_n_0_[15].  Re-placed instance bdw/design_1_i/hier_0/tx_csum_0/inst/cum_calc/raw_csum_cal/M3/checksum_reg[15]
INFO: [Physopt 32-662] Processed net bdw/design_1_i/hier_0/tx_csum_0/inst/cum_calc/raw_csum_cal/M3/checksum[7]_i_6_n_0.  Did not re-place instance bdw/design_1_i/hier_0/tx_csum_0/inst/cum_calc/raw_csum_cal/M3/checksum[7]_i_6
INFO: [Physopt 32-662] Processed net bdw/design_1_i/hier_0/csum_rx_rss_0/inst/CSUM_UNIT/byte_Counter/s00_axis_tdata[31]_0[2].  Did not re-place instance bdw/design_1_i/hier_0/csum_rx_rss_0/inst/CSUM_UNIT/byte_Counter/in2_reg[2]_i_1__2
INFO: [Physopt 32-663] Processed net bdw/design_1_i/hier_0/csum_rx_rss_0/inst/CSUM_UNIT/raw_csum_cal/genblk2[1].M1/in2_reg[2].  Re-placed instance bdw/design_1_i/hier_0/csum_rx_rss_0/inst/CSUM_UNIT/raw_csum_cal/genblk2[1].M1/in2_reg_reg[2]
INFO: [Physopt 32-662] Processed net bdw/design_1_i/hier_0/tx_csum_0/inst/cum_calc/raw_csum_cal/M3/checksum[7]_i_9_n_0.  Did not re-place instance bdw/design_1_i/hier_0/tx_csum_0/inst/cum_calc/raw_csum_cal/M3/checksum[7]_i_9
INFO: [Physopt 32-662] Processed net bdw/design_1_i/hier_0/tx_csum_0/inst/cum_calc/raw_csum_cal/M3/checksum_reg_n_0_[16].  Did not re-place instance bdw/design_1_i/hier_0/tx_csum_0/inst/cum_calc/raw_csum_cal/M3/checksum_reg[16]
INFO: [Physopt 32-662] Processed net bdw/design_1_i/hier_0/tx_csum_0/inst/cum_calc/raw_csum_cal/M3/checksum[7]_i_7_n_0.  Did not re-place instance bdw/design_1_i/hier_0/tx_csum_0/inst/cum_calc/raw_csum_cal/M3/checksum[7]_i_7
INFO: [Physopt 32-662] Processed net bdw/design_1_i/hier_0/tx_csum_0/inst/cum_calc/raw_csum_cal/M3/checksum[7]_i_11_n_0.  Did not re-place instance bdw/design_1_i/hier_0/tx_csum_0/inst/cum_calc/raw_csum_cal/M3/checksum[7]_i_11
INFO: [Physopt 32-662] Processed net bdw/design_1_i/hier_0/csum_rx_rss_0/inst/CSUM_UNIT/byte_Counter/s00_axis_tdata[31]_0[7].  Did not re-place instance bdw/design_1_i/hier_0/csum_rx_rss_0/inst/CSUM_UNIT/byte_Counter/in2_reg[7]_i_1__2
INFO: [Physopt 32-663] Processed net bdw/design_1_i/hier_0/csum_rx_rss_0/inst/CSUM_UNIT/raw_csum_cal/genblk2[1].M1/in2_reg[7].  Re-placed instance bdw/design_1_i/hier_0/csum_rx_rss_0/inst/CSUM_UNIT/raw_csum_cal/genblk2[1].M1/in2_reg_reg[7]
INFO: [Physopt 32-663] Processed net bdw/design_1_i/hier_0/tx_csum_0/inst/cum_calc/raw_csum_cal/M3/checksum_reg_n_0_[13].  Re-placed instance bdw/design_1_i/hier_0/tx_csum_0/inst/cum_calc/raw_csum_cal/M3/checksum_reg[13]
INFO: [Physopt 32-662] Processed net bdw/design_1_i/hier_0/csum_rx_rss_0/inst/CSUM_UNIT/byte_Counter/s00_axis_tdata[15]_0[10].  Did not re-place instance bdw/design_1_i/hier_0/csum_rx_rss_0/inst/CSUM_UNIT/byte_Counter/in1_reg[10]_i_1__0
INFO: [Physopt 32-662] Processed net bdw/design_1_i/hier_0/csum_rx_rss_0/inst/CSUM_UNIT/raw_csum_cal/genblk2[1].M1/in1_reg[10].  Did not re-place instance bdw/design_1_i/hier_0/csum_rx_rss_0/inst/CSUM_UNIT/raw_csum_cal/genblk2[1].M1/in1_reg_reg[10]
INFO: [Physopt 32-663] Processed net bdw/design_1_i/hier_0/tx_csum_0/inst/FSM_hamming2_data_state_reg_n_0_[2].  Re-placed instance bdw/design_1_i/hier_0/tx_csum_0/inst/FSM_hamming2_data_state_reg[2]
INFO: [Physopt 32-663] Processed net bdw/design_1_i/hier_0/tx_csum_0/inst/cum_calc/raw_csum_cal/M3/checksum_reg_n_0_[14].  Re-placed instance bdw/design_1_i/hier_0/tx_csum_0/inst/cum_calc/raw_csum_cal/M3/checksum_reg[14]
INFO: [Physopt 32-662] Processed net bdw/design_1_i/hier_0/csum_rx_rss_0/inst/CSUM_UNIT/byte_Counter/D[5].  Did not re-place instance bdw/design_1_i/hier_0/csum_rx_rss_0/inst/CSUM_UNIT/byte_Counter/in2_reg[5]_i_1
INFO: [Physopt 32-662] Processed net bdw/design_1_i/hier_0/csum_rx_rss_0/inst/CSUM_UNIT/ip_csum_cal/genblk2[1].M1/in2_reg[5].  Did not re-place instance bdw/design_1_i/hier_0/csum_rx_rss_0/inst/CSUM_UNIT/ip_csum_cal/genblk2[1].M1/in2_reg_reg[5]
INFO: [Physopt 32-663] Processed net bdw/design_1_i/hier_0/tx_csum_0/inst/FSM_hamming2_data_state_reg_n_0_[0].  Re-placed instance bdw/design_1_i/hier_0/tx_csum_0/inst/FSM_hamming2_data_state_reg[0]
INFO: [Physopt 32-662] Processed net bdw/design_1_i/hier_0/csum_rx_rss_0/inst/CSUM_UNIT/byte_Counter/D[3].  Did not re-place instance bdw/design_1_i/hier_0/csum_rx_rss_0/inst/CSUM_UNIT/byte_Counter/in2_reg[3]_i_1
INFO: [Physopt 32-662] Processed net bdw/design_1_i/hier_0/csum_rx_rss_0/inst/CSUM_UNIT/ip_csum_cal/genblk2[1].M1/in2_reg[3].  Did not re-place instance bdw/design_1_i/hier_0/csum_rx_rss_0/inst/CSUM_UNIT/ip_csum_cal/genblk2[1].M1/in2_reg_reg[3]
INFO: [Physopt 32-662] Processed net bdw/design_1_i/hier_0/csum_rx_rss_0/inst/CSUM_UNIT/byte_Counter/s00_axis_tdata[15]_0[12].  Did not re-place instance bdw/design_1_i/hier_0/csum_rx_rss_0/inst/CSUM_UNIT/byte_Counter/in1_reg[12]_i_1__0
INFO: [Physopt 32-662] Processed net bdw/design_1_i/hier_0/csum_rx_rss_0/inst/CSUM_UNIT/raw_csum_cal/genblk2[1].M1/in1_reg[12].  Did not re-place instance bdw/design_1_i/hier_0/csum_rx_rss_0/inst/CSUM_UNIT/raw_csum_cal/genblk2[1].M1/in1_reg_reg[12]
INFO: [Physopt 32-662] Processed net bdw/design_1_i/hier_0/csum_rx_rss_0/inst/CSUM_UNIT/byte_Counter/D[4].  Did not re-place instance bdw/design_1_i/hier_0/csum_rx_rss_0/inst/CSUM_UNIT/byte_Counter/in2_reg[4]_i_1
INFO: [Physopt 32-662] Processed net bdw/design_1_i/hier_0/csum_rx_rss_0/inst/CSUM_UNIT/ip_csum_cal/genblk2[1].M1/in2_reg[4].  Did not re-place instance bdw/design_1_i/hier_0/csum_rx_rss_0/inst/CSUM_UNIT/ip_csum_cal/genblk2[1].M1/in2_reg_reg[4]
INFO: [Physopt 32-662] Processed net bdw/design_1_i/hier_0/tx_csum_0/inst/cum_calc/raw_csum_cal/M3/checksum[7]_i_10_n_0.  Did not re-place instance bdw/design_1_i/hier_0/tx_csum_0/inst/cum_calc/raw_csum_cal/M3/checksum[7]_i_10
INFO: [Physopt 32-663] Processed net bdw/design_1_i/hier_0/tx_csum_0/inst/cum_calc/byte_Counter/checksum[15]_i_19_n_0.  Re-placed instance bdw/design_1_i/hier_0/tx_csum_0/inst/cum_calc/byte_Counter/checksum[15]_i_19
INFO: [Physopt 32-662] Processed net bdw/design_1_i/hier_0/csum_rx_rss_0/inst/CSUM_UNIT/byte_Counter/s00_axis_tdata[15]_0[6].  Did not re-place instance bdw/design_1_i/hier_0/csum_rx_rss_0/inst/CSUM_UNIT/byte_Counter/in1_reg[6]_i_1__0
INFO: [Physopt 32-662] Processed net bdw/design_1_i/hier_0/csum_rx_rss_0/inst/CSUM_UNIT/raw_csum_cal/genblk2[1].M1/in1_reg[6].  Did not re-place instance bdw/design_1_i/hier_0/csum_rx_rss_0/inst/CSUM_UNIT/raw_csum_cal/genblk2[1].M1/in1_reg_reg[6]
INFO: [Physopt 32-662] Processed net bdw/design_1_i/hier_0/csum_rx_rss_0/inst/CSUM_UNIT/byte_Counter/s00_axis_tdata[63][10].  Did not re-place instance bdw/design_1_i/hier_0/csum_rx_rss_0/inst/CSUM_UNIT/byte_Counter/udp_length[10]_i_1
INFO: [Physopt 32-663] Processed net bdw/design_1_i/hier_0/tx_csum_0/inst/FSM_hamming2_data_state_reg_n_0_[3].  Re-placed instance bdw/design_1_i/hier_0/tx_csum_0/inst/FSM_hamming2_data_state_reg[3]
INFO: [Physopt 32-662] Processed net bdw/design_1_i/hier_0/csum_rx_rss_0/inst/CSUM_UNIT/byte_Counter/packet_length[14]_i_2_n_0.  Did not re-place instance bdw/design_1_i/hier_0/csum_rx_rss_0/inst/CSUM_UNIT/byte_Counter/packet_length[14]_i_2
INFO: [Physopt 32-662] Processed net bdw/design_1_i/hier_0/csum_rx_rss_0/inst/CSUM_UNIT/byte_Counter/csumEn_stg1_i_2__2_n_0.  Did not re-place instance bdw/design_1_i/hier_0/csum_rx_rss_0/inst/CSUM_UNIT/byte_Counter/csumEn_stg1_i_2__2
INFO: [Physopt 32-662] Processed net bdw/design_1_i/hier_0/csum_rx_rss_0/inst/CSUM_UNIT/byte_Counter/s00_axis_tdata[6][12].  Did not re-place instance bdw/design_1_i/hier_0/csum_rx_rss_0/inst/CSUM_UNIT/byte_Counter/packet_length[12]_i_1
INFO: [Physopt 32-662] Processed net bdw/design_1_i/hier_0/csum_rx_rss_0/inst/CSUM_UNIT/status_Generator/packet_length_reg_n_0_[12].  Did not re-place instance bdw/design_1_i/hier_0/csum_rx_rss_0/inst/CSUM_UNIT/status_Generator/packet_length_reg[12]
INFO: [Physopt 32-662] Processed net bdw/design_1_i/hier_0/csum_rx_rss_0/inst/CSUM_UNIT/byte_Counter/csumEn_M0[1]_12.  Did not re-place instance bdw/design_1_i/hier_0/csum_rx_rss_0/inst/CSUM_UNIT/byte_Counter/csumEn_stg1_i_1__4
INFO: [Physopt 32-662] Processed net bdw/design_1_i/hier_0/csum_rx_rss_0/inst/CSUM_UNIT/byte_Counter/csumEn_M0[1]_7.  Did not re-place instance bdw/design_1_i/hier_0/csum_rx_rss_0/inst/CSUM_UNIT/byte_Counter/csumEn_stg1_i_1
INFO: [Physopt 32-663] Processed net bdw/design_1_i/hier_0/csum_rx_rss_0/inst/CSUM_UNIT/ip_csum_cal/genblk2[1].M1/csumEn_stg1.  Re-placed instance bdw/design_1_i/hier_0/csum_rx_rss_0/inst/CSUM_UNIT/ip_csum_cal/genblk2[1].M1/csumEn_stg1_reg
INFO: [Physopt 32-662] Processed net bdw/design_1_i/hier_0/csum_rx_rss_0/inst/CSUM_UNIT/byte_Counter/s00_axis_tdata[6][8].  Did not re-place instance bdw/design_1_i/hier_0/csum_rx_rss_0/inst/CSUM_UNIT/byte_Counter/packet_length[8]_i_1
INFO: [Physopt 32-662] Processed net bdw/design_1_i/hier_0/csum_rx_rss_0/inst/CSUM_UNIT/status_Generator/packet_length_reg_n_0_[8].  Did not re-place instance bdw/design_1_i/hier_0/csum_rx_rss_0/inst/CSUM_UNIT/status_Generator/packet_length_reg[8]
INFO: [Physopt 32-662] Processed net bdw/design_1_i/hier_0/csum_rx_rss_0/inst/CSUM_UNIT/byte_Counter/s00_axis_tdata[63][2].  Did not re-place instance bdw/design_1_i/hier_0/csum_rx_rss_0/inst/CSUM_UNIT/byte_Counter/udp_length[2]_i_1
INFO: [Physopt 32-662] Processed net bdw/design_1_i/hier_0/csum_rx_rss_0/inst/CSUM_UNIT/byte_Counter/s00_axis_tdata[63][4].  Did not re-place instance bdw/design_1_i/hier_0/csum_rx_rss_0/inst/CSUM_UNIT/byte_Counter/udp_length[4]_i_1
INFO: [Physopt 32-662] Processed net bdw/design_1_i/hier_0/csum_rx_rss_0/inst/CSUM_UNIT/byte_Counter/s00_axis_tdata[6][0].  Did not re-place instance bdw/design_1_i/hier_0/csum_rx_rss_0/inst/CSUM_UNIT/byte_Counter/packet_length[0]_i_1
INFO: [Physopt 32-662] Processed net bdw/design_1_i/hier_0/csum_rx_rss_0/inst/CSUM_UNIT/byte_Counter/s00_axis_tdata[6][2].  Did not re-place instance bdw/design_1_i/hier_0/csum_rx_rss_0/inst/CSUM_UNIT/byte_Counter/packet_length[2]_i_1
INFO: [Physopt 32-662] Processed net bdw/design_1_i/hier_0/csum_rx_rss_0/inst/CSUM_UNIT/status_Generator/packet_length_reg_n_0_[0].  Did not re-place instance bdw/design_1_i/hier_0/csum_rx_rss_0/inst/CSUM_UNIT/status_Generator/packet_length_reg[0]
INFO: [Physopt 32-662] Processed net bdw/design_1_i/hier_0/csum_rx_rss_0/inst/CSUM_UNIT/status_Generator/packet_length_reg_n_0_[2].  Did not re-place instance bdw/design_1_i/hier_0/csum_rx_rss_0/inst/CSUM_UNIT/status_Generator/packet_length_reg[2]
INFO: [Physopt 32-662] Processed net bdw/design_1_i/hier_0/csum_rx_rss_0/inst/CSUM_UNIT/byte_Counter/s00_axis_tdata[63][12].  Did not re-place instance bdw/design_1_i/hier_0/csum_rx_rss_0/inst/CSUM_UNIT/byte_Counter/udp_length[12]_i_1
INFO: [Physopt 32-663] Processed net bdw/design_1_i/hier_0/csum_rx_rss_0/inst/CSUM_UNIT/byte_Counter/ip_header_length[5]_i_5_n_0.  Re-placed instance bdw/design_1_i/hier_0/csum_rx_rss_0/inst/CSUM_UNIT/byte_Counter/ip_header_length[5]_i_5
INFO: [Physopt 32-662] Processed net bdw/design_1_i/hier_0/csum_rx_rss_0/inst/CSUM_UNIT/byte_Counter/s00_axis_tdata[51][2].  Did not re-place instance bdw/design_1_i/hier_0/csum_rx_rss_0/inst/CSUM_UNIT/byte_Counter/ip_header_length[4]_i_1
INFO: [Physopt 32-662] Processed net bdw/design_1_i/hier_0/csum_rx_rss_0/inst/CSUM_UNIT/status_Generator/ip_header_length_reg_n_0_[4].  Did not re-place instance bdw/design_1_i/hier_0/csum_rx_rss_0/inst/CSUM_UNIT/status_Generator/ip_header_length_reg[4]
INFO: [Physopt 32-663] Processed net bdw/design_1_i/hier_0/csum_rx_rss_0/inst/CSUM_UNIT/byte_Counter/FSM_sequential_state_reg[0][0].  Re-placed instance bdw/design_1_i/hier_0/csum_rx_rss_0/inst/CSUM_UNIT/byte_Counter/ip_header_length[5]_i_1
INFO: [Physopt 32-662] Processed net bdw/design_1_i/hier_0/csum_rx_rss_0/inst/CSUM_UNIT/byte_Counter/s00_axis_tdata[15]_0[14].  Did not re-place instance bdw/design_1_i/hier_0/csum_rx_rss_0/inst/CSUM_UNIT/byte_Counter/in1_reg[14]_i_1__0
INFO: [Physopt 32-662] Processed net bdw/design_1_i/hier_0/csum_rx_rss_0/inst/CSUM_UNIT/raw_csum_cal/genblk2[1].M1/in1_reg[14].  Did not re-place instance bdw/design_1_i/hier_0/csum_rx_rss_0/inst/CSUM_UNIT/raw_csum_cal/genblk2[1].M1/in1_reg_reg[14]
INFO: [Physopt 32-662] Processed net bdw/design_1_i/hier_0/csum_rx_rss_0/inst/CSUM_UNIT/status_Generator/frame_has_ip_hdr_length_d31.  Did not re-place instance bdw/design_1_i/hier_0/csum_rx_rss_0/inst/CSUM_UNIT/status_Generator/frame_has_type_0800_d22_reg
INFO: [Physopt 32-662] Processed net bdw/design_1_i/hier_0/csum_rx_rss_0/inst/CSUM_UNIT/status_Generator/ip_header_length_reg_n_0_[2].  Did not re-place instance bdw/design_1_i/hier_0/csum_rx_rss_0/inst/CSUM_UNIT/status_Generator/ip_header_length_reg[2]
INFO: [Physopt 32-662] Processed net bdw/design_1_i/hier_0/csum_rx_rss_0/inst/CSUM_UNIT/status_Generator/ip_header_length_reg_n_0_[3].  Did not re-place instance bdw/design_1_i/hier_0/csum_rx_rss_0/inst/CSUM_UNIT/status_Generator/ip_header_length_reg[3]
INFO: [Physopt 32-662] Processed net bdw/design_1_i/hier_0/csum_rx_rss_0/inst/CSUM_UNIT/status_Generator/ip_header_length_reg_n_0_[5].  Did not re-place instance bdw/design_1_i/hier_0/csum_rx_rss_0/inst/CSUM_UNIT/status_Generator/ip_header_length_reg[5]
INFO: [Physopt 32-662] Processed net bdw/design_1_i/hier_0/csum_rx_rss_0/inst/CSUM_UNIT/byte_Counter/s00_axis_tdata[63][6].  Did not re-place instance bdw/design_1_i/hier_0/csum_rx_rss_0/inst/CSUM_UNIT/byte_Counter/udp_length[6]_i_1
INFO: [Physopt 32-662] Processed net bdw/design_1_i/hier_0/csum_rx_rss_0/inst/CSUM_UNIT/byte_Counter/s00_axis_tdata[6][14].  Did not re-place instance bdw/design_1_i/hier_0/csum_rx_rss_0/inst/CSUM_UNIT/byte_Counter/packet_length[14]_i_1
INFO: [Physopt 32-662] Processed net bdw/design_1_i/hier_0/csum_rx_rss_0/inst/CSUM_UNIT/status_Generator/packet_length_reg_n_0_[14].  Did not re-place instance bdw/design_1_i/hier_0/csum_rx_rss_0/inst/CSUM_UNIT/status_Generator/packet_length_reg[14]
INFO: [Physopt 32-662] Processed net bdw/design_1_i/hier_0/csum_rx_rss_0/inst/CSUM_UNIT/byte_Counter/byte_cntr_with_delta_byte0_carry_i_8_n_0.  Did not re-place instance bdw/design_1_i/hier_0/csum_rx_rss_0/inst/CSUM_UNIT/byte_Counter/byte_cntr_with_delta_byte0_carry_i_8
INFO: [Physopt 32-663] Processed net bdw/design_1_i/hier_0/axis_data_fifo_5/inst/gen_fifo.xpm_fifo_axis_inst/xpm_fifo_base_inst/data_valid.  Re-placed instance bdw/design_1_i/hier_0/axis_data_fifo_5/inst/gen_fifo.xpm_fifo_axis_inst/xpm_fifo_base_inst/gen_fwft.gdvld_fwft.data_valid_fwft_reg
INFO: [Physopt 32-662] Processed net bdw/design_1_i/hier_0/csum_rx_rss_0/inst/CSUM_UNIT/byte_Counter/s00_axis_tdata[15]_0[13].  Did not re-place instance bdw/design_1_i/hier_0/csum_rx_rss_0/inst/CSUM_UNIT/byte_Counter/in1_reg[13]_i_1__0
INFO: [Physopt 32-662] Processed net bdw/design_1_i/hier_0/csum_rx_rss_0/inst/CSUM_UNIT/raw_csum_cal/genblk2[1].M1/in1_reg[13].  Did not re-place instance bdw/design_1_i/hier_0/csum_rx_rss_0/inst/CSUM_UNIT/raw_csum_cal/genblk2[1].M1/in1_reg_reg[13]
INFO: [Physopt 32-662] Processed net bdw/design_1_i/hier_0/csum_rx_rss_0/inst/CSUM_UNIT/byte_Counter/s00_axis_tdata[63][8].  Did not re-place instance bdw/design_1_i/hier_0/csum_rx_rss_0/inst/CSUM_UNIT/byte_Counter/udp_length[8]_i_1
INFO: [Physopt 32-661] Optimized 21 nets.  Re-placed 21 instances.
INFO: [Physopt 32-775] End 1 Pass. Optimized 21 nets or cells. Created 0 new cell, deleted 0 existing cell and moved 21 existing cells
INFO: [Physopt 32-619] Estimated Timing Summary | WNS=-0.769 | TNS=-154.689 |
Netlist sorting complete. Time (s): cpu = 00:00:00.02 ; elapsed = 00:00:00.02 . Memory (MB): peak = 6843.258 ; gain = 0.000 ; free physical = 1716 ; free virtual = 10285
Phase 4 Single Cell Placement Optimization | Checksum: 1a1ba0419

Time (s): cpu = 00:01:05 ; elapsed = 00:00:25 . Memory (MB): peak = 6843.258 ; gain = 0.000 ; free physical = 1716 ; free virtual = 10285

Phase 5 Multi Cell Placement Optimization
INFO: [Physopt 32-660] Identified 100 candidate nets for placement-based optimization.
INFO: [Physopt 32-663] Processed net bdw/design_1_i/hier_0/csum_rx_rss_0/inst/CSUM_UNIT/byte_Counter/frame_has_protocol_tcp_0x06_i_4_n_0.  Re-placed instance bdw/design_1_i/hier_0/csum_rx_rss_0/inst/CSUM_UNIT/byte_Counter/frame_has_protocol_tcp_0x06_i_4/O
INFO: [Physopt 32-663] Processed net bdw/design_1_i/hier_0/csum_rx_rss_0/inst/CSUM_UNIT/byte_Counter/FSM_sequential_state_reg[2].  Re-placed instance bdw/design_1_i/hier_0/csum_rx_rss_0/inst/CSUM_UNIT/byte_Counter/frame_dest_port_thread1_i_1/O
INFO: [Physopt 32-662] Processed net bdw/design_1_i/hier_0/csum_rx_rss_0/inst/CSUM_UNIT/byte_Counter/frame_has_protocol_tcp_0x06_i_9_n_0.  Did not re-place instance bdw/design_1_i/hier_0/csum_rx_rss_0/inst/CSUM_UNIT/byte_Counter/frame_has_protocol_tcp_0x06_i_9/O
INFO: [Physopt 32-662] Processed net bdw/design_1_i/hier_0/csum_rx_rss_0/inst/CSUM_UNIT/byte_Counter/byte_cntr_with_delta_byte0_carry_i_10_n_0.  Did not re-place instance bdw/design_1_i/hier_0/csum_rx_rss_0/inst/CSUM_UNIT/byte_Counter/byte_cntr_with_delta_byte0_carry_i_10/O
INFO: [Physopt 32-662] Processed net bdw/design_1_i/hier_0/csum_rx_rss_0/inst/CSUM_UNIT/byte_Counter/tdest_start_i_4_n_0.  Did not re-place instance bdw/design_1_i/hier_0/csum_rx_rss_0/inst/CSUM_UNIT/byte_Counter/tdest_start_i_4/O
INFO: [Physopt 32-662] Processed net bdw/design_1_i/hier_0/csum_rx_rss_0/inst/CSUM_UNIT/status_Generator/udp_length_reg[15]_0[10].  Did not re-place instance bdw/design_1_i/hier_0/csum_rx_rss_0/inst/CSUM_UNIT/status_Generator/udp_length_reg[10]/Q
INFO: [Physopt 32-662] Processed net bdw/design_1_i/hier_0/csum_rx_rss_0/inst/CSUM_UNIT/status_Generator/udp_length_reg[15]_0[12].  Did not re-place instance bdw/design_1_i/hier_0/csum_rx_rss_0/inst/CSUM_UNIT/status_Generator/udp_length_reg[12]/Q
INFO: [Physopt 32-662] Processed net bdw/design_1_i/hier_0/csum_rx_rss_0/inst/CSUM_UNIT/status_Generator/udp_length_reg[15]_0[6].  Did not re-place instance bdw/design_1_i/hier_0/csum_rx_rss_0/inst/CSUM_UNIT/status_Generator/udp_length_reg[6]/Q
INFO: [Physopt 32-662] Processed net bdw/design_1_i/hier_0/csum_rx_rss_0/inst/CSUM_UNIT/status_Generator/udp_length_reg[15]_0[8].  Did not re-place instance bdw/design_1_i/hier_0/csum_rx_rss_0/inst/CSUM_UNIT/status_Generator/udp_length_reg[8]/Q
INFO: [Physopt 32-662] Processed net bdw/design_1_i/hier_0/csum_rx_rss_0/inst/CSUM_UNIT/status_Generator/udp_length_reg[15]_0[11].  Did not re-place instance bdw/design_1_i/hier_0/csum_rx_rss_0/inst/CSUM_UNIT/status_Generator/udp_length_reg[11]/Q
INFO: [Physopt 32-662] Processed net bdw/design_1_i/hier_0/csum_rx_rss_0/inst/CSUM_UNIT/status_Generator/udp_length_reg[15]_0[13].  Did not re-place instance bdw/design_1_i/hier_0/csum_rx_rss_0/inst/CSUM_UNIT/status_Generator/udp_length_reg[13]/Q
INFO: [Physopt 32-662] Processed net bdw/design_1_i/hier_0/csum_rx_rss_0/inst/CSUM_UNIT/status_Generator/udp_length_reg[15]_0[7].  Did not re-place instance bdw/design_1_i/hier_0/csum_rx_rss_0/inst/CSUM_UNIT/status_Generator/udp_length_reg[7]/Q
INFO: [Physopt 32-662] Processed net bdw/design_1_i/hier_0/csum_rx_rss_0/inst/CSUM_UNIT/status_Generator/udp_length_reg[15]_0[9].  Did not re-place instance bdw/design_1_i/hier_0/csum_rx_rss_0/inst/CSUM_UNIT/status_Generator/udp_length_reg[9]/Q
INFO: [Physopt 32-662] Processed net bdw/design_1_i/hier_0/csum_rx_rss_0/inst/CSUM_UNIT/byte_Counter/ip_header_length[5]_i_4_n_0.  Did not re-place instance bdw/design_1_i/hier_0/csum_rx_rss_0/inst/CSUM_UNIT/byte_Counter/ip_header_length[5]_i_4/O
INFO: [Physopt 32-662] Processed net bdw/design_1_i/hier_0/csum_rx_rss_0/inst/CSUM_UNIT/byte_Counter/s00_axis_tdata[15]_0[2].  Did not re-place instance bdw/design_1_i/hier_0/csum_rx_rss_0/inst/CSUM_UNIT/byte_Counter/in1_reg[2]_i_1__0/O
INFO: [Physopt 32-662] Processed net bdw/design_1_i/hier_0/csum_rx_rss_0/inst/CSUM_UNIT/status_Generator/udp_length_reg[15]_0[0].  Did not re-place instance bdw/design_1_i/hier_0/csum_rx_rss_0/inst/CSUM_UNIT/status_Generator/udp_length_reg[0]/Q
INFO: [Physopt 32-662] Processed net bdw/design_1_i/hier_0/csum_rx_rss_0/inst/CSUM_UNIT/status_Generator/udp_length_reg[15]_0[14].  Did not re-place instance bdw/design_1_i/hier_0/csum_rx_rss_0/inst/CSUM_UNIT/status_Generator/udp_length_reg[14]/Q
INFO: [Physopt 32-662] Processed net bdw/design_1_i/hier_0/csum_rx_rss_0/inst/CSUM_UNIT/status_Generator/udp_length_reg[15]_0[2].  Did not re-place instance bdw/design_1_i/hier_0/csum_rx_rss_0/inst/CSUM_UNIT/status_Generator/udp_length_reg[2]/Q
INFO: [Physopt 32-662] Processed net bdw/design_1_i/hier_0/csum_rx_rss_0/inst/CSUM_UNIT/status_Generator/udp_length_reg[15]_0[4].  Did not re-place instance bdw/design_1_i/hier_0/csum_rx_rss_0/inst/CSUM_UNIT/status_Generator/udp_length_reg[4]/Q
INFO: [Physopt 32-662] Processed net bdw/design_1_i/hier_0/csum_rx_rss_0/inst/CSUM_UNIT/status_Generator/udp_length_reg[15]_0[15].  Did not re-place instance bdw/design_1_i/hier_0/csum_rx_rss_0/inst/CSUM_UNIT/status_Generator/udp_length_reg[15]/Q
INFO: [Physopt 32-662] Processed net bdw/design_1_i/hier_0/csum_rx_rss_0/inst/CSUM_UNIT/status_Generator/udp_length_reg[15]_0[1].  Did not re-place instance bdw/design_1_i/hier_0/csum_rx_rss_0/inst/CSUM_UNIT/status_Generator/udp_length_reg[1]/Q
INFO: [Physopt 32-662] Processed net bdw/design_1_i/hier_0/csum_rx_rss_0/inst/CSUM_UNIT/status_Generator/udp_length_reg[15]_0[3].  Did not re-place instance bdw/design_1_i/hier_0/csum_rx_rss_0/inst/CSUM_UNIT/status_Generator/udp_length_reg[3]/Q
INFO: [Physopt 32-662] Processed net bdw/design_1_i/hier_0/csum_rx_rss_0/inst/CSUM_UNIT/status_Generator/udp_length_reg[15]_0[5].  Did not re-place instance bdw/design_1_i/hier_0/csum_rx_rss_0/inst/CSUM_UNIT/status_Generator/udp_length_reg[5]/Q
INFO: [Physopt 32-662] Processed net bdw/design_1_i/hier_0/csum_rx_rss_0/inst/CSUM_UNIT/byte_Counter/s00_axis_tdata[15]_0[8].  Did not re-place instance bdw/design_1_i/hier_0/csum_rx_rss_0/inst/CSUM_UNIT/byte_Counter/in1_reg[8]_i_1__0/O
INFO: [Physopt 32-663] Processed net bdw/design_1_i/hier_0/csum_rx_rss_0/inst/CSUM_UNIT/byte_Counter/s00_axis_tdata[15]_0[0].  Re-placed instance bdw/design_1_i/hier_0/csum_rx_rss_0/inst/CSUM_UNIT/byte_Counter/in1_reg[0]_i_1__0/O
INFO: [Physopt 32-662] Processed net bdw/design_1_i/hier_0/csum_rx_rss_0/inst/CSUM_UNIT/byte_Counter/s00_axis_tdata[15]_0[4].  Did not re-place instance bdw/design_1_i/hier_0/csum_rx_rss_0/inst/CSUM_UNIT/byte_Counter/in1_reg[4]_i_1__0/O
INFO: [Physopt 32-662] Processed net bdw/design_1_i/hier_0/csum_rx_rss_0/inst/CSUM_UNIT/byte_Counter/s00_axis_tdata[15]_0[5].  Did not re-place instance bdw/design_1_i/hier_0/csum_rx_rss_0/inst/CSUM_UNIT/byte_Counter/in1_reg[5]_i_1__0/O
INFO: [Physopt 32-662] Processed net bdw/design_1_i/hier_0/csum_rx_rss_0/inst/CSUM_UNIT/byte_Counter/s00_axis_tdata[15]_0[1].  Did not re-place instance bdw/design_1_i/hier_0/csum_rx_rss_0/inst/CSUM_UNIT/byte_Counter/in1_reg[1]_i_1__0/O
INFO: [Physopt 32-662] Processed net bdw/design_1_i/hier_0/csum_rx_rss_0/inst/CSUM_UNIT/byte_Counter/s00_axis_tdata[15]_0[9].  Did not re-place instance bdw/design_1_i/hier_0/csum_rx_rss_0/inst/CSUM_UNIT/byte_Counter/in1_reg[9]_i_1__0/O
INFO: [Physopt 32-662] Processed net bdw/design_1_i/hier_0/csum_rx_rss_0/inst/CSUM_UNIT/byte_Counter/s00_axis_tdata[31]_0[6].  Did not re-place instance bdw/design_1_i/hier_0/csum_rx_rss_0/inst/CSUM_UNIT/byte_Counter/in2_reg[6]_i_1__2/O
INFO: [Physopt 32-662] Processed net bdw/design_1_i/hier_0/csum_rx_rss_0/inst/CSUM_UNIT/byte_Counter/s00_axis_tdata[31]_0[0].  Did not re-place instance bdw/design_1_i/hier_0/csum_rx_rss_0/inst/CSUM_UNIT/byte_Counter/in2_reg[0]_i_1__2/O
INFO: [Physopt 32-662] Processed net bdw/design_1_i/hier_0/csum_rx_rss_0/inst/CSUM_UNIT/byte_Counter/s00_axis_tdata[15]_0[3].  Did not re-place instance bdw/design_1_i/hier_0/csum_rx_rss_0/inst/CSUM_UNIT/byte_Counter/in1_reg[3]_i_1__0/O
INFO: [Physopt 32-662] Processed net bdw/design_1_i/hier_0/csum_rx_rss_0/inst/CSUM_UNIT/byte_Counter/s00_axis_tdata[31]_0[3].  Did not re-place instance bdw/design_1_i/hier_0/csum_rx_rss_0/inst/CSUM_UNIT/byte_Counter/in2_reg[3]_i_1__2/O
INFO: [Physopt 32-662] Processed net bdw/design_1_i/hier_0/csum_rx_rss_0/inst/CSUM_UNIT/byte_Counter/s00_axis_tlast_0.  Did not re-place instance bdw/design_1_i/hier_0/csum_rx_rss_0/inst/CSUM_UNIT/byte_Counter/valid_out_stg1_i_1/O
INFO: [Physopt 32-662] Processed net bdw/design_1_i/hier_0/csum_rx_rss_0/inst/CSUM_UNIT/byte_Counter/s00_axis_tdata[31]_0[2].  Did not re-place instance bdw/design_1_i/hier_0/csum_rx_rss_0/inst/CSUM_UNIT/byte_Counter/in2_reg[2]_i_1__2/O
INFO: [Physopt 32-662] Processed net bdw/design_1_i/hier_0/csum_rx_rss_0/inst/CSUM_UNIT/byte_Counter/s00_axis_tdata[15]_0[10].  Did not re-place instance bdw/design_1_i/hier_0/csum_rx_rss_0/inst/CSUM_UNIT/byte_Counter/in1_reg[10]_i_1__0/O
INFO: [Physopt 32-662] Processed net bdw/design_1_i/hier_0/csum_rx_rss_0/inst/CSUM_UNIT/byte_Counter/s00_axis_tdata[31]_0[7].  Did not re-place instance bdw/design_1_i/hier_0/csum_rx_rss_0/inst/CSUM_UNIT/byte_Counter/in2_reg[7]_i_1__2/O
INFO: [Physopt 32-662] Processed net bdw/design_1_i/hier_0/csum_rx_rss_0/inst/CSUM_UNIT/byte_Counter/s00_axis_tdata[15]_0[12].  Did not re-place instance bdw/design_1_i/hier_0/csum_rx_rss_0/inst/CSUM_UNIT/byte_Counter/in1_reg[12]_i_1__0/O
INFO: [Physopt 32-662] Processed net bdw/design_1_i/hier_0/csum_rx_rss_0/inst/CSUM_UNIT/byte_Counter/s00_axis_tdata[15]_0[6].  Did not re-place instance bdw/design_1_i/hier_0/csum_rx_rss_0/inst/CSUM_UNIT/byte_Counter/in1_reg[6]_i_1__0/O
INFO: [Physopt 32-662] Processed net bdw/design_1_i/hier_0/csum_rx_rss_0/inst/CSUM_UNIT/byte_Counter/csumEn_stg1_i_2__2_n_0.  Did not re-place instance bdw/design_1_i/hier_0/csum_rx_rss_0/inst/CSUM_UNIT/byte_Counter/csumEn_stg1_i_2__2/O
INFO: [Physopt 32-662] Processed net bdw/design_1_i/hier_0/csum_rx_rss_0/inst/CSUM_UNIT/byte_Counter/s00_axis_tdata[6][12].  Did not re-place instance bdw/design_1_i/hier_0/csum_rx_rss_0/inst/CSUM_UNIT/byte_Counter/packet_length[12]_i_1/O
INFO: [Physopt 32-662] Processed net bdw/design_1_i/hier_0/csum_rx_rss_0/inst/CSUM_UNIT/byte_Counter/s00_axis_tdata[6][8].  Did not re-place instance bdw/design_1_i/hier_0/csum_rx_rss_0/inst/CSUM_UNIT/byte_Counter/packet_length[8]_i_1/O
INFO: [Physopt 32-662] Processed net bdw/design_1_i/hier_0/csum_rx_rss_0/inst/CSUM_UNIT/byte_Counter/s00_axis_tdata[6][0].  Did not re-place instance bdw/design_1_i/hier_0/csum_rx_rss_0/inst/CSUM_UNIT/byte_Counter/packet_length[0]_i_1/O
INFO: [Physopt 32-662] Processed net bdw/design_1_i/hier_0/csum_rx_rss_0/inst/CSUM_UNIT/byte_Counter/s00_axis_tdata[6][2].  Did not re-place instance bdw/design_1_i/hier_0/csum_rx_rss_0/inst/CSUM_UNIT/byte_Counter/packet_length[2]_i_1/O
INFO: [Physopt 32-662] Processed net bdw/design_1_i/hier_0/csum_rx_rss_0/inst/CSUM_UNIT/byte_Counter/csumEn_M0[1]_12.  Did not re-place instance bdw/design_1_i/hier_0/csum_rx_rss_0/inst/CSUM_UNIT/byte_Counter/csumEn_stg1_i_1__4/O
INFO: [Physopt 32-662] Processed net bdw/design_1_i/hier_0/csum_rx_rss_0/inst/CSUM_UNIT/byte_Counter/csumEn_M0[1]_7.  Did not re-place instance bdw/design_1_i/hier_0/csum_rx_rss_0/inst/CSUM_UNIT/byte_Counter/csumEn_stg1_i_1/O
INFO: [Physopt 32-662] Processed net bdw/design_1_i/hier_0/csum_rx_rss_0/inst/CSUM_UNIT/byte_Counter/s00_axis_tdata[15]_0[14].  Did not re-place instance bdw/design_1_i/hier_0/csum_rx_rss_0/inst/CSUM_UNIT/byte_Counter/in1_reg[14]_i_1__0/O
INFO: [Physopt 32-662] Processed net bdw/design_1_i/hier_0/csum_rx_rss_0/inst/CSUM_UNIT/byte_Counter/s00_axis_tdata[6][14].  Did not re-place instance bdw/design_1_i/hier_0/csum_rx_rss_0/inst/CSUM_UNIT/byte_Counter/packet_length[14]_i_1/O
INFO: [Physopt 32-662] Processed net bdw/design_1_i/hier_0/csum_rx_rss_0/inst/CSUM_UNIT/byte_Counter/s00_axis_tdata[15]_0[13].  Did not re-place instance bdw/design_1_i/hier_0/csum_rx_rss_0/inst/CSUM_UNIT/byte_Counter/in1_reg[13]_i_1__0/O
INFO: [Physopt 32-662] Processed net bdw/design_1_i/hier_0/csum_rx_rss_0/inst/CSUM_UNIT/byte_Counter/s00_axis_tdata[6][4].  Did not re-place instance bdw/design_1_i/hier_0/csum_rx_rss_0/inst/CSUM_UNIT/byte_Counter/packet_length[4]_i_1/O
INFO: [Physopt 32-662] Processed net bdw/design_1_i/hier_0/csum_rx_rss_0/inst/CSUM_UNIT/byte_Counter/in1_reg[15]_i_2_n_0.  Did not re-place instance bdw/design_1_i/hier_0/csum_rx_rss_0/inst/CSUM_UNIT/byte_Counter/in1_reg[15]_i_2/O
INFO: [Physopt 32-662] Processed net bdw/design_1_i/hier_0/csum_rx_rss_0/inst/CSUM_UNIT/byte_Counter/s00_axis_tdata[15][9].  Did not re-place instance bdw/design_1_i/hier_0/csum_rx_rss_0/inst/CSUM_UNIT/byte_Counter/in1_reg[9]_i_1/O
INFO: [Physopt 32-662] Processed net bdw/design_1_i/hier_0/csum_rx_rss_0/inst/CSUM_UNIT/byte_Counter/s00_axis_tdata[15][13].  Did not re-place instance bdw/design_1_i/hier_0/csum_rx_rss_0/inst/CSUM_UNIT/byte_Counter/in1_reg[13]_i_1/O
INFO: [Physopt 32-662] Processed net bdw/design_1_i/hier_0/csum_rx_rss_0/inst/CSUM_UNIT/byte_Counter/s00_axis_tdata[15][14].  Did not re-place instance bdw/design_1_i/hier_0/csum_rx_rss_0/inst/CSUM_UNIT/byte_Counter/in1_reg[14]_i_1/O
INFO: [Physopt 32-662] Processed net bdw/design_1_i/hier_0/csum_rx_rss_0/inst/CSUM_UNIT/byte_Counter/in2_reg[7]_i_2_n_0.  Did not re-place instance bdw/design_1_i/hier_0/csum_rx_rss_0/inst/CSUM_UNIT/byte_Counter/in2_reg[7]_i_2/O
INFO: [Physopt 32-663] Processed net bdw/design_1_i/hier_0/csum_rx_rss_0/inst/CSUM_UNIT/byte_Counter/in2_reg[15]_i_5__1_n_0.  Re-placed instance bdw/design_1_i/hier_0/csum_rx_rss_0/inst/CSUM_UNIT/byte_Counter/in2_reg[15]_i_5__1/O
INFO: [Physopt 32-662] Processed net bdw/design_1_i/hier_0/csum_rx_rss_0/inst/CSUM_UNIT/byte_Counter/s00_axis_tdata[31][0].  Did not re-place instance bdw/design_1_i/hier_0/csum_rx_rss_0/inst/CSUM_UNIT/byte_Counter/in2_reg[0]_i_1__1/O
INFO: [Physopt 32-662] Processed net bdw/design_1_i/hier_0/csum_rx_rss_0/inst/CSUM_UNIT/byte_Counter/s00_axis_tdata[31]_0[5].  Did not re-place instance bdw/design_1_i/hier_0/csum_rx_rss_0/inst/CSUM_UNIT/byte_Counter/in2_reg[5]_i_1__2/O
INFO: [Physopt 32-662] Processed net bdw/design_1_i/hier_0/csum_rx_rss_0/inst/CSUM_UNIT/byte_Counter/csumEn_stg1_i_3__0_n_0.  Did not re-place instance bdw/design_1_i/hier_0/csum_rx_rss_0/inst/CSUM_UNIT/byte_Counter/csumEn_stg1_i_3__0/O
INFO: [Physopt 32-662] Processed net bdw/design_1_i/hier_0/csum_rx_rss_0/inst/CSUM_UNIT/byte_Counter/csumEn_stg1_i_7_n_0.  Did not re-place instance bdw/design_1_i/hier_0/csum_rx_rss_0/inst/CSUM_UNIT/byte_Counter/csumEn_stg1_i_7/O
INFO: [Physopt 32-661] Optimized 4 nets.  Re-placed 14 instances.
INFO: [Physopt 32-775] End 1 Pass. Optimized 4 nets or cells. Created 0 new cell, deleted 0 existing cell and moved 14 existing cells
INFO: [Physopt 32-619] Estimated Timing Summary | WNS=-0.652 | TNS=-142.255 |
Netlist sorting complete. Time (s): cpu = 00:00:00.02 ; elapsed = 00:00:00.02 . Memory (MB): peak = 6843.258 ; gain = 0.000 ; free physical = 1719 ; free virtual = 10288
Phase 5 Multi Cell Placement Optimization | Checksum: 22e6072f2

Time (s): cpu = 00:02:06 ; elapsed = 00:00:40 . Memory (MB): peak = 6843.258 ; gain = 0.000 ; free physical = 1719 ; free virtual = 10288

Phase 6 Rewire
INFO: [Physopt 32-246] Starting Signal Push optimization...
INFO: [Physopt 32-77] Pass 1. Identified 5 candidate nets for rewire optimization.
INFO: [Physopt 32-242] Processed net bdw/design_1_i/hier_0/csum_rx_rss_0/inst/CSUM_UNIT/byte_Counter/frame_has_protocol_tcp_0x06_i_4_n_0. Rewired (signal push) bdw/design_1_i/hier_0/csum_rx_rss_0/inst/CSUM_UNIT/byte_Counter/frame_has_protocol_tcp_0x06_i_9_n_0 to 5 loads. Replicated 1 times.
INFO: [Physopt 32-134] Processed net bdw/design_1_i/hier_0/csum_rx_rss_0/inst/CSUM_UNIT/byte_Counter/csumEn_stg1_i_7_n_0. Rewiring did not optimize the net.
INFO: [Physopt 32-242] Processed net bdw/design_1_i/hier_0/csum_rx_rss_0/inst/CSUM_UNIT/byte_Counter/frame_has_protocol_tcp_0x06_i_3_n_0. Rewired (signal push) bdw/design_1_i/hier_0/csum_rx_rss_0/inst/CSUM_UNIT/byte_Counter/frame_has_protocol_tcp_0x06_i_8_n_0 to 1 loads. Replicated 1 times.
INFO: [Physopt 32-134] Processed net bdw/design_1_i/hier_0/csum_rx_rss_0/inst/CSUM_UNIT/byte_Counter/csumEn_stg1_i_2__2_n_0. Rewiring did not optimize the net.
INFO: [Physopt 32-134] Processed net bdw/design_1_i/hier_0/csum_rx_rss_0/inst/CSUM_UNIT/byte_Counter/frame_dest_port_thread1_i_3_n_0. Rewiring did not optimize the net.
INFO: [Physopt 32-232] Optimized 2 nets. Created 2 new instances.
INFO: [Physopt 32-775] End 1 Pass. Optimized 2 nets or cells. Created 2 new cells, deleted 0 existing cell and moved 0 existing cell
Netlist sorting complete. Time (s): cpu = 00:00:00.04 ; elapsed = 00:00:00.05 . Memory (MB): peak = 6843.258 ; gain = 0.000 ; free physical = 1711 ; free virtual = 10280
INFO: [Physopt 32-619] Estimated Timing Summary | WNS=-0.645 | TNS=-128.398 |
Netlist sorting complete. Time (s): cpu = 00:00:00.02 ; elapsed = 00:00:00.01 . Memory (MB): peak = 6843.258 ; gain = 0.000 ; free physical = 1711 ; free virtual = 10280
Phase 6 Rewire | Checksum: 219db5bf6

Time (s): cpu = 00:02:12 ; elapsed = 00:00:43 . Memory (MB): peak = 6843.258 ; gain = 0.000 ; free physical = 1711 ; free virtual = 10280

Phase 7 Critical Cell Optimization
INFO: [Physopt 32-46] Identified 30 candidate nets for critical-cell optimization.
INFO: [Physopt 32-572] Net bdw/design_1_i/hier_0/csum_rx_rss_0/inst/CSUM_UNIT/byte_Counter/in1_reg[7]_i_3_n_0 was not replicated.
Resolution: phys_opt_design can be forced to replicate a net driver using the option -force_replication_on_nets <list of net objects>.
INFO: [Physopt 32-572] Net bdw/design_1_i/hier_0/csum_rx_rss_0/inst/CSUM_UNIT/byte_Counter/in2_reg[7]_i_2_n_0 was not replicated.
Resolution: phys_opt_design can be forced to replicate a net driver using the option -force_replication_on_nets <list of net objects>.
INFO: [Physopt 32-572] Net bdw/design_1_i/hier_0/csum_rx_rss_0/inst/CSUM_UNIT/byte_Counter/in2_reg[15]_i_6_n_0 was not replicated.
Resolution: phys_opt_design can be forced to replicate a net driver using the option -force_replication_on_nets <list of net objects>.
INFO: [Physopt 32-572] Net bdw/design_1_i/hier_0/csum_rx_rss_0/inst/CSUM_UNIT/byte_Counter/csumEn_stg1_i_3__0_n_0 was not replicated.
Resolution: phys_opt_design can be forced to replicate a net driver using the option -force_replication_on_nets <list of net objects>.
INFO: [Physopt 32-572] Net bdw/design_1_i/hier_0/csum_rx_rss_0/inst/CSUM_UNIT/byte_Counter/in2_reg[7]_i_2__0_n_0 was not replicated.
Resolution: phys_opt_design can be forced to replicate a net driver using the option -force_replication_on_nets <list of net objects>.
INFO: [Physopt 32-572] Net bdw/design_1_i/hier_0/csum_rx_rss_0/inst/CSUM_UNIT/byte_Counter/frame_has_protocol_tcp_0x06_i_9_n_0 was not replicated.
Resolution: phys_opt_design can be forced to replicate a net driver using the option -force_replication_on_nets <list of net objects>.
INFO: [Physopt 32-572] Net bdw/design_1_i/hier_0/csum_rx_rss_0/inst/CSUM_UNIT/byte_Counter/in2_reg[15]_i_5__1_n_0 was not replicated.
Resolution: phys_opt_design can be forced to replicate a net driver using the option -force_replication_on_nets <list of net objects>.
INFO: [Physopt 32-572] Net bdw/design_1_i/hier_0/csum_rx_rss_0/inst/CSUM_UNIT/byte_Counter/ip_header_length[5]_i_4_n_0 was not replicated.
Resolution: phys_opt_design can be forced to replicate a net driver using the option -force_replication_on_nets <list of net objects>.
INFO: [Physopt 32-572] Net bdw/design_1_i/hier_0/csum_rx_rss_0/inst/CSUM_UNIT/byte_Counter/E[0] was not replicated.
Resolution: phys_opt_design can be forced to replicate a net driver using the option -force_replication_on_nets <list of net objects>.
INFO: [Physopt 32-572] Net bdw/design_1_i/hier_0/tx_csum_0/inst/cum_calc/byte_Counter/csum_begin_app_7_sn_1 was not replicated.
Resolution: phys_opt_design can be forced to replicate a net driver using the option -force_replication_on_nets <list of net objects>.
INFO: [Physopt 32-81] Processed net bdw/design_1_i/hier_0/tx_csum_0/inst/data_fifo_i/gen_pf_ic_rc.gen_full_rst_val.ram_full_n_reg. Replicated 1 times.
INFO: [Physopt 32-572] Net bdw/design_1_i/hier_0/tx_csum_0/inst/data_fifo_i/lastBeat was not replicated.
Resolution: phys_opt_design can be forced to replicate a net driver using the option -force_replication_on_nets <list of net objects>.
INFO: [Physopt 32-81] Processed net bdw/design_1_i/hier_0/tx_csum_0/inst/FSM_hamming2_data_state_reg_n_0_[1]. Replicated 1 times.
INFO: [Physopt 32-572] Net bdw/design_1_i/hier_0/csum_rx_rss_0/inst/CSUM_UNIT/byte_Counter/in2_reg[15]_i_2_n_0 was not replicated.
Resolution: phys_opt_design can be forced to replicate a net driver using the option -force_replication_on_nets <list of net objects>.
INFO: [Physopt 32-572] Net bdw/design_1_i/hier_0/csum_rx_rss_0/inst/CSUM_UNIT/byte_Counter/in2_reg[15]_i_2__0_n_0 was not replicated.
Resolution: phys_opt_design can be forced to replicate a net driver using the option -force_replication_on_nets <list of net objects>.
INFO: [Physopt 32-572] Net bdw/design_1_i/hier_0/csum_rx_rss_0/inst/CSUM_UNIT/byte_Counter/s00_axis_tlast_0 was not replicated.
Resolution: phys_opt_design can be forced to replicate a net driver using the option -force_replication_on_nets <list of net objects>.
INFO: [Physopt 32-81] Processed net bdw/design_1_i/hier_0/tx_csum_0/inst/data_fifo_i/axis_data_fifo_0/inst/gen_fifo.xpm_fifo_axis_inst/xpm_fifo_base_inst/full_n. Replicated 1 times.
INFO: [Physopt 32-81] Processed net bdw/design_1_i/hier_0/csum_rx_rss_0/inst/CSUM_UNIT/byte_Counter/frame_dest_port_thread1_i_5_n_0. Replicated 1 times.
INFO: [Physopt 32-81] Processed net bdw/design_1_i/hier_0/csum_rx_rss_0/inst/CSUM_UNIT/byte_Counter/frame_has_protocol_tcp_0x06_i_8_n_0. Replicated 1 times.
INFO: [Physopt 32-572] Net bdw/design_1_i/hier_0/csum_rx_rss_0/inst/CSUM_UNIT/byte_Counter/frame_dest_port_thread4_i_6_n_0 was not replicated.
Resolution: phys_opt_design can be forced to replicate a net driver using the option -force_replication_on_nets <list of net objects>.
INFO: [Physopt 32-572] Net bdw/design_1_i/hier_0/csum_rx_rss_0/inst/CSUM_UNIT/byte_Counter/frame_has_protocol_tcp_0x06_i_4_n_0 was not replicated.
Resolution: phys_opt_design can be forced to replicate a net driver using the option -force_replication_on_nets <list of net objects>.
INFO: [Physopt 32-572] Net bdw/design_1_i/hier_0/csum_rx_rss_0/inst/CSUM_UNIT/byte_Counter/FSM_sequential_state_reg[2] was not replicated.
Resolution: phys_opt_design can be forced to replicate a net driver using the option -force_replication_on_nets <list of net objects>.
INFO: [Physopt 32-572] Net bdw/design_1_i/hier_0/csum_rx_rss_0/inst/CSUM_UNIT/byte_Counter/in1_reg[15]_i_2__0_n_0 was not replicated.
Resolution: phys_opt_design can be forced to replicate a net driver using the option -force_replication_on_nets <list of net objects>.
INFO: [Physopt 32-572] Net bdw/design_1_i/hier_0/tx_csum_0/inst/cum_calc/byte_Counter/csum_begin_app_13_sn_1 was not replicated.
Resolution: phys_opt_design can be forced to replicate a net driver using the option -force_replication_on_nets <list of net objects>.
INFO: [Physopt 32-81] Processed net bdw/design_1_i/hier_0/axis_data_fifo_5/inst/gen_fifo.xpm_fifo_axis_inst/xpm_fifo_base_inst/gen_sdpram.xpm_memory_base_inst/doutb[75]. Replicated 1 times.
INFO: [Physopt 32-601] Processed net bdw/design_1_i/hier_0/tx_csum_0/inst/cum_calc/byte_Counter/s00_axis_tkeep_1_sn_1. Net driver bdw/design_1_i/hier_0/tx_csum_0/inst/cum_calc/byte_Counter/byte_cntr_with_delta_byte0_carry_i_7 was replaced.
INFO: [Physopt 32-572] Net bdw/design_1_i/hier_0/csum_rx_rss_0/inst/CSUM_UNIT/byte_Counter/frame_has_protocol_tcp_0x06_i_10_n_0 was not replicated.
Resolution: phys_opt_design can be forced to replicate a net driver using the option -force_replication_on_nets <list of net objects>.
INFO: [Physopt 32-572] Net bdw/design_1_i/hier_0/csum_rx_rss_0/inst/CSUM_UNIT/byte_Counter/in1_reg[15]_i_2_n_0 was not replicated.
Resolution: phys_opt_design can be forced to replicate a net driver using the option -force_replication_on_nets <list of net objects>.
INFO: [Physopt 32-572] Net bdw/design_1_i/hier_0/csum_rx_rss_0/inst/CSUM_UNIT/byte_Counter/in2_reg[15]_i_2__1_n_0 was not replicated.
Resolution: phys_opt_design can be forced to replicate a net driver using the option -force_replication_on_nets <list of net objects>.
INFO: [Physopt 32-232] Optimized 7 nets. Created 6 new instances.
INFO: [Physopt 32-775] End 1 Pass. Optimized 7 nets or cells. Created 6 new cells, deleted 0 existing cell and moved 0 existing cell
INFO: [Physopt 32-619] Estimated Timing Summary | WNS=-0.645 | TNS=-126.145 |
Netlist sorting complete. Time (s): cpu = 00:00:00.07 ; elapsed = 00:00:00.07 . Memory (MB): peak = 6843.258 ; gain = 0.000 ; free physical = 1713 ; free virtual = 10282
Phase 7 Critical Cell Optimization | Checksum: f4ca1d0d

Time (s): cpu = 00:02:48 ; elapsed = 00:00:56 . Memory (MB): peak = 6843.258 ; gain = 0.000 ; free physical = 1713 ; free virtual = 10282

Phase 8 Fanout Optimization
INFO: [Physopt 32-76] Pass 1. Identified 5 candidate nets for fanout optimization.
INFO: [Physopt 32-572] Net bdw/design_1_i/hier_0/csum_rx_rss_0/inst/CSUM_UNIT/byte_Counter/in2_reg[15]_i_3_n_0 was not replicated.
Resolution: phys_opt_design can be forced to replicate a net driver using the option -force_replication_on_nets <list of net objects>.
INFO: [Physopt 32-572] Net bdw/design_1_i/hier_0/csum_rx_rss_0/inst/CSUM_UNIT/byte_Counter/in2_reg[15]_i_4__0_n_0 was not replicated.
Resolution: phys_opt_design can be forced to replicate a net driver using the option -force_replication_on_nets <list of net objects>.
INFO: [Physopt 32-572] Net bdw/design_1_i/hier_0/csum_rx_rss_0/inst/CSUM_UNIT/byte_Counter/in2_reg[15]_i_4__2_n_0 was not replicated.
Resolution: phys_opt_design can be forced to replicate a net driver using the option -force_replication_on_nets <list of net objects>.
INFO: [Physopt 32-572] Net bdw/design_1_i/hier_0/csum_rx_rss_0/inst/CSUM_UNIT/byte_Counter/in2_reg[15]_i_2__3_n_0 was not replicated.
Resolution: phys_opt_design can be forced to replicate a net driver using the option -force_replication_on_nets <list of net objects>.
INFO: [Physopt 32-572] Net bdw/design_1_i/hier_0/csum_rx_rss_0/inst/CSUM_UNIT/byte_Counter/tdest_start_i_3_n_0 was not replicated.
Resolution: phys_opt_design can be forced to replicate a net driver using the option -force_replication_on_nets <list of net objects>.
INFO: [Physopt 32-232] Optimized 0 net. Created 0 new instance.
INFO: [Physopt 32-775] End 1 Pass. Optimized 0 net or cell. Created 0 new cell, deleted 0 existing cell and moved 0 existing cell
Netlist sorting complete. Time (s): cpu = 00:00:00.02 ; elapsed = 00:00:00.02 . Memory (MB): peak = 6843.258 ; gain = 0.000 ; free physical = 1712 ; free virtual = 10281
Phase 8 Fanout Optimization | Checksum: 1a56150ef

Time (s): cpu = 00:02:53 ; elapsed = 00:00:59 . Memory (MB): peak = 6843.258 ; gain = 0.000 ; free physical = 1712 ; free virtual = 10281

Phase 9 Single Cell Placement Optimization
INFO: [Physopt 32-660] Identified 250 candidate nets for placement-based optimization.
INFO: [Physopt 32-662] Processed net bdw/design_1_i/hier_0/csum_rx_rss_0/inst/CSUM_UNIT/byte_Counter/in1_reg[7]_i_3_n_0.  Did not re-place instance bdw/design_1_i/hier_0/csum_rx_rss_0/inst/CSUM_UNIT/byte_Counter/in1_reg[7]_i_3
INFO: [Physopt 32-662] Processed net bdw/design_1_i/hier_0/csum_rx_rss_0/inst/CSUM_UNIT/byte_Counter/in2_reg[7]_i_2_n_0.  Did not re-place instance bdw/design_1_i/hier_0/csum_rx_rss_0/inst/CSUM_UNIT/byte_Counter/in2_reg[7]_i_2
INFO: [Physopt 32-662] Processed net bdw/design_1_i/hier_0/csum_rx_rss_0/inst/CSUM_UNIT/byte_Counter/in2_reg[15]_i_6_n_0.  Did not re-place instance bdw/design_1_i/hier_0/csum_rx_rss_0/inst/CSUM_UNIT/byte_Counter/in2_reg[15]_i_6
INFO: [Physopt 32-662] Processed net bdw/design_1_i/hier_0/csum_rx_rss_0/inst/CSUM_UNIT/byte_Counter/byte_cntr_with_delta_byte0_carry_i_10_n_0.  Did not re-place instance bdw/design_1_i/hier_0/csum_rx_rss_0/inst/CSUM_UNIT/byte_Counter/byte_cntr_with_delta_byte0_carry_i_10
INFO: [Physopt 32-662] Processed net bdw/design_1_i/hier_0/csum_rx_rss_0/inst/CSUM_UNIT/byte_Counter/byte_cntr_with_delta_byte0_carry_i_6_n_0.  Did not re-place instance bdw/design_1_i/hier_0/csum_rx_rss_0/inst/CSUM_UNIT/byte_Counter/byte_cntr_with_delta_byte0_carry_i_6
INFO: [Physopt 32-662] Processed net bdw/design_1_i/hier_0/csum_rx_rss_0/inst/CSUM_UNIT/byte_Counter/in2_reg[15]_i_9_n_0.  Did not re-place instance bdw/design_1_i/hier_0/csum_rx_rss_0/inst/CSUM_UNIT/byte_Counter/in2_reg[15]_i_9
INFO: [Physopt 32-663] Processed net bdw/design_1_i/hier_0/csum_rx_rss_0/inst/CSUM_UNIT/byte_Counter/s00_axis_tdata[31][4].  Re-placed instance bdw/design_1_i/hier_0/csum_rx_rss_0/inst/CSUM_UNIT/byte_Counter/in2_reg[4]_i_1__1
INFO: [Physopt 32-662] Processed net bdw/design_1_i/hier_0/csum_rx_rss_0/inst/CSUM_UNIT/tcp_csum_cal/genblk2[1].M1/in2_reg[4].  Did not re-place instance bdw/design_1_i/hier_0/csum_rx_rss_0/inst/CSUM_UNIT/tcp_csum_cal/genblk2[1].M1/in2_reg_reg[4]
INFO: [Physopt 32-663] Processed net bdw/design_1_i/hier_0/csum_rx_rss_0/inst/CSUM_UNIT/byte_Counter/s00_axis_tdata[31][3].  Re-placed instance bdw/design_1_i/hier_0/csum_rx_rss_0/inst/CSUM_UNIT/byte_Counter/in2_reg[3]_i_1__1
INFO: [Physopt 32-662] Processed net bdw/design_1_i/hier_0/csum_rx_rss_0/inst/CSUM_UNIT/tcp_csum_cal/genblk2[1].M1/in2_reg[3].  Did not re-place instance bdw/design_1_i/hier_0/csum_rx_rss_0/inst/CSUM_UNIT/tcp_csum_cal/genblk2[1].M1/in2_reg_reg[3]
INFO: [Physopt 32-663] Processed net bdw/design_1_i/hier_0/csum_rx_rss_0/inst/CSUM_UNIT/byte_Counter/s00_axis_tdata[31][0].  Re-placed instance bdw/design_1_i/hier_0/csum_rx_rss_0/inst/CSUM_UNIT/byte_Counter/in2_reg[0]_i_1__1
INFO: [Physopt 32-662] Processed net bdw/design_1_i/hier_0/csum_rx_rss_0/inst/CSUM_UNIT/tcp_csum_cal/genblk2[1].M1/in2_reg[0].  Did not re-place instance bdw/design_1_i/hier_0/csum_rx_rss_0/inst/CSUM_UNIT/tcp_csum_cal/genblk2[1].M1/in2_reg_reg[0]
INFO: [Physopt 32-662] Processed net bdw/design_1_i/hier_0/csum_rx_rss_0/inst/CSUM_UNIT/byte_Counter/s00_axis_tdata[31][6].  Did not re-place instance bdw/design_1_i/hier_0/csum_rx_rss_0/inst/CSUM_UNIT/byte_Counter/in2_reg[6]_i_1__1
INFO: [Physopt 32-662] Processed net bdw/design_1_i/hier_0/csum_rx_rss_0/inst/CSUM_UNIT/tcp_csum_cal/genblk2[1].M1/in2_reg[6].  Did not re-place instance bdw/design_1_i/hier_0/csum_rx_rss_0/inst/CSUM_UNIT/tcp_csum_cal/genblk2[1].M1/in2_reg_reg[6]
INFO: [Physopt 32-662] Processed net bdw/design_1_i/hier_0/csum_rx_rss_0/inst/CSUM_UNIT/byte_Counter/s00_axis_tdata[31][2].  Did not re-place instance bdw/design_1_i/hier_0/csum_rx_rss_0/inst/CSUM_UNIT/byte_Counter/in2_reg[2]_i_1__1
INFO: [Physopt 32-662] Processed net bdw/design_1_i/hier_0/csum_rx_rss_0/inst/CSUM_UNIT/tcp_csum_cal/genblk2[1].M1/in2_reg[2].  Did not re-place instance bdw/design_1_i/hier_0/csum_rx_rss_0/inst/CSUM_UNIT/tcp_csum_cal/genblk2[1].M1/in2_reg_reg[2]
INFO: [Physopt 32-663] Processed net bdw/design_1_i/hier_0/csum_rx_rss_0/inst/CSUM_UNIT/byte_Counter/s00_axis_tdata[31][5].  Re-placed instance bdw/design_1_i/hier_0/csum_rx_rss_0/inst/CSUM_UNIT/byte_Counter/in2_reg[5]_i_1__1
INFO: [Physopt 32-662] Processed net bdw/design_1_i/hier_0/csum_rx_rss_0/inst/CSUM_UNIT/tcp_csum_cal/genblk2[1].M1/in2_reg[5].  Did not re-place instance bdw/design_1_i/hier_0/csum_rx_rss_0/inst/CSUM_UNIT/tcp_csum_cal/genblk2[1].M1/in2_reg_reg[5]
INFO: [Physopt 32-662] Processed net bdw/design_1_i/hier_0/csum_rx_rss_0/inst/CSUM_UNIT/byte_Counter/s00_axis_tdata[31][7].  Did not re-place instance bdw/design_1_i/hier_0/csum_rx_rss_0/inst/CSUM_UNIT/byte_Counter/in2_reg[7]_i_1__1
INFO: [Physopt 32-662] Processed net bdw/design_1_i/hier_0/csum_rx_rss_0/inst/CSUM_UNIT/tcp_csum_cal/genblk2[1].M1/in2_reg[7].  Did not re-place instance bdw/design_1_i/hier_0/csum_rx_rss_0/inst/CSUM_UNIT/tcp_csum_cal/genblk2[1].M1/in2_reg_reg[7]
INFO: [Physopt 32-662] Processed net bdw/design_1_i/hier_0/csum_rx_rss_0/inst/CSUM_UNIT/byte_Counter/in2_reg[15]_i_3_n_0.  Did not re-place instance bdw/design_1_i/hier_0/csum_rx_rss_0/inst/CSUM_UNIT/byte_Counter/in2_reg[15]_i_3
INFO: [Physopt 32-662] Processed net bdw/design_1_i/hier_0/csum_rx_rss_0/inst/CSUM_UNIT/byte_Counter/csumEn_stg1_i_3__0_n_0.  Did not re-place instance bdw/design_1_i/hier_0/csum_rx_rss_0/inst/CSUM_UNIT/byte_Counter/csumEn_stg1_i_3__0
INFO: [Physopt 32-663] Processed net bdw/design_1_i/hier_0/csum_rx_rss_0/inst/CSUM_UNIT/byte_Counter/csumEn_stg1_i_7_n_0.  Re-placed instance bdw/design_1_i/hier_0/csum_rx_rss_0/inst/CSUM_UNIT/byte_Counter/csumEn_stg1_i_7
INFO: [Physopt 32-662] Processed net bdw/design_1_i/hier_0/csum_rx_rss_0/inst/CSUM_UNIT/byte_Counter/csumEn_stg1_i_6_n_0.  Did not re-place instance bdw/design_1_i/hier_0/csum_rx_rss_0/inst/CSUM_UNIT/byte_Counter/csumEn_stg1_i_6
INFO: [Physopt 32-662] Processed net bdw/design_1_i/hier_0/csum_rx_rss_0/inst/CSUM_UNIT/byte_Counter/s00_axis_tdata[47][4].  Did not re-place instance bdw/design_1_i/hier_0/csum_rx_rss_0/inst/CSUM_UNIT/byte_Counter/in1_reg[4]_i_1__1
INFO: [Physopt 32-662] Processed net bdw/design_1_i/hier_0/csum_rx_rss_0/inst/CSUM_UNIT/tcp_csum_cal/genblk2[2].M1/in1_reg_reg_n_0_[4].  Did not re-place instance bdw/design_1_i/hier_0/csum_rx_rss_0/inst/CSUM_UNIT/tcp_csum_cal/genblk2[2].M1/in1_reg_reg[4]
INFO: [Physopt 32-662] Processed net bdw/design_1_i/hier_0/csum_rx_rss_0/inst/CSUM_UNIT/byte_Counter/in2_reg[15]_i_4__0_n_0.  Did not re-place instance bdw/design_1_i/hier_0/csum_rx_rss_0/inst/CSUM_UNIT/byte_Counter/in2_reg[15]_i_4__0
INFO: [Physopt 32-662] Processed net bdw/design_1_i/hier_0/csum_rx_rss_0/inst/CSUM_UNIT/byte_Counter/in2_reg[15]_i_4__2_n_0.  Did not re-place instance bdw/design_1_i/hier_0/csum_rx_rss_0/inst/CSUM_UNIT/byte_Counter/in2_reg[15]_i_4__2
INFO: [Physopt 32-662] Processed net bdw/design_1_i/hier_0/csum_rx_rss_0/inst/CSUM_UNIT/byte_Counter/in2_reg[15]_i_12_n_0.  Did not re-place instance bdw/design_1_i/hier_0/csum_rx_rss_0/inst/CSUM_UNIT/byte_Counter/in2_reg[15]_i_12
INFO: [Physopt 32-662] Processed net bdw/design_1_i/hier_0/csum_rx_rss_0/inst/CSUM_UNIT/byte_Counter/s00_axis_tdata[47]_0[12].  Did not re-place instance bdw/design_1_i/hier_0/csum_rx_rss_0/inst/CSUM_UNIT/byte_Counter/in1_reg[12]_i_1__2
INFO: [Physopt 32-662] Processed net bdw/design_1_i/hier_0/csum_rx_rss_0/inst/CSUM_UNIT/raw_csum_cal/genblk2[2].M1/in1_reg_reg_n_0_[12].  Did not re-place instance bdw/design_1_i/hier_0/csum_rx_rss_0/inst/CSUM_UNIT/raw_csum_cal/genblk2[2].M1/in1_reg_reg[12]
INFO: [Physopt 32-662] Processed net bdw/design_1_i/hier_0/csum_rx_rss_0/inst/CSUM_UNIT/byte_Counter/s00_axis_tdata[31][1].  Did not re-place instance bdw/design_1_i/hier_0/csum_rx_rss_0/inst/CSUM_UNIT/byte_Counter/in2_reg[1]_i_1__1
INFO: [Physopt 32-662] Processed net bdw/design_1_i/hier_0/csum_rx_rss_0/inst/CSUM_UNIT/tcp_csum_cal/genblk2[1].M1/in2_reg[1].  Did not re-place instance bdw/design_1_i/hier_0/csum_rx_rss_0/inst/CSUM_UNIT/tcp_csum_cal/genblk2[1].M1/in2_reg_reg[1]
INFO: [Physopt 32-662] Processed net bdw/design_1_i/hier_0/csum_rx_rss_0/inst/CSUM_UNIT/byte_Counter/in2_reg[15]_i_2__3_n_0.  Did not re-place instance bdw/design_1_i/hier_0/csum_rx_rss_0/inst/CSUM_UNIT/byte_Counter/in2_reg[15]_i_2__3_rewire
INFO: [Physopt 32-662] Processed net bdw/design_1_i/hier_0/csum_rx_rss_0/inst/CSUM_UNIT/byte_Counter/s00_axis_tdata[63]_1[14].  Did not re-place instance bdw/design_1_i/hier_0/csum_rx_rss_0/inst/CSUM_UNIT/byte_Counter/in2_reg[14]_i_1__3
INFO: [Physopt 32-663] Processed net bdw/design_1_i/hier_0/csum_rx_rss_0/inst/CSUM_UNIT/tcp_csum_cal/genblk2[2].M1/in2_reg_reg_n_0_[14].  Re-placed instance bdw/design_1_i/hier_0/csum_rx_rss_0/inst/CSUM_UNIT/tcp_csum_cal/genblk2[2].M1/in2_reg_reg[14]
INFO: [Physopt 32-662] Processed net bdw/design_1_i/hier_0/csum_rx_rss_0/inst/CSUM_UNIT/byte_Counter/s00_axis_tdata[47]_0[8].  Did not re-place instance bdw/design_1_i/hier_0/csum_rx_rss_0/inst/CSUM_UNIT/byte_Counter/in1_reg[8]_i_1__2
INFO: [Physopt 32-662] Processed net bdw/design_1_i/hier_0/csum_rx_rss_0/inst/CSUM_UNIT/raw_csum_cal/genblk2[2].M1/in1_reg_reg_n_0_[8].  Did not re-place instance bdw/design_1_i/hier_0/csum_rx_rss_0/inst/CSUM_UNIT/raw_csum_cal/genblk2[2].M1/in1_reg_reg[8]
INFO: [Physopt 32-662] Processed net bdw/design_1_i/hier_0/csum_rx_rss_0/inst/CSUM_UNIT/byte_Counter/s00_axis_tdata[47]_0[10].  Did not re-place instance bdw/design_1_i/hier_0/csum_rx_rss_0/inst/CSUM_UNIT/byte_Counter/in1_reg[10]_i_1__2
INFO: [Physopt 32-662] Processed net bdw/design_1_i/hier_0/csum_rx_rss_0/inst/CSUM_UNIT/raw_csum_cal/genblk2[2].M1/in1_reg_reg_n_0_[10].  Did not re-place instance bdw/design_1_i/hier_0/csum_rx_rss_0/inst/CSUM_UNIT/raw_csum_cal/genblk2[2].M1/in1_reg_reg[10]
INFO: [Physopt 32-662] Processed net bdw/design_1_i/hier_0/csum_rx_rss_0/inst/CSUM_UNIT/byte_Counter/in2_reg[7]_i_2__0_n_0.  Did not re-place instance bdw/design_1_i/hier_0/csum_rx_rss_0/inst/CSUM_UNIT/byte_Counter/in2_reg[7]_i_2__0
INFO: [Physopt 32-662] Processed net bdw/design_1_i/hier_0/csum_rx_rss_0/inst/CSUM_UNIT/byte_Counter/s00_axis_tdata[15]_0[2].  Did not re-place instance bdw/design_1_i/hier_0/csum_rx_rss_0/inst/CSUM_UNIT/byte_Counter/in1_reg[2]_i_1__0
INFO: [Physopt 32-662] Processed net bdw/design_1_i/hier_0/csum_rx_rss_0/inst/CSUM_UNIT/raw_csum_cal/genblk2[1].M1/in1_reg[2].  Did not re-place instance bdw/design_1_i/hier_0/csum_rx_rss_0/inst/CSUM_UNIT/raw_csum_cal/genblk2[1].M1/in1_reg_reg[2]
INFO: [Physopt 32-662] Processed net bdw/design_1_i/hier_0/csum_rx_rss_0/inst/CSUM_UNIT/byte_Counter/s00_axis_tdata[63]_1[0].  Did not re-place instance bdw/design_1_i/hier_0/csum_rx_rss_0/inst/CSUM_UNIT/byte_Counter/in2_reg[0]_i_1__3
INFO: [Physopt 32-663] Processed net bdw/design_1_i/hier_0/csum_rx_rss_0/inst/CSUM_UNIT/tcp_csum_cal/genblk2[2].M1/in2_reg_reg_n_0_[0].  Re-placed instance bdw/design_1_i/hier_0/csum_rx_rss_0/inst/CSUM_UNIT/tcp_csum_cal/genblk2[2].M1/in2_reg_reg[0]
INFO: [Physopt 32-662] Processed net bdw/design_1_i/hier_0/csum_rx_rss_0/inst/CSUM_UNIT/byte_Counter/frame_has_protocol_tcp_0x06_i_9_n_0.  Did not re-place instance bdw/design_1_i/hier_0/csum_rx_rss_0/inst/CSUM_UNIT/byte_Counter/frame_has_protocol_tcp_0x06_i_9
INFO: [Physopt 32-663] Processed net bdw/design_1_i/hier_0/csum_rx_rss_0/inst/CSUM_UNIT/byte_Counter/in2_reg[15]_i_5__1_n_0.  Re-placed instance bdw/design_1_i/hier_0/csum_rx_rss_0/inst/CSUM_UNIT/byte_Counter/in2_reg[15]_i_5__1_rewire
INFO: [Physopt 32-662] Processed net bdw/design_1_i/hier_0/csum_rx_rss_0/inst/CSUM_UNIT/byte_Counter/ip_header_length[5]_i_4_n_0.  Did not re-place instance bdw/design_1_i/hier_0/csum_rx_rss_0/inst/CSUM_UNIT/byte_Counter/ip_header_length[5]_i_4_rewire
INFO: [Physopt 32-662] Processed net bdw/design_1_i/hier_0/csum_rx_rss_0/inst/CSUM_UNIT/byte_Counter/s00_axis_tdata[63]_1[4].  Did not re-place instance bdw/design_1_i/hier_0/csum_rx_rss_0/inst/CSUM_UNIT/byte_Counter/in2_reg[4]_i_1__3
INFO: [Physopt 32-662] Processed net bdw/design_1_i/hier_0/csum_rx_rss_0/inst/CSUM_UNIT/tcp_csum_cal/genblk2[2].M1/in2_reg_reg_n_0_[4].  Did not re-place instance bdw/design_1_i/hier_0/csum_rx_rss_0/inst/CSUM_UNIT/tcp_csum_cal/genblk2[2].M1/in2_reg_reg[4]
INFO: [Physopt 32-662] Processed net bdw/design_1_i/hier_0/csum_rx_rss_0/inst/CSUM_UNIT/byte_Counter/s00_axis_tdata[63]_2[10].  Did not re-place instance bdw/design_1_i/hier_0/csum_rx_rss_0/inst/CSUM_UNIT/byte_Counter/in2_reg[10]_i_1__4
INFO: [Physopt 32-662] Processed net bdw/design_1_i/hier_0/csum_rx_rss_0/inst/CSUM_UNIT/raw_csum_cal/genblk2[2].M1/in2_reg_reg_n_0_[10].  Did not re-place instance bdw/design_1_i/hier_0/csum_rx_rss_0/inst/CSUM_UNIT/raw_csum_cal/genblk2[2].M1/in2_reg_reg[10]
INFO: [Physopt 32-662] Processed net bdw/design_1_i/hier_0/csum_rx_rss_0/inst/CSUM_UNIT/byte_Counter/tdest_start_i_3_n_0.  Did not re-place instance bdw/design_1_i/hier_0/csum_rx_rss_0/inst/CSUM_UNIT/byte_Counter/tdest_start_i_3
INFO: [Physopt 32-662] Processed net bdw/design_1_i/hier_0/csum_rx_rss_0/inst/CSUM_UNIT/byte_Counter/E[0].  Did not re-place instance bdw/design_1_i/hier_0/csum_rx_rss_0/inst/CSUM_UNIT/byte_Counter/udp_length[15]_i_1
INFO: [Physopt 32-662] Processed net bdw/design_1_i/hier_0/csum_rx_rss_0/inst/CSUM_UNIT/byte_Counter/tdest_start_i_4_n_0.  Did not re-place instance bdw/design_1_i/hier_0/csum_rx_rss_0/inst/CSUM_UNIT/byte_Counter/tdest_start_i_4_rewire
INFO: [Physopt 32-662] Processed net bdw/design_1_i/hier_0/csum_rx_rss_0/inst/CSUM_UNIT/status_Generator/udp_length_reg[15]_0[10].  Did not re-place instance bdw/design_1_i/hier_0/csum_rx_rss_0/inst/CSUM_UNIT/status_Generator/udp_length_reg[10]
INFO: [Physopt 32-662] Processed net bdw/design_1_i/hier_0/csum_rx_rss_0/inst/CSUM_UNIT/status_Generator/udp_length_reg[15]_0[12].  Did not re-place instance bdw/design_1_i/hier_0/csum_rx_rss_0/inst/CSUM_UNIT/status_Generator/udp_length_reg[12]
INFO: [Physopt 32-662] Processed net bdw/design_1_i/hier_0/csum_rx_rss_0/inst/CSUM_UNIT/status_Generator/udp_length_reg[15]_0[6].  Did not re-place instance bdw/design_1_i/hier_0/csum_rx_rss_0/inst/CSUM_UNIT/status_Generator/udp_length_reg[6]
INFO: [Physopt 32-662] Processed net bdw/design_1_i/hier_0/csum_rx_rss_0/inst/CSUM_UNIT/status_Generator/udp_length_reg[15]_0[8].  Did not re-place instance bdw/design_1_i/hier_0/csum_rx_rss_0/inst/CSUM_UNIT/status_Generator/udp_length_reg[8]
INFO: [Physopt 32-662] Processed net bdw/design_1_i/hier_0/csum_rx_rss_0/inst/CSUM_UNIT/status_Generator/udp_length_reg[15]_0[11].  Did not re-place instance bdw/design_1_i/hier_0/csum_rx_rss_0/inst/CSUM_UNIT/status_Generator/udp_length_reg[11]
INFO: [Physopt 32-662] Processed net bdw/design_1_i/hier_0/csum_rx_rss_0/inst/CSUM_UNIT/status_Generator/udp_length_reg[15]_0[13].  Did not re-place instance bdw/design_1_i/hier_0/csum_rx_rss_0/inst/CSUM_UNIT/status_Generator/udp_length_reg[13]
INFO: [Physopt 32-662] Processed net bdw/design_1_i/hier_0/csum_rx_rss_0/inst/CSUM_UNIT/status_Generator/udp_length_reg[15]_0[7].  Did not re-place instance bdw/design_1_i/hier_0/csum_rx_rss_0/inst/CSUM_UNIT/status_Generator/udp_length_reg[7]
INFO: [Physopt 32-662] Processed net bdw/design_1_i/hier_0/csum_rx_rss_0/inst/CSUM_UNIT/status_Generator/udp_length_reg[15]_0[9].  Did not re-place instance bdw/design_1_i/hier_0/csum_rx_rss_0/inst/CSUM_UNIT/status_Generator/udp_length_reg[9]
INFO: [Physopt 32-662] Processed net bdw/design_1_i/hier_0/csum_rx_rss_0/inst/CSUM_UNIT/byte_Counter/s00_axis_tdata[63]_2[6].  Did not re-place instance bdw/design_1_i/hier_0/csum_rx_rss_0/inst/CSUM_UNIT/byte_Counter/in2_reg[6]_i_1__4
INFO: [Physopt 32-662] Processed net bdw/design_1_i/hier_0/csum_rx_rss_0/inst/CSUM_UNIT/raw_csum_cal/genblk2[2].M1/in2_reg_reg_n_0_[6].  Did not re-place instance bdw/design_1_i/hier_0/csum_rx_rss_0/inst/CSUM_UNIT/raw_csum_cal/genblk2[2].M1/in2_reg_reg[6]
INFO: [Physopt 32-662] Processed net bdw/design_1_i/hier_0/csum_rx_rss_0/inst/CSUM_UNIT/byte_Counter/s00_axis_tdata[47][5].  Did not re-place instance bdw/design_1_i/hier_0/csum_rx_rss_0/inst/CSUM_UNIT/byte_Counter/in1_reg[5]_i_1__1
INFO: [Physopt 32-662] Processed net bdw/design_1_i/hier_0/csum_rx_rss_0/inst/CSUM_UNIT/byte_Counter/s00_axis_tdata[63]_2[5].  Did not re-place instance bdw/design_1_i/hier_0/csum_rx_rss_0/inst/CSUM_UNIT/byte_Counter/in2_reg[5]_i_1__4
INFO: [Physopt 32-662] Processed net bdw/design_1_i/hier_0/csum_rx_rss_0/inst/CSUM_UNIT/tcp_csum_cal/genblk2[2].M1/in1_reg_reg_n_0_[5].  Did not re-place instance bdw/design_1_i/hier_0/csum_rx_rss_0/inst/CSUM_UNIT/tcp_csum_cal/genblk2[2].M1/in1_reg_reg[5]
INFO: [Physopt 32-663] Processed net bdw/design_1_i/hier_0/csum_rx_rss_0/inst/CSUM_UNIT/raw_csum_cal/genblk2[2].M1/in2_reg_reg_n_0_[5].  Re-placed instance bdw/design_1_i/hier_0/csum_rx_rss_0/inst/CSUM_UNIT/raw_csum_cal/genblk2[2].M1/in2_reg_reg[5]
INFO: [Physopt 32-662] Processed net bdw/design_1_i/hier_0/csum_rx_rss_0/inst/CSUM_UNIT/byte_Counter/in2_reg[15]_i_10_n_0.  Did not re-place instance bdw/design_1_i/hier_0/csum_rx_rss_0/inst/CSUM_UNIT/byte_Counter/in2_reg[15]_i_10
INFO: [Physopt 32-662] Processed net bdw/design_1_i/hier_0/csum_rx_rss_0/inst/CSUM_UNIT/byte_Counter/s00_axis_tdata[63]_2[13].  Did not re-place instance bdw/design_1_i/hier_0/csum_rx_rss_0/inst/CSUM_UNIT/byte_Counter/in2_reg[13]_i_1__4
INFO: [Physopt 32-662] Processed net bdw/design_1_i/hier_0/csum_rx_rss_0/inst/CSUM_UNIT/raw_csum_cal/genblk2[2].M1/in2_reg_reg_n_0_[13].  Did not re-place instance bdw/design_1_i/hier_0/csum_rx_rss_0/inst/CSUM_UNIT/raw_csum_cal/genblk2[2].M1/in2_reg_reg[13]
INFO: [Physopt 32-662] Processed net bdw/design_1_i/hier_0/csum_rx_rss_0/inst/CSUM_UNIT/byte_Counter/s00_axis_tdata[47]_0[13].  Did not re-place instance bdw/design_1_i/hier_0/csum_rx_rss_0/inst/CSUM_UNIT/byte_Counter/in1_reg[13]_i_1__2
INFO: [Physopt 32-662] Processed net bdw/design_1_i/hier_0/csum_rx_rss_0/inst/CSUM_UNIT/raw_csum_cal/genblk2[2].M1/in1_reg_reg_n_0_[13].  Did not re-place instance bdw/design_1_i/hier_0/csum_rx_rss_0/inst/CSUM_UNIT/raw_csum_cal/genblk2[2].M1/in1_reg_reg[13]
INFO: [Physopt 32-662] Processed net bdw/design_1_i/hier_0/csum_rx_rss_0/inst/CSUM_UNIT/byte_Counter/s00_axis_tdata[63]_2[11].  Did not re-place instance bdw/design_1_i/hier_0/csum_rx_rss_0/inst/CSUM_UNIT/byte_Counter/in2_reg[11]_i_1__4
INFO: [Physopt 32-662] Processed net bdw/design_1_i/hier_0/csum_rx_rss_0/inst/CSUM_UNIT/byte_Counter/s00_axis_tdata[63]_2[14].  Did not re-place instance bdw/design_1_i/hier_0/csum_rx_rss_0/inst/CSUM_UNIT/byte_Counter/in2_reg[14]_i_1__4
INFO: [Physopt 32-662] Processed net bdw/design_1_i/hier_0/csum_rx_rss_0/inst/CSUM_UNIT/byte_Counter/s00_axis_tdata[63]_2[1].  Did not re-place instance bdw/design_1_i/hier_0/csum_rx_rss_0/inst/CSUM_UNIT/byte_Counter/in2_reg[1]_i_1__4
INFO: [Physopt 32-663] Processed net bdw/design_1_i/hier_0/csum_rx_rss_0/inst/CSUM_UNIT/raw_csum_cal/genblk2[2].M1/in2_reg_reg_n_0_[11].  Re-placed instance bdw/design_1_i/hier_0/csum_rx_rss_0/inst/CSUM_UNIT/raw_csum_cal/genblk2[2].M1/in2_reg_reg[11]
INFO: [Physopt 32-662] Processed net bdw/design_1_i/hier_0/csum_rx_rss_0/inst/CSUM_UNIT/raw_csum_cal/genblk2[2].M1/in2_reg_reg_n_0_[14].  Did not re-place instance bdw/design_1_i/hier_0/csum_rx_rss_0/inst/CSUM_UNIT/raw_csum_cal/genblk2[2].M1/in2_reg_reg[14]
INFO: [Physopt 32-663] Processed net bdw/design_1_i/hier_0/csum_rx_rss_0/inst/CSUM_UNIT/raw_csum_cal/genblk2[2].M1/in2_reg_reg_n_0_[1].  Re-placed instance bdw/design_1_i/hier_0/csum_rx_rss_0/inst/CSUM_UNIT/raw_csum_cal/genblk2[2].M1/in2_reg_reg[1]
INFO: [Physopt 32-662] Processed net bdw/design_1_i/hier_0/csum_rx_rss_0/inst/CSUM_UNIT/byte_Counter/s00_axis_tdata[63]_2[8].  Did not re-place instance bdw/design_1_i/hier_0/csum_rx_rss_0/inst/CSUM_UNIT/byte_Counter/in2_reg[8]_i_1__4
INFO: [Physopt 32-662] Processed net bdw/design_1_i/hier_0/csum_rx_rss_0/inst/CSUM_UNIT/raw_csum_cal/genblk2[2].M1/in2_reg_reg_n_0_[8].  Did not re-place instance bdw/design_1_i/hier_0/csum_rx_rss_0/inst/CSUM_UNIT/raw_csum_cal/genblk2[2].M1/in2_reg_reg[8]
INFO: [Physopt 32-662] Processed net bdw/design_1_i/hier_0/csum_rx_rss_0/inst/CSUM_UNIT/byte_Counter/s00_axis_tdata[15]_0[8].  Did not re-place instance bdw/design_1_i/hier_0/csum_rx_rss_0/inst/CSUM_UNIT/byte_Counter/in1_reg[8]_i_1__0
INFO: [Physopt 32-662] Processed net bdw/design_1_i/hier_0/csum_rx_rss_0/inst/CSUM_UNIT/raw_csum_cal/genblk2[1].M1/in1_reg[8].  Did not re-place instance bdw/design_1_i/hier_0/csum_rx_rss_0/inst/CSUM_UNIT/raw_csum_cal/genblk2[1].M1/in1_reg_reg[8]
INFO: [Physopt 32-662] Processed net bdw/design_1_i/hier_0/csum_rx_rss_0/inst/CSUM_UNIT/byte_Counter/s00_axis_tdata[63]_2[4].  Did not re-place instance bdw/design_1_i/hier_0/csum_rx_rss_0/inst/CSUM_UNIT/byte_Counter/in2_reg[4]_i_1__4
INFO: [Physopt 32-663] Processed net bdw/design_1_i/hier_0/csum_rx_rss_0/inst/CSUM_UNIT/raw_csum_cal/genblk2[2].M1/in2_reg_reg_n_0_[4].  Re-placed instance bdw/design_1_i/hier_0/csum_rx_rss_0/inst/CSUM_UNIT/raw_csum_cal/genblk2[2].M1/in2_reg_reg[4]
INFO: [Physopt 32-662] Processed net bdw/design_1_i/hier_0/csum_rx_rss_0/inst/CSUM_UNIT/byte_Counter/s00_axis_tdata[47]_0[0].  Did not re-place instance bdw/design_1_i/hier_0/csum_rx_rss_0/inst/CSUM_UNIT/byte_Counter/in1_reg[0]_i_1__2
INFO: [Physopt 32-662] Processed net bdw/design_1_i/hier_0/csum_rx_rss_0/inst/CSUM_UNIT/raw_csum_cal/genblk2[2].M1/in1_reg_reg_n_0_[0].  Did not re-place instance bdw/design_1_i/hier_0/csum_rx_rss_0/inst/CSUM_UNIT/raw_csum_cal/genblk2[2].M1/in1_reg_reg[0]
INFO: [Physopt 32-662] Processed net bdw/design_1_i/hier_0/csum_rx_rss_0/inst/CSUM_UNIT/byte_Counter/in2_reg[15]_i_2_n_0.  Did not re-place instance bdw/design_1_i/hier_0/csum_rx_rss_0/inst/CSUM_UNIT/byte_Counter/in2_reg[15]_i_2
INFO: [Physopt 32-662] Processed net bdw/design_1_i/hier_0/csum_rx_rss_0/inst/CSUM_UNIT/byte_Counter/s00_axis_tdata[63]_0[2].  Did not re-place instance bdw/design_1_i/hier_0/csum_rx_rss_0/inst/CSUM_UNIT/byte_Counter/in2_reg[2]_i_1__0
INFO: [Physopt 32-662] Processed net bdw/design_1_i/hier_0/csum_rx_rss_0/inst/CSUM_UNIT/ip_csum_cal/genblk2[2].M1/in2_reg_reg_n_0_[2].  Did not re-place instance bdw/design_1_i/hier_0/csum_rx_rss_0/inst/CSUM_UNIT/ip_csum_cal/genblk2[2].M1/in2_reg_reg[2]
INFO: [Physopt 32-662] Processed net bdw/design_1_i/hier_0/csum_rx_rss_0/inst/CSUM_UNIT/byte_Counter/s00_axis_tdata[47]_0[9].  Did not re-place instance bdw/design_1_i/hier_0/csum_rx_rss_0/inst/CSUM_UNIT/byte_Counter/in1_reg[9]_i_1__2
INFO: [Physopt 32-662] Processed net bdw/design_1_i/hier_0/csum_rx_rss_0/inst/CSUM_UNIT/raw_csum_cal/genblk2[2].M1/in1_reg_reg_n_0_[9].  Did not re-place instance bdw/design_1_i/hier_0/csum_rx_rss_0/inst/CSUM_UNIT/raw_csum_cal/genblk2[2].M1/in1_reg_reg[9]
INFO: [Physopt 32-662] Processed net bdw/design_1_i/hier_0/csum_rx_rss_0/inst/CSUM_UNIT/byte_Counter/s00_axis_tdata[47]_0[11].  Did not re-place instance bdw/design_1_i/hier_0/csum_rx_rss_0/inst/CSUM_UNIT/byte_Counter/in1_reg[11]_i_1__2
INFO: [Physopt 32-662] Processed net bdw/design_1_i/hier_0/csum_rx_rss_0/inst/CSUM_UNIT/raw_csum_cal/genblk2[2].M1/in1_reg_reg_n_0_[11].  Did not re-place instance bdw/design_1_i/hier_0/csum_rx_rss_0/inst/CSUM_UNIT/raw_csum_cal/genblk2[2].M1/in1_reg_reg[11]
INFO: [Physopt 32-662] Processed net bdw/design_1_i/hier_0/csum_rx_rss_0/inst/CSUM_UNIT/byte_Counter/s00_axis_tdata[15]_0[4].  Did not re-place instance bdw/design_1_i/hier_0/csum_rx_rss_0/inst/CSUM_UNIT/byte_Counter/in1_reg[4]_i_1__0
INFO: [Physopt 32-662] Processed net bdw/design_1_i/hier_0/csum_rx_rss_0/inst/CSUM_UNIT/byte_Counter/s00_axis_tdata[15]_0[5].  Did not re-place instance bdw/design_1_i/hier_0/csum_rx_rss_0/inst/CSUM_UNIT/byte_Counter/in1_reg[5]_i_1__0
INFO: [Physopt 32-662] Processed net bdw/design_1_i/hier_0/csum_rx_rss_0/inst/CSUM_UNIT/raw_csum_cal/genblk2[1].M1/in1_reg[4].  Did not re-place instance bdw/design_1_i/hier_0/csum_rx_rss_0/inst/CSUM_UNIT/raw_csum_cal/genblk2[1].M1/in1_reg_reg[4]
INFO: [Physopt 32-662] Processed net bdw/design_1_i/hier_0/csum_rx_rss_0/inst/CSUM_UNIT/raw_csum_cal/genblk2[1].M1/in1_reg[5].  Did not re-place instance bdw/design_1_i/hier_0/csum_rx_rss_0/inst/CSUM_UNIT/raw_csum_cal/genblk2[1].M1/in1_reg_reg[5]
INFO: [Physopt 32-662] Processed net bdw/design_1_i/hier_0/csum_rx_rss_0/inst/CSUM_UNIT/byte_Counter/in2_reg[15]_i_2__0_n_0.  Did not re-place instance bdw/design_1_i/hier_0/csum_rx_rss_0/inst/CSUM_UNIT/byte_Counter/in2_reg[15]_i_2__0
INFO: [Physopt 32-662] Processed net bdw/design_1_i/hier_0/csum_rx_rss_0/inst/CSUM_UNIT/byte_Counter/s00_axis_tlast_0.  Did not re-place instance bdw/design_1_i/hier_0/csum_rx_rss_0/inst/CSUM_UNIT/byte_Counter/valid_out_stg1_i_1
INFO: [Physopt 32-662] Processed net bdw/design_1_i/hier_0/csum_rx_rss_0/inst/CSUM_UNIT/byte_Counter/s00_axis_tdata[31][15].  Did not re-place instance bdw/design_1_i/hier_0/csum_rx_rss_0/inst/CSUM_UNIT/byte_Counter/in2_reg[15]_i_1__1
INFO: [Physopt 32-662] Processed net bdw/design_1_i/hier_0/csum_rx_rss_0/inst/CSUM_UNIT/tcp_csum_cal/genblk2[1].M1/in2_reg[15].  Did not re-place instance bdw/design_1_i/hier_0/csum_rx_rss_0/inst/CSUM_UNIT/tcp_csum_cal/genblk2[1].M1/in2_reg_reg[15]
INFO: [Physopt 32-663] Processed net bdw/design_1_i/hier_0/csum_rx_rss_0/inst/CSUM_UNIT/byte_Counter/s00_axis_tdata[31][10].  Re-placed instance bdw/design_1_i/hier_0/csum_rx_rss_0/inst/CSUM_UNIT/byte_Counter/in2_reg[10]_i_1__1
INFO: [Physopt 32-662] Processed net bdw/design_1_i/hier_0/csum_rx_rss_0/inst/CSUM_UNIT/tcp_csum_cal/genblk2[1].M1/in2_reg[10].  Did not re-place instance bdw/design_1_i/hier_0/csum_rx_rss_0/inst/CSUM_UNIT/tcp_csum_cal/genblk2[1].M1/in2_reg_reg[10]
INFO: [Physopt 32-662] Processed net bdw/design_1_i/hier_0/csum_rx_rss_0/inst/CSUM_UNIT/byte_Counter/s00_axis_tdata[15]_0[1].  Did not re-place instance bdw/design_1_i/hier_0/csum_rx_rss_0/inst/CSUM_UNIT/byte_Counter/in1_reg[1]_i_1__0
INFO: [Physopt 32-662] Processed net bdw/design_1_i/hier_0/csum_rx_rss_0/inst/CSUM_UNIT/raw_csum_cal/genblk2[1].M1/in1_reg[1].  Did not re-place instance bdw/design_1_i/hier_0/csum_rx_rss_0/inst/CSUM_UNIT/raw_csum_cal/genblk2[1].M1/in1_reg_reg[1]
INFO: [Physopt 32-663] Processed net bdw/design_1_i/hier_0/csum_rx_rss_0/inst/CSUM_UNIT/byte_Counter/s00_axis_tdata[31][12].  Re-placed instance bdw/design_1_i/hier_0/csum_rx_rss_0/inst/CSUM_UNIT/byte_Counter/in2_reg[12]_i_1__1
INFO: [Physopt 32-662] Processed net bdw/design_1_i/hier_0/csum_rx_rss_0/inst/CSUM_UNIT/tcp_csum_cal/genblk2[1].M1/in2_reg[12].  Did not re-place instance bdw/design_1_i/hier_0/csum_rx_rss_0/inst/CSUM_UNIT/tcp_csum_cal/genblk2[1].M1/in2_reg_reg[12]
INFO: [Physopt 32-662] Processed net bdw/design_1_i/hier_0/csum_rx_rss_0/inst/CSUM_UNIT/byte_Counter/s00_axis_tdata[47][8].  Did not re-place instance bdw/design_1_i/hier_0/csum_rx_rss_0/inst/CSUM_UNIT/byte_Counter/in1_reg[8]_i_1__1
INFO: [Physopt 32-663] Processed net bdw/design_1_i/hier_0/csum_rx_rss_0/inst/CSUM_UNIT/tcp_csum_cal/genblk2[2].M1/in1_reg_reg_n_0_[8].  Re-placed instance bdw/design_1_i/hier_0/csum_rx_rss_0/inst/CSUM_UNIT/tcp_csum_cal/genblk2[2].M1/in1_reg_reg[8]
INFO: [Physopt 32-662] Processed net bdw/design_1_i/hier_0/csum_rx_rss_0/inst/CSUM_UNIT/byte_Counter/s00_axis_tdata[31][13].  Did not re-place instance bdw/design_1_i/hier_0/csum_rx_rss_0/inst/CSUM_UNIT/byte_Counter/in2_reg[13]_i_1__1
INFO: [Physopt 32-662] Processed net bdw/design_1_i/hier_0/csum_rx_rss_0/inst/CSUM_UNIT/tcp_csum_cal/genblk2[1].M1/in2_reg[13].  Did not re-place instance bdw/design_1_i/hier_0/csum_rx_rss_0/inst/CSUM_UNIT/tcp_csum_cal/genblk2[1].M1/in2_reg_reg[13]
INFO: [Physopt 32-662] Processed net bdw/design_1_i/hier_0/csum_rx_rss_0/inst/CSUM_UNIT/byte_Counter/s00_axis_tdata[31][11].  Did not re-place instance bdw/design_1_i/hier_0/csum_rx_rss_0/inst/CSUM_UNIT/byte_Counter/in2_reg[11]_i_1__1
INFO: [Physopt 32-662] Processed net bdw/design_1_i/hier_0/csum_rx_rss_0/inst/CSUM_UNIT/tcp_csum_cal/genblk2[1].M1/in2_reg[11].  Did not re-place instance bdw/design_1_i/hier_0/csum_rx_rss_0/inst/CSUM_UNIT/tcp_csum_cal/genblk2[1].M1/in2_reg_reg[11]
INFO: [Physopt 32-662] Processed net bdw/design_1_i/hier_0/csum_rx_rss_0/inst/CSUM_UNIT/byte_Counter/s00_axis_tdata[15]_0[9].  Did not re-place instance bdw/design_1_i/hier_0/csum_rx_rss_0/inst/CSUM_UNIT/byte_Counter/in1_reg[9]_i_1__0
INFO: [Physopt 32-662] Processed net bdw/design_1_i/hier_0/csum_rx_rss_0/inst/CSUM_UNIT/raw_csum_cal/genblk2[1].M1/in1_reg[9].  Did not re-place instance bdw/design_1_i/hier_0/csum_rx_rss_0/inst/CSUM_UNIT/raw_csum_cal/genblk2[1].M1/in1_reg_reg[9]
INFO: [Physopt 32-663] Processed net bdw/design_1_i/hier_0/csum_rx_rss_0/inst/CSUM_UNIT/byte_Counter/s00_axis_tdata[31][9].  Re-placed instance bdw/design_1_i/hier_0/csum_rx_rss_0/inst/CSUM_UNIT/byte_Counter/in2_reg[9]_i_1__1
INFO: [Physopt 32-662] Processed net bdw/design_1_i/hier_0/csum_rx_rss_0/inst/CSUM_UNIT/tcp_csum_cal/genblk2[1].M1/in2_reg[9].  Did not re-place instance bdw/design_1_i/hier_0/csum_rx_rss_0/inst/CSUM_UNIT/tcp_csum_cal/genblk2[1].M1/in2_reg_reg[9]
INFO: [Physopt 32-662] Processed net bdw/design_1_i/hier_0/csum_rx_rss_0/inst/CSUM_UNIT/byte_Counter/s00_axis_tdata[63]_1[6].  Did not re-place instance bdw/design_1_i/hier_0/csum_rx_rss_0/inst/CSUM_UNIT/byte_Counter/in2_reg[6]_i_1__3
INFO: [Physopt 32-662] Processed net bdw/design_1_i/hier_0/csum_rx_rss_0/inst/CSUM_UNIT/tcp_csum_cal/genblk2[2].M1/in2_reg_reg_n_0_[6].  Did not re-place instance bdw/design_1_i/hier_0/csum_rx_rss_0/inst/CSUM_UNIT/tcp_csum_cal/genblk2[2].M1/in2_reg_reg[6]
INFO: [Physopt 32-662] Processed net bdw/design_1_i/hier_0/csum_rx_rss_0/inst/CSUM_UNIT/byte_Counter/s00_axis_tdata[31]_0[6].  Did not re-place instance bdw/design_1_i/hier_0/csum_rx_rss_0/inst/CSUM_UNIT/byte_Counter/in2_reg[6]_i_1__2
INFO: [Physopt 32-662] Processed net bdw/design_1_i/hier_0/csum_rx_rss_0/inst/CSUM_UNIT/raw_csum_cal/genblk2[1].M1/in2_reg[6].  Did not re-place instance bdw/design_1_i/hier_0/csum_rx_rss_0/inst/CSUM_UNIT/raw_csum_cal/genblk2[1].M1/in2_reg_reg[6]
INFO: [Physopt 32-662] Processed net bdw/design_1_i/hier_0/csum_rx_rss_0/inst/CSUM_UNIT/byte_Counter/s00_axis_tdata[47]_0[14].  Did not re-place instance bdw/design_1_i/hier_0/csum_rx_rss_0/inst/CSUM_UNIT/byte_Counter/in1_reg[14]_i_1__2
INFO: [Physopt 32-662] Processed net bdw/design_1_i/hier_0/csum_rx_rss_0/inst/CSUM_UNIT/raw_csum_cal/genblk2[2].M1/in1_reg_reg_n_0_[14].  Did not re-place instance bdw/design_1_i/hier_0/csum_rx_rss_0/inst/CSUM_UNIT/raw_csum_cal/genblk2[2].M1/in1_reg_reg[14]
INFO: [Physopt 32-662] Processed net bdw/design_1_i/hier_0/csum_rx_rss_0/inst/CSUM_UNIT/byte_Counter/s00_axis_tdata[31]_0[0].  Did not re-place instance bdw/design_1_i/hier_0/csum_rx_rss_0/inst/CSUM_UNIT/byte_Counter/in2_reg[0]_i_1__2
INFO: [Physopt 32-662] Processed net bdw/design_1_i/hier_0/csum_rx_rss_0/inst/CSUM_UNIT/raw_csum_cal/genblk2[1].M1/in2_reg[0].  Did not re-place instance bdw/design_1_i/hier_0/csum_rx_rss_0/inst/CSUM_UNIT/raw_csum_cal/genblk2[1].M1/in2_reg_reg[0]
INFO: [Physopt 32-662] Processed net bdw/design_1_i/hier_0/csum_rx_rss_0/inst/CSUM_UNIT/byte_Counter/s00_axis_tdata[15]_0[3].  Did not re-place instance bdw/design_1_i/hier_0/csum_rx_rss_0/inst/CSUM_UNIT/byte_Counter/in1_reg[3]_i_1__0
INFO: [Physopt 32-662] Processed net bdw/design_1_i/hier_0/csum_rx_rss_0/inst/CSUM_UNIT/raw_csum_cal/genblk2[1].M1/in1_reg[3].  Did not re-place instance bdw/design_1_i/hier_0/csum_rx_rss_0/inst/CSUM_UNIT/raw_csum_cal/genblk2[1].M1/in1_reg_reg[3]
INFO: [Physopt 32-662] Processed net bdw/design_1_i/hier_0/csum_rx_rss_0/inst/CSUM_UNIT/byte_Counter/s00_axis_tdata[63]_1[5].  Did not re-place instance bdw/design_1_i/hier_0/csum_rx_rss_0/inst/CSUM_UNIT/byte_Counter/in2_reg[5]_i_1__3
INFO: [Physopt 32-662] Processed net bdw/design_1_i/hier_0/csum_rx_rss_0/inst/CSUM_UNIT/tcp_csum_cal/genblk2[2].M1/in2_reg_reg_n_0_[5].  Did not re-place instance bdw/design_1_i/hier_0/csum_rx_rss_0/inst/CSUM_UNIT/tcp_csum_cal/genblk2[2].M1/in2_reg_reg[5]
INFO: [Physopt 32-662] Processed net bdw/design_1_i/hier_0/csum_rx_rss_0/inst/CSUM_UNIT/byte_Counter/s00_axis_tdata[31]_0[3].  Did not re-place instance bdw/design_1_i/hier_0/csum_rx_rss_0/inst/CSUM_UNIT/byte_Counter/in2_reg[3]_i_1__2
INFO: [Physopt 32-662] Processed net bdw/design_1_i/hier_0/csum_rx_rss_0/inst/CSUM_UNIT/raw_csum_cal/genblk2[1].M1/in2_reg[3].  Did not re-place instance bdw/design_1_i/hier_0/csum_rx_rss_0/inst/CSUM_UNIT/raw_csum_cal/genblk2[1].M1/in2_reg_reg[3]
INFO: [Physopt 32-662] Processed net bdw/design_1_i/hier_0/csum_rx_rss_0/inst/CSUM_UNIT/byte_Counter/s00_axis_tdata[47]_0[5].  Did not re-place instance bdw/design_1_i/hier_0/csum_rx_rss_0/inst/CSUM_UNIT/byte_Counter/in1_reg[5]_i_1__2
INFO: [Physopt 32-662] Processed net bdw/design_1_i/hier_0/csum_rx_rss_0/inst/CSUM_UNIT/raw_csum_cal/genblk2[2].M1/in1_reg_reg_n_0_[5].  Did not re-place instance bdw/design_1_i/hier_0/csum_rx_rss_0/inst/CSUM_UNIT/raw_csum_cal/genblk2[2].M1/in1_reg_reg[5]
INFO: [Physopt 32-662] Processed net bdw/design_1_i/hier_0/csum_rx_rss_0/inst/CSUM_UNIT/byte_Counter/s00_axis_tdata[63]_0[3].  Did not re-place instance bdw/design_1_i/hier_0/csum_rx_rss_0/inst/CSUM_UNIT/byte_Counter/in2_reg[3]_i_1__0
INFO: [Physopt 32-662] Processed net bdw/design_1_i/hier_0/csum_rx_rss_0/inst/CSUM_UNIT/ip_csum_cal/genblk2[2].M1/in2_reg_reg_n_0_[3].  Did not re-place instance bdw/design_1_i/hier_0/csum_rx_rss_0/inst/CSUM_UNIT/ip_csum_cal/genblk2[2].M1/in2_reg_reg[3]
INFO: [Physopt 32-662] Processed net bdw/design_1_i/hier_0/csum_rx_rss_0/inst/CSUM_UNIT/byte_Counter/s00_axis_tdata[31]_0[2].  Did not re-place instance bdw/design_1_i/hier_0/csum_rx_rss_0/inst/CSUM_UNIT/byte_Counter/in2_reg[2]_i_1__2
INFO: [Physopt 32-662] Processed net bdw/design_1_i/hier_0/csum_rx_rss_0/inst/CSUM_UNIT/raw_csum_cal/genblk2[1].M1/in2_reg[2].  Did not re-place instance bdw/design_1_i/hier_0/csum_rx_rss_0/inst/CSUM_UNIT/raw_csum_cal/genblk2[1].M1/in2_reg_reg[2]
INFO: [Physopt 32-662] Processed net bdw/design_1_i/hier_0/csum_rx_rss_0/inst/CSUM_UNIT/byte_Counter/s00_axis_tdata[63]_2[3].  Did not re-place instance bdw/design_1_i/hier_0/csum_rx_rss_0/inst/CSUM_UNIT/byte_Counter/in2_reg[3]_i_1__4
INFO: [Physopt 32-662] Processed net bdw/design_1_i/hier_0/csum_rx_rss_0/inst/CSUM_UNIT/raw_csum_cal/genblk2[2].M1/in2_reg_reg_n_0_[3].  Did not re-place instance bdw/design_1_i/hier_0/csum_rx_rss_0/inst/CSUM_UNIT/raw_csum_cal/genblk2[2].M1/in2_reg_reg[3]
INFO: [Physopt 32-662] Processed net bdw/design_1_i/hier_0/csum_rx_rss_0/inst/CSUM_UNIT/status_Generator/udp_length_reg[15]_0[0].  Did not re-place instance bdw/design_1_i/hier_0/csum_rx_rss_0/inst/CSUM_UNIT/status_Generator/udp_length_reg[0]
INFO: [Physopt 32-662] Processed net bdw/design_1_i/hier_0/csum_rx_rss_0/inst/CSUM_UNIT/status_Generator/udp_length_reg[15]_0[14].  Did not re-place instance bdw/design_1_i/hier_0/csum_rx_rss_0/inst/CSUM_UNIT/status_Generator/udp_length_reg[14]
INFO: [Physopt 32-662] Processed net bdw/design_1_i/hier_0/csum_rx_rss_0/inst/CSUM_UNIT/status_Generator/udp_length_reg[15]_0[2].  Did not re-place instance bdw/design_1_i/hier_0/csum_rx_rss_0/inst/CSUM_UNIT/status_Generator/udp_length_reg[2]
INFO: [Physopt 32-662] Processed net bdw/design_1_i/hier_0/csum_rx_rss_0/inst/CSUM_UNIT/status_Generator/udp_length_reg[15]_0[4].  Did not re-place instance bdw/design_1_i/hier_0/csum_rx_rss_0/inst/CSUM_UNIT/status_Generator/udp_length_reg[4]
INFO: [Physopt 32-662] Processed net bdw/design_1_i/hier_0/csum_rx_rss_0/inst/CSUM_UNIT/status_Generator/udp_length_reg[15]_0[15].  Did not re-place instance bdw/design_1_i/hier_0/csum_rx_rss_0/inst/CSUM_UNIT/status_Generator/udp_length_reg[15]
INFO: [Physopt 32-662] Processed net bdw/design_1_i/hier_0/csum_rx_rss_0/inst/CSUM_UNIT/status_Generator/udp_length_reg[15]_0[1].  Did not re-place instance bdw/design_1_i/hier_0/csum_rx_rss_0/inst/CSUM_UNIT/status_Generator/udp_length_reg[1]
INFO: [Physopt 32-662] Processed net bdw/design_1_i/hier_0/csum_rx_rss_0/inst/CSUM_UNIT/status_Generator/udp_length_reg[15]_0[3].  Did not re-place instance bdw/design_1_i/hier_0/csum_rx_rss_0/inst/CSUM_UNIT/status_Generator/udp_length_reg[3]
INFO: [Physopt 32-662] Processed net bdw/design_1_i/hier_0/csum_rx_rss_0/inst/CSUM_UNIT/status_Generator/udp_length_reg[15]_0[5].  Did not re-place instance bdw/design_1_i/hier_0/csum_rx_rss_0/inst/CSUM_UNIT/status_Generator/udp_length_reg[5]
INFO: [Physopt 32-662] Processed net bdw/design_1_i/hier_0/csum_rx_rss_0/inst/CSUM_UNIT/byte_Counter/s00_axis_tdata[63]_0[10].  Did not re-place instance bdw/design_1_i/hier_0/csum_rx_rss_0/inst/CSUM_UNIT/byte_Counter/in2_reg[10]_i_1__0
INFO: [Physopt 32-662] Processed net bdw/design_1_i/hier_0/csum_rx_rss_0/inst/CSUM_UNIT/ip_csum_cal/genblk2[2].M1/in2_reg_reg_n_0_[10].  Did not re-place instance bdw/design_1_i/hier_0/csum_rx_rss_0/inst/CSUM_UNIT/ip_csum_cal/genblk2[2].M1/in2_reg_reg[10]
INFO: [Physopt 32-662] Processed net bdw/design_1_i/hier_0/csum_rx_rss_0/inst/CSUM_UNIT/byte_Counter/s00_axis_tdata[63]_0[14].  Did not re-place instance bdw/design_1_i/hier_0/csum_rx_rss_0/inst/CSUM_UNIT/byte_Counter/in2_reg[14]_i_1__0
INFO: [Physopt 32-662] Processed net bdw/design_1_i/hier_0/csum_rx_rss_0/inst/CSUM_UNIT/ip_csum_cal/genblk2[2].M1/in2_reg_reg_n_0_[14].  Did not re-place instance bdw/design_1_i/hier_0/csum_rx_rss_0/inst/CSUM_UNIT/ip_csum_cal/genblk2[2].M1/in2_reg_reg[14]
INFO: [Physopt 32-662] Processed net bdw/design_1_i/hier_0/csum_rx_rss_0/inst/CSUM_UNIT/byte_Counter/s00_axis_tdata[47]_0[3].  Did not re-place instance bdw/design_1_i/hier_0/csum_rx_rss_0/inst/CSUM_UNIT/byte_Counter/in1_reg[3]_i_1__2
INFO: [Physopt 32-662] Processed net bdw/design_1_i/hier_0/csum_rx_rss_0/inst/CSUM_UNIT/raw_csum_cal/genblk2[2].M1/in1_reg_reg_n_0_[3].  Did not re-place instance bdw/design_1_i/hier_0/csum_rx_rss_0/inst/CSUM_UNIT/raw_csum_cal/genblk2[2].M1/in1_reg_reg[3]
INFO: [Physopt 32-662] Processed net bdw/design_1_i/hier_0/csum_rx_rss_0/inst/CSUM_UNIT/byte_Counter/s00_axis_tdata[63]_1[13].  Did not re-place instance bdw/design_1_i/hier_0/csum_rx_rss_0/inst/CSUM_UNIT/byte_Counter/in2_reg[13]_i_1__3
INFO: [Physopt 32-662] Processed net bdw/design_1_i/hier_0/csum_rx_rss_0/inst/CSUM_UNIT/tcp_csum_cal/genblk2[2].M1/in2_reg_reg_n_0_[13].  Did not re-place instance bdw/design_1_i/hier_0/csum_rx_rss_0/inst/CSUM_UNIT/tcp_csum_cal/genblk2[2].M1/in2_reg_reg[13]
INFO: [Physopt 32-662] Processed net bdw/design_1_i/hier_0/csum_rx_rss_0/inst/CSUM_UNIT/byte_Counter/s00_axis_tdata[63]_0[0].  Did not re-place instance bdw/design_1_i/hier_0/csum_rx_rss_0/inst/CSUM_UNIT/byte_Counter/in2_reg[0]_i_1__0
INFO: [Physopt 32-662] Processed net bdw/design_1_i/hier_0/csum_rx_rss_0/inst/CSUM_UNIT/ip_csum_cal/genblk2[2].M1/in2_reg_reg_n_0_[0].  Did not re-place instance bdw/design_1_i/hier_0/csum_rx_rss_0/inst/CSUM_UNIT/ip_csum_cal/genblk2[2].M1/in2_reg_reg[0]
INFO: [Physopt 32-662] Processed net bdw/design_1_i/hier_0/csum_rx_rss_0/inst/CSUM_UNIT/byte_Counter/s00_axis_tdata[15]_0[10].  Did not re-place instance bdw/design_1_i/hier_0/csum_rx_rss_0/inst/CSUM_UNIT/byte_Counter/in1_reg[10]_i_1__0
INFO: [Physopt 32-662] Processed net bdw/design_1_i/hier_0/csum_rx_rss_0/inst/CSUM_UNIT/raw_csum_cal/genblk2[1].M1/in1_reg[10].  Did not re-place instance bdw/design_1_i/hier_0/csum_rx_rss_0/inst/CSUM_UNIT/raw_csum_cal/genblk2[1].M1/in1_reg_reg[10]
INFO: [Physopt 32-662] Processed net bdw/design_1_i/hier_0/csum_rx_rss_0/inst/CSUM_UNIT/byte_Counter/s00_axis_tdata[31]_0[7].  Did not re-place instance bdw/design_1_i/hier_0/csum_rx_rss_0/inst/CSUM_UNIT/byte_Counter/in2_reg[7]_i_1__2
INFO: [Physopt 32-662] Processed net bdw/design_1_i/hier_0/csum_rx_rss_0/inst/CSUM_UNIT/byte_Counter/s00_axis_tdata[63]_0[4].  Did not re-place instance bdw/design_1_i/hier_0/csum_rx_rss_0/inst/CSUM_UNIT/byte_Counter/in2_reg[4]_i_1__0
INFO: [Physopt 32-662] Processed net bdw/design_1_i/hier_0/csum_rx_rss_0/inst/CSUM_UNIT/ip_csum_cal/genblk2[2].M1/in2_reg_reg_n_0_[4].  Did not re-place instance bdw/design_1_i/hier_0/csum_rx_rss_0/inst/CSUM_UNIT/ip_csum_cal/genblk2[2].M1/in2_reg_reg[4]
INFO: [Physopt 32-662] Processed net bdw/design_1_i/hier_0/csum_rx_rss_0/inst/CSUM_UNIT/raw_csum_cal/genblk2[1].M1/in2_reg[7].  Did not re-place instance bdw/design_1_i/hier_0/csum_rx_rss_0/inst/CSUM_UNIT/raw_csum_cal/genblk2[1].M1/in2_reg_reg[7]
INFO: [Physopt 32-662] Processed net bdw/design_1_i/hier_0/csum_rx_rss_0/inst/CSUM_UNIT/byte_Counter/s00_axis_tdata[47]_0[7].  Did not re-place instance bdw/design_1_i/hier_0/csum_rx_rss_0/inst/CSUM_UNIT/byte_Counter/in1_reg[7]_i_1__2
INFO: [Physopt 32-662] Processed net bdw/design_1_i/hier_0/csum_rx_rss_0/inst/CSUM_UNIT/raw_csum_cal/genblk2[2].M1/in1_reg_reg_n_0_[7].  Did not re-place instance bdw/design_1_i/hier_0/csum_rx_rss_0/inst/CSUM_UNIT/raw_csum_cal/genblk2[2].M1/in1_reg_reg[7]
INFO: [Physopt 32-662] Processed net bdw/design_1_i/hier_0/tx_csum_0/inst/cum_calc/byte_Counter/csum_begin_app_7_sn_1.  Did not re-place instance bdw/design_1_i/hier_0/tx_csum_0/inst/cum_calc/byte_Counter/checksum[15]_i_12
INFO: [Physopt 32-662] Processed net bdw/design_1_i/hier_0/tx_csum_0/inst/data_fifo_i/lastBeat.  Did not re-place instance bdw/design_1_i/hier_0/tx_csum_0/inst/data_fifo_i/lastBeat_reg_i_1
INFO: [Physopt 32-662] Processed net bdw/design_1_i/hier_0/tx_csum_0/inst/data_fifo_i/axis_data_fifo_0/inst/gen_fifo.xpm_fifo_axis_inst/xpm_fifo_base_inst/full_n_repN.  Did not re-place instance bdw/design_1_i/hier_0/tx_csum_0/inst/data_fifo_i/axis_data_fifo_0/inst/gen_fifo.xpm_fifo_axis_inst/xpm_fifo_base_inst/gen_pf_ic_rc.gen_full_rst_val.ram_full_n_reg_replica
INFO: [Physopt 32-662] Processed net bdw/design_1_i/hier_0/tx_csum_0/inst/data_fifo_i/gen_pf_ic_rc.gen_full_rst_val.ram_full_n_reg.  Did not re-place instance bdw/design_1_i/hier_0/tx_csum_0/inst/data_fifo_i/byte_cntr[15]_i_1
INFO: [Physopt 32-662] Processed net bdw/design_1_i/hier_0/tx_csum_0/inst/cum_calc/byte_Counter/checksum[15]_i_15_n_0.  Did not re-place instance bdw/design_1_i/hier_0/tx_csum_0/inst/cum_calc/byte_Counter/checksum[15]_i_15
INFO: [Physopt 32-662] Processed net bdw/design_1_i/hier_0/tx_csum_0/inst/cum_calc/byte_Counter/checksum[15]_i_22_n_0.  Did not re-place instance bdw/design_1_i/hier_0/tx_csum_0/inst/cum_calc/byte_Counter/checksum[15]_i_22
INFO: [Physopt 32-662] Processed net bdw/design_1_i/hier_0/tx_csum_0/inst/cum_calc/raw_csum_cal/M3/checksum[7]_i_3_n_0.  Did not re-place instance bdw/design_1_i/hier_0/tx_csum_0/inst/cum_calc/raw_csum_cal/M3/checksum[7]_i_3
INFO: [Physopt 32-662] Processed net bdw/design_1_i/hier_0/tx_csum_0/inst/cum_calc/raw_csum_cal/M3/checksum[7]_i_8_n_0.  Did not re-place instance bdw/design_1_i/hier_0/tx_csum_0/inst/cum_calc/raw_csum_cal/M3/checksum[7]_i_8
INFO: [Physopt 32-662] Processed net bdw/design_1_i/hier_0/tx_csum_0/inst/data_fifo_i/S[0].  Did not re-place instance bdw/design_1_i/hier_0/tx_csum_0/inst/data_fifo_i/byte_cntr_with_delta_byte0_carry_i_6
INFO: [Physopt 32-662] Processed net bdw/design_1_i/hier_0/tx_csum_0/inst/cum_calc/raw_csum_cal/M3/checksum_reg_n_0_[15].  Did not re-place instance bdw/design_1_i/hier_0/tx_csum_0/inst/cum_calc/raw_csum_cal/M3/checksum_reg[15]
INFO: [Physopt 32-662] Processed net bdw/design_1_i/hier_0/tx_csum_0/inst/cum_calc/raw_csum_cal/M3/checksum_reg_n_0_[16].  Did not re-place instance bdw/design_1_i/hier_0/tx_csum_0/inst/cum_calc/raw_csum_cal/M3/checksum_reg[16]
INFO: [Physopt 32-662] Processed net bdw/design_1_i/hier_0/csum_rx_rss_0/inst/CSUM_UNIT/byte_Counter/frame_has_protocol_tcp_0x06_i_4_n_0.  Did not re-place instance bdw/design_1_i/hier_0/csum_rx_rss_0/inst/CSUM_UNIT/byte_Counter/frame_has_protocol_tcp_0x06_i_4_rewire
INFO: [Physopt 32-663] Processed net bdw/design_1_i/hier_0/csum_rx_rss_0/inst/CSUM_UNIT/byte_Counter/FSM_sequential_state_reg[2].  Re-placed instance bdw/design_1_i/hier_0/csum_rx_rss_0/inst/CSUM_UNIT/byte_Counter/frame_dest_port_thread1_i_1
INFO: [Physopt 32-662] Processed net bdw/design_1_i/hier_0/csum_rx_rss_0/inst/CSUM_UNIT/status_Generator/frame_dest_port_thread1.  Did not re-place instance bdw/design_1_i/hier_0/csum_rx_rss_0/inst/CSUM_UNIT/status_Generator/frame_dest_port_thread1_reg
INFO: [Physopt 32-662] Processed net bdw/design_1_i/hier_0/csum_rx_rss_0/inst/CSUM_UNIT/status_Generator/frame_dest_port_thread2.  Did not re-place instance bdw/design_1_i/hier_0/csum_rx_rss_0/inst/CSUM_UNIT/status_Generator/frame_dest_port_thread2_reg
INFO: [Physopt 32-662] Processed net bdw/design_1_i/hier_0/csum_rx_rss_0/inst/CSUM_UNIT/status_Generator/frame_dest_port_thread3.  Did not re-place instance bdw/design_1_i/hier_0/csum_rx_rss_0/inst/CSUM_UNIT/status_Generator/frame_dest_port_thread3_reg
INFO: [Physopt 32-662] Processed net bdw/design_1_i/hier_0/csum_rx_rss_0/inst/CSUM_UNIT/status_Generator/frame_dest_port_thread4.  Did not re-place instance bdw/design_1_i/hier_0/csum_rx_rss_0/inst/CSUM_UNIT/status_Generator/frame_dest_port_thread4_reg
INFO: [Physopt 32-662] Processed net bdw/design_1_i/hier_0/csum_rx_rss_0/inst/CSUM_UNIT/byte_Counter/s00_axis_tdata[31][14].  Did not re-place instance bdw/design_1_i/hier_0/csum_rx_rss_0/inst/CSUM_UNIT/byte_Counter/in2_reg[14]_i_1__1
INFO: [Physopt 32-662] Processed net bdw/design_1_i/hier_0/csum_rx_rss_0/inst/CSUM_UNIT/byte_Counter/s00_axis_tdata[63]_0[8].  Did not re-place instance bdw/design_1_i/hier_0/csum_rx_rss_0/inst/CSUM_UNIT/byte_Counter/in2_reg[8]_i_1__0
INFO: [Physopt 32-662] Processed net bdw/design_1_i/hier_0/csum_rx_rss_0/inst/CSUM_UNIT/ip_csum_cal/genblk2[2].M1/in2_reg_reg_n_0_[8].  Did not re-place instance bdw/design_1_i/hier_0/csum_rx_rss_0/inst/CSUM_UNIT/ip_csum_cal/genblk2[2].M1/in2_reg_reg[8]
INFO: [Physopt 32-662] Processed net bdw/design_1_i/hier_0/csum_rx_rss_0/inst/CSUM_UNIT/tcp_csum_cal/genblk2[1].M1/in2_reg[14].  Did not re-place instance bdw/design_1_i/hier_0/csum_rx_rss_0/inst/CSUM_UNIT/tcp_csum_cal/genblk2[1].M1/in2_reg_reg[14]
INFO: [Physopt 32-662] Processed net bdw/design_1_i/hier_0/csum_rx_rss_0/inst/CSUM_UNIT/byte_Counter/s00_axis_tdata[15]_0[12].  Did not re-place instance bdw/design_1_i/hier_0/csum_rx_rss_0/inst/CSUM_UNIT/byte_Counter/in1_reg[12]_i_1__0
INFO: [Physopt 32-662] Processed net bdw/design_1_i/hier_0/tx_csum_0/inst/cum_calc/raw_csum_cal/M3/checksum[7]_i_6_n_0.  Did not re-place instance bdw/design_1_i/hier_0/tx_csum_0/inst/cum_calc/raw_csum_cal/M3/checksum[7]_i_6
INFO: [Physopt 32-662] Processed net bdw/design_1_i/hier_0/csum_rx_rss_0/inst/CSUM_UNIT/raw_csum_cal/genblk2[1].M1/in1_reg[12].  Did not re-place instance bdw/design_1_i/hier_0/csum_rx_rss_0/inst/CSUM_UNIT/raw_csum_cal/genblk2[1].M1/in1_reg_reg[12]
INFO: [Physopt 32-662] Processed net bdw/design_1_i/hier_0/csum_rx_rss_0/inst/CSUM_UNIT/byte_Counter/in1_reg[15]_i_2__0_n_0.  Did not re-place instance bdw/design_1_i/hier_0/csum_rx_rss_0/inst/CSUM_UNIT/byte_Counter/in1_reg[15]_i_2__0
INFO: [Physopt 32-662] Processed net bdw/design_1_i/hier_0/csum_rx_rss_0/inst/CSUM_UNIT/byte_Counter/s00_axis_tdata[47]_1[0].  Did not re-place instance bdw/design_1_i/hier_0/csum_rx_rss_0/inst/CSUM_UNIT/byte_Counter/in1_reg[0]_i_1__4
INFO: [Physopt 32-662] Processed net bdw/design_1_i/hier_0/tx_csum_0/inst/cum_calc/raw_csum_cal/M3/checksum[7]_i_9_n_0.  Did not re-place instance bdw/design_1_i/hier_0/tx_csum_0/inst/cum_calc/raw_csum_cal/M3/checksum[7]_i_9
INFO: [Physopt 32-662] Processed net bdw/design_1_i/hier_0/csum_rx_rss_0/inst/CSUM_UNIT/ip_csum_cal/genblk2[2].M1/in1_reg_reg_n_0_[0].  Did not re-place instance bdw/design_1_i/hier_0/csum_rx_rss_0/inst/CSUM_UNIT/ip_csum_cal/genblk2[2].M1/in1_reg_reg[0]
INFO: [Physopt 32-662] Processed net bdw/design_1_i/hier_0/csum_rx_rss_0/inst/CSUM_UNIT/byte_Counter/s00_axis_tdata[47]_1[13].  Did not re-place instance bdw/design_1_i/hier_0/csum_rx_rss_0/inst/CSUM_UNIT/byte_Counter/in1_reg[13]_i_1__4
INFO: [Physopt 32-662] Processed net bdw/design_1_i/hier_0/csum_rx_rss_0/inst/CSUM_UNIT/ip_csum_cal/genblk2[2].M1/in1_reg_reg_n_0_[13].  Did not re-place instance bdw/design_1_i/hier_0/csum_rx_rss_0/inst/CSUM_UNIT/ip_csum_cal/genblk2[2].M1/in1_reg_reg[13]
INFO: [Physopt 32-662] Processed net bdw/design_1_i/hier_0/csum_rx_rss_0/inst/CSUM_UNIT/byte_Counter/s00_axis_tdata[63]_0[6].  Did not re-place instance bdw/design_1_i/hier_0/csum_rx_rss_0/inst/CSUM_UNIT/byte_Counter/in2_reg[6]_i_1__0
INFO: [Physopt 32-662] Processed net bdw/design_1_i/hier_0/csum_rx_rss_0/inst/CSUM_UNIT/ip_csum_cal/genblk2[2].M1/in2_reg_reg_n_0_[6].  Did not re-place instance bdw/design_1_i/hier_0/csum_rx_rss_0/inst/CSUM_UNIT/ip_csum_cal/genblk2[2].M1/in2_reg_reg[6]
INFO: [Physopt 32-662] Processed net bdw/design_1_i/hier_0/csum_rx_rss_0/inst/CSUM_UNIT/byte_Counter/in2_reg[15]_i_11_n_0.  Did not re-place instance bdw/design_1_i/hier_0/csum_rx_rss_0/inst/CSUM_UNIT/byte_Counter/in2_reg[15]_i_11
INFO: [Physopt 32-662] Processed net bdw/design_1_i/hier_0/tx_csum_0/inst/cum_calc/raw_csum_cal/M3/checksum[7]_i_7_n_0.  Did not re-place instance bdw/design_1_i/hier_0/tx_csum_0/inst/cum_calc/raw_csum_cal/M3/checksum[7]_i_7
INFO: [Physopt 32-663] Processed net bdw/design_1_i/hier_0/csum_rx_rss_0/inst/CSUM_UNIT/byte_Counter/s00_axis_tdata[31][8].  Re-placed instance bdw/design_1_i/hier_0/csum_rx_rss_0/inst/CSUM_UNIT/byte_Counter/in2_reg[8]_i_1__1
INFO: [Physopt 32-662] Processed net bdw/design_1_i/hier_0/csum_rx_rss_0/inst/CSUM_UNIT/byte_Counter/s00_axis_tdata[47]_1[10].  Did not re-place instance bdw/design_1_i/hier_0/csum_rx_rss_0/inst/CSUM_UNIT/byte_Counter/in1_reg[10]_i_1__4
INFO: [Physopt 32-662] Processed net bdw/design_1_i/hier_0/tx_csum_0/inst/cum_calc/raw_csum_cal/M3/checksum[7]_i_11_n_0.  Did not re-place instance bdw/design_1_i/hier_0/tx_csum_0/inst/cum_calc/raw_csum_cal/M3/checksum[7]_i_11
INFO: [Physopt 32-662] Processed net bdw/design_1_i/hier_0/tx_csum_0/inst/cum_calc/raw_csum_cal/M3/checksum_reg_n_0_[13].  Did not re-place instance bdw/design_1_i/hier_0/tx_csum_0/inst/cum_calc/raw_csum_cal/M3/checksum_reg[13]
INFO: [Physopt 32-662] Processed net bdw/design_1_i/hier_0/csum_rx_rss_0/inst/CSUM_UNIT/ip_csum_cal/genblk2[2].M1/in1_reg_reg_n_0_[10].  Did not re-place instance bdw/design_1_i/hier_0/csum_rx_rss_0/inst/CSUM_UNIT/ip_csum_cal/genblk2[2].M1/in1_reg_reg[10]
INFO: [Physopt 32-662] Processed net bdw/design_1_i/hier_0/csum_rx_rss_0/inst/CSUM_UNIT/tcp_csum_cal/genblk2[1].M1/in2_reg[8].  Did not re-place instance bdw/design_1_i/hier_0/csum_rx_rss_0/inst/CSUM_UNIT/tcp_csum_cal/genblk2[1].M1/in2_reg_reg[8]
INFO: [Physopt 32-662] Processed net bdw/design_1_i/hier_0/csum_rx_rss_0/inst/CSUM_UNIT/byte_Counter/csumEn_stg1_i_5_n_0.  Did not re-place instance bdw/design_1_i/hier_0/csum_rx_rss_0/inst/CSUM_UNIT/byte_Counter/csumEn_stg1_i_5
INFO: [Physopt 32-662] Processed net bdw/design_1_i/hier_0/csum_rx_rss_0/inst/CSUM_UNIT/byte_Counter/s00_axis_tdata[47]_1[11].  Did not re-place instance bdw/design_1_i/hier_0/csum_rx_rss_0/inst/CSUM_UNIT/byte_Counter/in1_reg[11]_i_1__4
INFO: [Physopt 32-662] Processed net bdw/design_1_i/hier_0/csum_rx_rss_0/inst/CSUM_UNIT/ip_csum_cal/genblk2[2].M1/in1_reg_reg_n_0_[11].  Did not re-place instance bdw/design_1_i/hier_0/csum_rx_rss_0/inst/CSUM_UNIT/ip_csum_cal/genblk2[2].M1/in1_reg_reg[11]
INFO: [Physopt 32-662] Processed net bdw/design_1_i/hier_0/csum_rx_rss_0/inst/CSUM_UNIT/byte_Counter/s00_axis_tdata[15]_0[6].  Did not re-place instance bdw/design_1_i/hier_0/csum_rx_rss_0/inst/CSUM_UNIT/byte_Counter/in1_reg[6]_i_1__0
INFO: [Physopt 32-662] Processed net bdw/design_1_i/hier_0/tx_csum_0/inst/cum_calc/raw_csum_cal/M3/checksum_reg_n_0_[14].  Did not re-place instance bdw/design_1_i/hier_0/tx_csum_0/inst/cum_calc/raw_csum_cal/M3/checksum_reg[14]
INFO: [Physopt 32-662] Processed net bdw/design_1_i/hier_0/csum_rx_rss_0/inst/CSUM_UNIT/raw_csum_cal/genblk2[1].M1/in1_reg[6].  Did not re-place instance bdw/design_1_i/hier_0/csum_rx_rss_0/inst/CSUM_UNIT/raw_csum_cal/genblk2[1].M1/in1_reg_reg[6]
INFO: [Physopt 32-662] Processed net bdw/design_1_i/hier_0/csum_rx_rss_0/inst/CSUM_UNIT/byte_Counter/s00_axis_tdata[47]_0[4].  Did not re-place instance bdw/design_1_i/hier_0/csum_rx_rss_0/inst/CSUM_UNIT/byte_Counter/in1_reg[4]_i_1__2
INFO: [Physopt 32-662] Processed net bdw/design_1_i/hier_0/csum_rx_rss_0/inst/CSUM_UNIT/raw_csum_cal/genblk2[2].M1/in1_reg_reg_n_0_[4].  Did not re-place instance bdw/design_1_i/hier_0/csum_rx_rss_0/inst/CSUM_UNIT/raw_csum_cal/genblk2[2].M1/in1_reg_reg[4]
INFO: [Physopt 32-662] Processed net bdw/design_1_i/hier_0/csum_rx_rss_0/inst/CSUM_UNIT/byte_Counter/s00_axis_tdata[47]_0[15].  Did not re-place instance bdw/design_1_i/hier_0/csum_rx_rss_0/inst/CSUM_UNIT/byte_Counter/in1_reg[15]_i_1__2
INFO: [Physopt 32-662] Processed net bdw/design_1_i/hier_0/csum_rx_rss_0/inst/CSUM_UNIT/raw_csum_cal/genblk2[2].M1/in1_reg_reg_n_0_[15].  Did not re-place instance bdw/design_1_i/hier_0/csum_rx_rss_0/inst/CSUM_UNIT/raw_csum_cal/genblk2[2].M1/in1_reg_reg[15]
INFO: [Physopt 32-663] Processed net bdw/design_1_i/hier_0/csum_rx_rss_0/inst/CSUM_UNIT/byte_Counter/frame_has_protocol_tcp_0x06_i_10_n_0.  Re-placed instance bdw/design_1_i/hier_0/csum_rx_rss_0/inst/CSUM_UNIT/byte_Counter/frame_has_protocol_tcp_0x06_i_10
INFO: [Physopt 32-663] Processed net bdw/design_1_i/hier_0/csum_rx_rss_0/inst/CSUM_UNIT/byte_Counter/frame_has_protocol_udp_0x11_i_2_n_0.  Re-placed instance bdw/design_1_i/hier_0/csum_rx_rss_0/inst/CSUM_UNIT/byte_Counter/frame_has_protocol_udp_0x11_i_2
INFO: [Physopt 32-662] Processed net bdw/design_1_i/hier_0/csum_rx_rss_0/inst/CSUM_UNIT/byte_Counter/s00_axis_tdata_62_sn_1.  Did not re-place instance bdw/design_1_i/hier_0/csum_rx_rss_0/inst/CSUM_UNIT/byte_Counter/frame_has_protocol_udp_0x11_i_1
INFO: [Physopt 32-662] Processed net bdw/design_1_i/hier_0/csum_rx_rss_0/inst/CSUM_UNIT/status_Generator/frame_has_protocol_udp_0x11_reg_0.  Did not re-place instance bdw/design_1_i/hier_0/csum_rx_rss_0/inst/CSUM_UNIT/status_Generator/frame_has_protocol_udp_0x11_reg
INFO: [Physopt 32-662] Processed net bdw/design_1_i/hier_0/tx_csum_0/inst/cum_calc/raw_csum_cal/M3/checksum[7]_i_10_n_0.  Did not re-place instance bdw/design_1_i/hier_0/tx_csum_0/inst/cum_calc/raw_csum_cal/M3/checksum[7]_i_10
INFO: [Physopt 32-662] Processed net bdw/design_1_i/hier_0/csum_rx_rss_0/inst/CSUM_UNIT/byte_Counter/s00_axis_tdata[63]_0[1].  Did not re-place instance bdw/design_1_i/hier_0/csum_rx_rss_0/inst/CSUM_UNIT/byte_Counter/in2_reg[1]_i_1__0
INFO: [Physopt 32-662] Processed net bdw/design_1_i/hier_0/csum_rx_rss_0/inst/CSUM_UNIT/byte_Counter/s00_axis_tdata[63]_0[9].  Did not re-place instance bdw/design_1_i/hier_0/csum_rx_rss_0/inst/CSUM_UNIT/byte_Counter/in2_reg[9]_i_1__0
INFO: [Physopt 32-662] Processed net bdw/design_1_i/hier_0/csum_rx_rss_0/inst/CSUM_UNIT/ip_csum_cal/genblk2[2].M1/in2_reg_reg_n_0_[1].  Did not re-place instance bdw/design_1_i/hier_0/csum_rx_rss_0/inst/CSUM_UNIT/ip_csum_cal/genblk2[2].M1/in2_reg_reg[1]
INFO: [Physopt 32-662] Processed net bdw/design_1_i/hier_0/csum_rx_rss_0/inst/CSUM_UNIT/ip_csum_cal/genblk2[2].M1/in2_reg_reg_n_0_[9].  Did not re-place instance bdw/design_1_i/hier_0/csum_rx_rss_0/inst/CSUM_UNIT/ip_csum_cal/genblk2[2].M1/in2_reg_reg[9]
INFO: [Physopt 32-662] Processed net bdw/design_1_i/hier_0/csum_rx_rss_0/inst/CSUM_UNIT/byte_Counter/in1_reg[15]_i_2_n_0.  Did not re-place instance bdw/design_1_i/hier_0/csum_rx_rss_0/inst/CSUM_UNIT/byte_Counter/in1_reg[15]_i_2
INFO: [Physopt 32-662] Processed net bdw/design_1_i/hier_0/csum_rx_rss_0/inst/CSUM_UNIT/byte_Counter/s00_axis_tdata[15][9].  Did not re-place instance bdw/design_1_i/hier_0/csum_rx_rss_0/inst/CSUM_UNIT/byte_Counter/in1_reg[9]_i_1
INFO: [Physopt 32-662] Processed net bdw/design_1_i/hier_0/csum_rx_rss_0/inst/CSUM_UNIT/tcp_csum_cal/genblk2[1].M1/in1_reg[9].  Did not re-place instance bdw/design_1_i/hier_0/csum_rx_rss_0/inst/CSUM_UNIT/tcp_csum_cal/genblk2[1].M1/in1_reg_reg[9]
INFO: [Physopt 32-662] Processed net bdw/design_1_i/hier_0/csum_rx_rss_0/inst/CSUM_UNIT/byte_Counter/s00_axis_tdata[15][13].  Did not re-place instance bdw/design_1_i/hier_0/csum_rx_rss_0/inst/CSUM_UNIT/byte_Counter/in1_reg[13]_i_1
INFO: [Physopt 32-662] Processed net bdw/design_1_i/hier_0/csum_rx_rss_0/inst/CSUM_UNIT/byte_Counter/s00_axis_tdata[15][14].  Did not re-place instance bdw/design_1_i/hier_0/csum_rx_rss_0/inst/CSUM_UNIT/byte_Counter/in1_reg[14]_i_1
INFO: [Physopt 32-662] Processed net bdw/design_1_i/hier_0/csum_rx_rss_0/inst/CSUM_UNIT/tcp_csum_cal/genblk2[1].M1/in1_reg[13].  Did not re-place instance bdw/design_1_i/hier_0/csum_rx_rss_0/inst/CSUM_UNIT/tcp_csum_cal/genblk2[1].M1/in1_reg_reg[13]
INFO: [Physopt 32-662] Processed net bdw/design_1_i/hier_0/csum_rx_rss_0/inst/CSUM_UNIT/tcp_csum_cal/genblk2[1].M1/in1_reg[14].  Did not re-place instance bdw/design_1_i/hier_0/csum_rx_rss_0/inst/CSUM_UNIT/tcp_csum_cal/genblk2[1].M1/in1_reg_reg[14]
INFO: [Physopt 32-662] Processed net bdw/design_1_i/hier_0/csum_rx_rss_0/inst/CSUM_UNIT/byte_Counter/in2_reg[15]_i_8_n_0.  Did not re-place instance bdw/design_1_i/hier_0/csum_rx_rss_0/inst/CSUM_UNIT/byte_Counter/in2_reg[15]_i_8
INFO: [Physopt 32-662] Processed net bdw/design_1_i/hier_0/csum_rx_rss_0/inst/CSUM_UNIT/byte_Counter/s00_axis_tdata[15]_0[14].  Did not re-place instance bdw/design_1_i/hier_0/csum_rx_rss_0/inst/CSUM_UNIT/byte_Counter/in1_reg[14]_i_1__0
INFO: [Physopt 32-662] Processed net bdw/design_1_i/hier_0/csum_rx_rss_0/inst/CSUM_UNIT/raw_csum_cal/genblk2[1].M1/in1_reg[14].  Did not re-place instance bdw/design_1_i/hier_0/csum_rx_rss_0/inst/CSUM_UNIT/raw_csum_cal/genblk2[1].M1/in1_reg_reg[14]
INFO: [Physopt 32-662] Processed net bdw/design_1_i/hier_0/csum_rx_rss_0/inst/CSUM_UNIT/byte_Counter/s00_axis_tdata[63]_0[11].  Did not re-place instance bdw/design_1_i/hier_0/csum_rx_rss_0/inst/CSUM_UNIT/byte_Counter/in2_reg[11]_i_1__0
INFO: [Physopt 32-662] Processed net bdw/design_1_i/hier_0/csum_rx_rss_0/inst/CSUM_UNIT/byte_Counter/s00_axis_tdata[63]_0[15].  Did not re-place instance bdw/design_1_i/hier_0/csum_rx_rss_0/inst/CSUM_UNIT/byte_Counter/in2_reg[15]_i_1__0
INFO: [Physopt 32-662] Processed net bdw/design_1_i/hier_0/csum_rx_rss_0/inst/CSUM_UNIT/ip_csum_cal/genblk2[2].M1/in2_reg_reg_n_0_[11].  Did not re-place instance bdw/design_1_i/hier_0/csum_rx_rss_0/inst/CSUM_UNIT/ip_csum_cal/genblk2[2].M1/in2_reg_reg[11]
INFO: [Physopt 32-662] Processed net bdw/design_1_i/hier_0/csum_rx_rss_0/inst/CSUM_UNIT/ip_csum_cal/genblk2[2].M1/in2_reg_reg_n_0_[15].  Did not re-place instance bdw/design_1_i/hier_0/csum_rx_rss_0/inst/CSUM_UNIT/ip_csum_cal/genblk2[2].M1/in2_reg_reg[15]
INFO: [Physopt 32-662] Processed net bdw/design_1_i/hier_0/csum_rx_rss_0/inst/CSUM_UNIT/byte_Counter/s00_axis_tdata[15]_0[13].  Did not re-place instance bdw/design_1_i/hier_0/csum_rx_rss_0/inst/CSUM_UNIT/byte_Counter/in1_reg[13]_i_1__0
INFO: [Physopt 32-662] Processed net bdw/design_1_i/hier_0/csum_rx_rss_0/inst/CSUM_UNIT/byte_Counter/s00_axis_tdata[63]_0[5].  Did not re-place instance bdw/design_1_i/hier_0/csum_rx_rss_0/inst/CSUM_UNIT/byte_Counter/in2_reg[5]_i_1__0
INFO: [Physopt 32-662] Processed net bdw/design_1_i/hier_0/csum_rx_rss_0/inst/CSUM_UNIT/raw_csum_cal/genblk2[1].M1/in1_reg[13].  Did not re-place instance bdw/design_1_i/hier_0/csum_rx_rss_0/inst/CSUM_UNIT/raw_csum_cal/genblk2[1].M1/in1_reg_reg[13]
INFO: [Physopt 32-662] Processed net bdw/design_1_i/hier_0/csum_rx_rss_0/inst/CSUM_UNIT/ip_csum_cal/genblk2[2].M1/in2_reg_reg_n_0_[5].  Did not re-place instance bdw/design_1_i/hier_0/csum_rx_rss_0/inst/CSUM_UNIT/ip_csum_cal/genblk2[2].M1/in2_reg_reg[5]
INFO: [Physopt 32-662] Processed net bdw/design_1_i/hier_0/csum_rx_rss_0/inst/CSUM_UNIT/byte_Counter/in2_reg[15]_i_2__1_n_0.  Did not re-place instance bdw/design_1_i/hier_0/csum_rx_rss_0/inst/CSUM_UNIT/byte_Counter/in2_reg[15]_i_2__1
INFO: [Physopt 32-662] Processed net bdw/design_1_i/hier_0/csum_rx_rss_0/inst/CSUM_UNIT/byte_Counter/s00_axis_tdata[31]_0[8].  Did not re-place instance bdw/design_1_i/hier_0/csum_rx_rss_0/inst/CSUM_UNIT/byte_Counter/in2_reg[8]_i_1__2
INFO: [Physopt 32-662] Processed net bdw/design_1_i/hier_0/csum_rx_rss_0/inst/CSUM_UNIT/raw_csum_cal/genblk2[1].M1/in2_reg[8].  Did not re-place instance bdw/design_1_i/hier_0/csum_rx_rss_0/inst/CSUM_UNIT/raw_csum_cal/genblk2[1].M1/in2_reg_reg[8]
INFO: [Physopt 32-662] Processed net bdw/design_1_i/hier_0/tx_csum_0/inst/FSM_hamming2_data_state_reg_n_0_[0].  Did not re-place instance bdw/design_1_i/hier_0/tx_csum_0/inst/FSM_hamming2_data_state_reg[0]
INFO: [Physopt 32-662] Processed net bdw/design_1_i/hier_0/tx_csum_0/inst/FSM_hamming2_data_state_reg_n_0_[1]_repN.  Did not re-place instance bdw/design_1_i/hier_0/tx_csum_0/inst/FSM_hamming2_data_state_reg[1]_replica
INFO: [Physopt 32-662] Processed net bdw/design_1_i/hier_0/csum_rx_rss_0/inst/CSUM_UNIT/byte_Counter/s00_axis_tdata[31]_0[5].  Did not re-place instance bdw/design_1_i/hier_0/csum_rx_rss_0/inst/CSUM_UNIT/byte_Counter/in2_reg[5]_i_1__2
INFO: [Physopt 32-661] Optimized 20 nets.  Re-placed 20 instances.
INFO: [Physopt 32-775] End 1 Pass. Optimized 20 nets or cells. Created 0 new cell, deleted 0 existing cell and moved 20 existing cells
INFO: [Physopt 32-619] Estimated Timing Summary | WNS=-0.630 | TNS=-123.578 |
Netlist sorting complete. Time (s): cpu = 00:00:00.02 ; elapsed = 00:00:00.02 . Memory (MB): peak = 6843.258 ; gain = 0.000 ; free physical = 1672 ; free virtual = 10242
Phase 9 Single Cell Placement Optimization | Checksum: 1d0c670b1

Time (s): cpu = 00:03:54 ; elapsed = 00:01:16 . Memory (MB): peak = 6843.258 ; gain = 0.000 ; free physical = 1668 ; free virtual = 10237

Phase 10 Multi Cell Placement Optimization
INFO: [Physopt 32-660] Identified 100 candidate nets for placement-based optimization.
INFO: [Physopt 32-662] Processed net bdw/design_1_i/hier_0/csum_rx_rss_0/inst/CSUM_UNIT/byte_Counter/in2_reg[7]_i_2_n_0.  Did not re-place instance bdw/design_1_i/hier_0/csum_rx_rss_0/inst/CSUM_UNIT/byte_Counter/in2_reg[7]_i_2/O
INFO: [Physopt 32-662] Processed net bdw/design_1_i/hier_0/csum_rx_rss_0/inst/CSUM_UNIT/byte_Counter/in2_reg[15]_i_6_n_0.  Did not re-place instance bdw/design_1_i/hier_0/csum_rx_rss_0/inst/CSUM_UNIT/byte_Counter/in2_reg[15]_i_6/O
INFO: [Physopt 32-662] Processed net bdw/design_1_i/hier_0/csum_rx_rss_0/inst/CSUM_UNIT/byte_Counter/byte_cntr_with_delta_byte0_carry_i_10_n_0.  Did not re-place instance bdw/design_1_i/hier_0/csum_rx_rss_0/inst/CSUM_UNIT/byte_Counter/byte_cntr_with_delta_byte0_carry_i_10/O
INFO: [Physopt 32-662] Processed net bdw/design_1_i/hier_0/csum_rx_rss_0/inst/CSUM_UNIT/byte_Counter/in2_reg[15]_i_9_n_0.  Did not re-place instance bdw/design_1_i/hier_0/csum_rx_rss_0/inst/CSUM_UNIT/byte_Counter/in2_reg[15]_i_9/O
INFO: [Physopt 32-662] Processed net bdw/design_1_i/hier_0/csum_rx_rss_0/inst/CSUM_UNIT/byte_Counter/s00_axis_tdata[31][6].  Did not re-place instance bdw/design_1_i/hier_0/csum_rx_rss_0/inst/CSUM_UNIT/byte_Counter/in2_reg[6]_i_1__1/O
INFO: [Physopt 32-662] Processed net bdw/design_1_i/hier_0/csum_rx_rss_0/inst/CSUM_UNIT/byte_Counter/s00_axis_tdata[31][2].  Did not re-place instance bdw/design_1_i/hier_0/csum_rx_rss_0/inst/CSUM_UNIT/byte_Counter/in2_reg[2]_i_1__1/O
INFO: [Physopt 32-662] Processed net bdw/design_1_i/hier_0/csum_rx_rss_0/inst/CSUM_UNIT/byte_Counter/s00_axis_tdata[31][3].  Did not re-place instance bdw/design_1_i/hier_0/csum_rx_rss_0/inst/CSUM_UNIT/byte_Counter/in2_reg[3]_i_1__1/O
INFO: [Physopt 32-662] Processed net bdw/design_1_i/hier_0/csum_rx_rss_0/inst/CSUM_UNIT/byte_Counter/s00_axis_tdata[31][0].  Did not re-place instance bdw/design_1_i/hier_0/csum_rx_rss_0/inst/CSUM_UNIT/byte_Counter/in2_reg[0]_i_1__1/O
INFO: [Physopt 32-662] Processed net bdw/design_1_i/hier_0/csum_rx_rss_0/inst/CSUM_UNIT/byte_Counter/s00_axis_tdata[31][7].  Did not re-place instance bdw/design_1_i/hier_0/csum_rx_rss_0/inst/CSUM_UNIT/byte_Counter/in2_reg[7]_i_1__1/O
INFO: [Physopt 32-662] Processed net bdw/design_1_i/hier_0/csum_rx_rss_0/inst/CSUM_UNIT/byte_Counter/s00_axis_tdata[47]_0[12].  Did not re-place instance bdw/design_1_i/hier_0/csum_rx_rss_0/inst/CSUM_UNIT/byte_Counter/in1_reg[12]_i_1__2/O
INFO: [Physopt 32-662] Processed net bdw/design_1_i/hier_0/csum_rx_rss_0/inst/CSUM_UNIT/byte_Counter/csumEn_stg1_i_3__0_n_0.  Did not re-place instance bdw/design_1_i/hier_0/csum_rx_rss_0/inst/CSUM_UNIT/byte_Counter/csumEn_stg1_i_3__0/O
INFO: [Physopt 32-662] Processed net bdw/design_1_i/hier_0/csum_rx_rss_0/inst/CSUM_UNIT/byte_Counter/csumEn_stg1_i_7_n_0.  Did not re-place instance bdw/design_1_i/hier_0/csum_rx_rss_0/inst/CSUM_UNIT/byte_Counter/csumEn_stg1_i_7/O
INFO: [Physopt 32-662] Processed net bdw/design_1_i/hier_0/csum_rx_rss_0/inst/CSUM_UNIT/byte_Counter/csumEn_stg1_i_6_n_0.  Did not re-place instance bdw/design_1_i/hier_0/csum_rx_rss_0/inst/CSUM_UNIT/byte_Counter/csumEn_stg1_i_6/O
INFO: [Physopt 32-662] Processed net bdw/design_1_i/hier_0/csum_rx_rss_0/inst/CSUM_UNIT/byte_Counter/s00_axis_tdata[47][4].  Did not re-place instance bdw/design_1_i/hier_0/csum_rx_rss_0/inst/CSUM_UNIT/byte_Counter/in1_reg[4]_i_1__1/O
INFO: [Physopt 32-662] Processed net bdw/design_1_i/hier_0/csum_rx_rss_0/inst/CSUM_UNIT/byte_Counter/s00_axis_tdata[31][1].  Did not re-place instance bdw/design_1_i/hier_0/csum_rx_rss_0/inst/CSUM_UNIT/byte_Counter/in2_reg[1]_i_1__1/O
INFO: [Physopt 32-662] Processed net bdw/design_1_i/hier_0/csum_rx_rss_0/inst/CSUM_UNIT/byte_Counter/s00_axis_tdata[47]_0[8].  Did not re-place instance bdw/design_1_i/hier_0/csum_rx_rss_0/inst/CSUM_UNIT/byte_Counter/in1_reg[8]_i_1__2/O
INFO: [Physopt 32-662] Processed net bdw/design_1_i/hier_0/csum_rx_rss_0/inst/CSUM_UNIT/byte_Counter/in2_reg[15]_i_12_n_0.  Did not re-place instance bdw/design_1_i/hier_0/csum_rx_rss_0/inst/CSUM_UNIT/byte_Counter/in2_reg[15]_i_12/O
INFO: [Physopt 32-662] Processed net bdw/design_1_i/hier_0/csum_rx_rss_0/inst/CSUM_UNIT/byte_Counter/s00_axis_tdata[47]_0[10].  Did not re-place instance bdw/design_1_i/hier_0/csum_rx_rss_0/inst/CSUM_UNIT/byte_Counter/in1_reg[10]_i_1__2/O
INFO: [Physopt 32-662] Processed net bdw/design_1_i/hier_0/csum_rx_rss_0/inst/CSUM_UNIT/byte_Counter/s00_axis_tdata[15]_0[2].  Did not re-place instance bdw/design_1_i/hier_0/csum_rx_rss_0/inst/CSUM_UNIT/byte_Counter/in1_reg[2]_i_1__0/O
INFO: [Physopt 32-662] Processed net bdw/design_1_i/hier_0/csum_rx_rss_0/inst/CSUM_UNIT/byte_Counter/s00_axis_tdata[31][5].  Did not re-place instance bdw/design_1_i/hier_0/csum_rx_rss_0/inst/CSUM_UNIT/byte_Counter/in2_reg[5]_i_1__1/O
INFO: [Physopt 32-662] Processed net bdw/design_1_i/hier_0/csum_rx_rss_0/inst/CSUM_UNIT/byte_Counter/s00_axis_tdata[31][4].  Did not re-place instance bdw/design_1_i/hier_0/csum_rx_rss_0/inst/CSUM_UNIT/byte_Counter/in2_reg[4]_i_1__1/O
INFO: [Physopt 32-662] Processed net bdw/design_1_i/hier_0/csum_rx_rss_0/inst/CSUM_UNIT/byte_Counter/frame_has_protocol_tcp_0x06_i_9_n_0.  Did not re-place instance bdw/design_1_i/hier_0/csum_rx_rss_0/inst/CSUM_UNIT/byte_Counter/frame_has_protocol_tcp_0x06_i_9/O
INFO: [Physopt 32-662] Processed net bdw/design_1_i/hier_0/csum_rx_rss_0/inst/CSUM_UNIT/byte_Counter/ip_header_length[5]_i_4_n_0.  Did not re-place instance bdw/design_1_i/hier_0/csum_rx_rss_0/inst/CSUM_UNIT/byte_Counter/ip_header_length[5]_i_4_rewire/O
INFO: [Physopt 32-663] Processed net bdw/design_1_i/hier_0/csum_rx_rss_0/inst/CSUM_UNIT/byte_Counter/s00_axis_tdata[63]_1[14].  Re-placed instance bdw/design_1_i/hier_0/csum_rx_rss_0/inst/CSUM_UNIT/byte_Counter/in2_reg[14]_i_1__3/O
INFO: [Physopt 32-662] Processed net bdw/design_1_i/hier_0/csum_rx_rss_0/inst/CSUM_UNIT/byte_Counter/s00_axis_tdata[63]_2[10].  Did not re-place instance bdw/design_1_i/hier_0/csum_rx_rss_0/inst/CSUM_UNIT/byte_Counter/in2_reg[10]_i_1__4/O
INFO: [Physopt 32-662] Processed net bdw/design_1_i/hier_0/csum_rx_rss_0/inst/CSUM_UNIT/byte_Counter/tdest_start_i_4_n_0.  Did not re-place instance bdw/design_1_i/hier_0/csum_rx_rss_0/inst/CSUM_UNIT/byte_Counter/tdest_start_i_4_rewire/O
INFO: [Physopt 32-662] Processed net bdw/design_1_i/hier_0/csum_rx_rss_0/inst/CSUM_UNIT/status_Generator/udp_length_reg[15]_0[10].  Did not re-place instance bdw/design_1_i/hier_0/csum_rx_rss_0/inst/CSUM_UNIT/status_Generator/udp_length_reg[10]/Q
INFO: [Physopt 32-662] Processed net bdw/design_1_i/hier_0/csum_rx_rss_0/inst/CSUM_UNIT/status_Generator/udp_length_reg[15]_0[12].  Did not re-place instance bdw/design_1_i/hier_0/csum_rx_rss_0/inst/CSUM_UNIT/status_Generator/udp_length_reg[12]/Q
INFO: [Physopt 32-662] Processed net bdw/design_1_i/hier_0/csum_rx_rss_0/inst/CSUM_UNIT/status_Generator/udp_length_reg[15]_0[6].  Did not re-place instance bdw/design_1_i/hier_0/csum_rx_rss_0/inst/CSUM_UNIT/status_Generator/udp_length_reg[6]/Q
INFO: [Physopt 32-662] Processed net bdw/design_1_i/hier_0/csum_rx_rss_0/inst/CSUM_UNIT/status_Generator/udp_length_reg[15]_0[8].  Did not re-place instance bdw/design_1_i/hier_0/csum_rx_rss_0/inst/CSUM_UNIT/status_Generator/udp_length_reg[8]/Q
INFO: [Physopt 32-662] Processed net bdw/design_1_i/hier_0/csum_rx_rss_0/inst/CSUM_UNIT/status_Generator/udp_length_reg[15]_0[11].  Did not re-place instance bdw/design_1_i/hier_0/csum_rx_rss_0/inst/CSUM_UNIT/status_Generator/udp_length_reg[11]/Q
INFO: [Physopt 32-662] Processed net bdw/design_1_i/hier_0/csum_rx_rss_0/inst/CSUM_UNIT/status_Generator/udp_length_reg[15]_0[13].  Did not re-place instance bdw/design_1_i/hier_0/csum_rx_rss_0/inst/CSUM_UNIT/status_Generator/udp_length_reg[13]/Q
INFO: [Physopt 32-662] Processed net bdw/design_1_i/hier_0/csum_rx_rss_0/inst/CSUM_UNIT/status_Generator/udp_length_reg[15]_0[7].  Did not re-place instance bdw/design_1_i/hier_0/csum_rx_rss_0/inst/CSUM_UNIT/status_Generator/udp_length_reg[7]/Q
INFO: [Physopt 32-662] Processed net bdw/design_1_i/hier_0/csum_rx_rss_0/inst/CSUM_UNIT/status_Generator/udp_length_reg[15]_0[9].  Did not re-place instance bdw/design_1_i/hier_0/csum_rx_rss_0/inst/CSUM_UNIT/status_Generator/udp_length_reg[9]/Q
INFO: [Physopt 32-663] Processed net bdw/design_1_i/hier_0/csum_rx_rss_0/inst/CSUM_UNIT/byte_Counter/s00_axis_tdata[63]_1[0].  Re-placed instance bdw/design_1_i/hier_0/csum_rx_rss_0/inst/CSUM_UNIT/byte_Counter/in2_reg[0]_i_1__3/O
INFO: [Physopt 32-662] Processed net bdw/design_1_i/hier_0/csum_rx_rss_0/inst/CSUM_UNIT/byte_Counter/s00_axis_tdata[63]_2[6].  Did not re-place instance bdw/design_1_i/hier_0/csum_rx_rss_0/inst/CSUM_UNIT/byte_Counter/in2_reg[6]_i_1__4/O
INFO: [Physopt 32-662] Processed net bdw/design_1_i/hier_0/csum_rx_rss_0/inst/CSUM_UNIT/byte_Counter/s00_axis_tdata[63]_1[4].  Did not re-place instance bdw/design_1_i/hier_0/csum_rx_rss_0/inst/CSUM_UNIT/byte_Counter/in2_reg[4]_i_1__3/O
INFO: [Physopt 32-662] Processed net bdw/design_1_i/hier_0/csum_rx_rss_0/inst/CSUM_UNIT/byte_Counter/s00_axis_tdata[63]_2[5].  Did not re-place instance bdw/design_1_i/hier_0/csum_rx_rss_0/inst/CSUM_UNIT/byte_Counter/in2_reg[5]_i_1__4/O
INFO: [Physopt 32-662] Processed net bdw/design_1_i/hier_0/csum_rx_rss_0/inst/CSUM_UNIT/byte_Counter/s00_axis_tdata[63]_2[13].  Did not re-place instance bdw/design_1_i/hier_0/csum_rx_rss_0/inst/CSUM_UNIT/byte_Counter/in2_reg[13]_i_1__4/O
INFO: [Physopt 32-662] Processed net bdw/design_1_i/hier_0/csum_rx_rss_0/inst/CSUM_UNIT/byte_Counter/s00_axis_tdata[47]_0[13].  Did not re-place instance bdw/design_1_i/hier_0/csum_rx_rss_0/inst/CSUM_UNIT/byte_Counter/in1_reg[13]_i_1__2/O
INFO: [Physopt 32-662] Processed net bdw/design_1_i/hier_0/csum_rx_rss_0/inst/CSUM_UNIT/byte_Counter/s00_axis_tdata[63]_2[14].  Did not re-place instance bdw/design_1_i/hier_0/csum_rx_rss_0/inst/CSUM_UNIT/byte_Counter/in2_reg[14]_i_1__4/O
INFO: [Physopt 32-662] Processed net bdw/design_1_i/hier_0/csum_rx_rss_0/inst/CSUM_UNIT/byte_Counter/s00_axis_tdata[63]_2[8].  Did not re-place instance bdw/design_1_i/hier_0/csum_rx_rss_0/inst/CSUM_UNIT/byte_Counter/in2_reg[8]_i_1__4/O
INFO: [Physopt 32-662] Processed net bdw/design_1_i/hier_0/csum_rx_rss_0/inst/CSUM_UNIT/byte_Counter/s00_axis_tdata[63]_2[11].  Did not re-place instance bdw/design_1_i/hier_0/csum_rx_rss_0/inst/CSUM_UNIT/byte_Counter/in2_reg[11]_i_1__4/O
INFO: [Physopt 32-662] Processed net bdw/design_1_i/hier_0/csum_rx_rss_0/inst/CSUM_UNIT/byte_Counter/s00_axis_tdata[15]_0[8].  Did not re-place instance bdw/design_1_i/hier_0/csum_rx_rss_0/inst/CSUM_UNIT/byte_Counter/in1_reg[8]_i_1__0/O
INFO: [Physopt 32-662] Processed net bdw/design_1_i/hier_0/csum_rx_rss_0/inst/CSUM_UNIT/byte_Counter/s00_axis_tdata[47][5].  Did not re-place instance bdw/design_1_i/hier_0/csum_rx_rss_0/inst/CSUM_UNIT/byte_Counter/in1_reg[5]_i_1__1/O
INFO: [Physopt 32-662] Processed net bdw/design_1_i/hier_0/csum_rx_rss_0/inst/CSUM_UNIT/byte_Counter/s00_axis_tdata[63]_2[1].  Did not re-place instance bdw/design_1_i/hier_0/csum_rx_rss_0/inst/CSUM_UNIT/byte_Counter/in2_reg[1]_i_1__4/O
INFO: [Physopt 32-662] Processed net bdw/design_1_i/hier_0/csum_rx_rss_0/inst/CSUM_UNIT/byte_Counter/s00_axis_tdata[47]_0[0].  Did not re-place instance bdw/design_1_i/hier_0/csum_rx_rss_0/inst/CSUM_UNIT/byte_Counter/in1_reg[0]_i_1__2/O
INFO: [Physopt 32-662] Processed net bdw/design_1_i/hier_0/csum_rx_rss_0/inst/CSUM_UNIT/byte_Counter/in2_reg[15]_i_10_n_0.  Did not re-place instance bdw/design_1_i/hier_0/csum_rx_rss_0/inst/CSUM_UNIT/byte_Counter/in2_reg[15]_i_10/O
INFO: [Physopt 32-662] Processed net bdw/design_1_i/hier_0/csum_rx_rss_0/inst/CSUM_UNIT/byte_Counter/s00_axis_tdata[63]_2[4].  Did not re-place instance bdw/design_1_i/hier_0/csum_rx_rss_0/inst/CSUM_UNIT/byte_Counter/in2_reg[4]_i_1__4/O
INFO: [Physopt 32-662] Processed net bdw/design_1_i/hier_0/csum_rx_rss_0/inst/CSUM_UNIT/byte_Counter/s00_axis_tdata[47]_0[9].  Did not re-place instance bdw/design_1_i/hier_0/csum_rx_rss_0/inst/CSUM_UNIT/byte_Counter/in1_reg[9]_i_1__2/O
INFO: [Physopt 32-662] Processed net bdw/design_1_i/hier_0/csum_rx_rss_0/inst/CSUM_UNIT/byte_Counter/s00_axis_tdata[47]_0[11].  Did not re-place instance bdw/design_1_i/hier_0/csum_rx_rss_0/inst/CSUM_UNIT/byte_Counter/in1_reg[11]_i_1__2/O
INFO: [Physopt 32-662] Processed net bdw/design_1_i/hier_0/csum_rx_rss_0/inst/CSUM_UNIT/byte_Counter/s00_axis_tdata[15]_0[4].  Did not re-place instance bdw/design_1_i/hier_0/csum_rx_rss_0/inst/CSUM_UNIT/byte_Counter/in1_reg[4]_i_1__0/O
INFO: [Physopt 32-662] Processed net bdw/design_1_i/hier_0/csum_rx_rss_0/inst/CSUM_UNIT/byte_Counter/s00_axis_tdata[15]_0[5].  Did not re-place instance bdw/design_1_i/hier_0/csum_rx_rss_0/inst/CSUM_UNIT/byte_Counter/in1_reg[5]_i_1__0/O
INFO: [Physopt 32-662] Processed net bdw/design_1_i/hier_0/csum_rx_rss_0/inst/CSUM_UNIT/byte_Counter/s00_axis_tdata[63]_0[2].  Did not re-place instance bdw/design_1_i/hier_0/csum_rx_rss_0/inst/CSUM_UNIT/byte_Counter/in2_reg[2]_i_1__0/O
INFO: [Physopt 32-662] Processed net bdw/design_1_i/hier_0/csum_rx_rss_0/inst/CSUM_UNIT/byte_Counter/s00_axis_tdata[15]_0[1].  Did not re-place instance bdw/design_1_i/hier_0/csum_rx_rss_0/inst/CSUM_UNIT/byte_Counter/in1_reg[1]_i_1__0/O
INFO: [Physopt 32-661] Optimized 2 nets.  Re-placed 4 instances.
INFO: [Physopt 32-775] End 1 Pass. Optimized 2 nets or cells. Created 0 new cell, deleted 0 existing cell and moved 4 existing cells
INFO: [Physopt 32-619] Estimated Timing Summary | WNS=-0.630 | TNS=-123.400 |
Netlist sorting complete. Time (s): cpu = 00:00:00.02 ; elapsed = 00:00:00.02 . Memory (MB): peak = 6843.258 ; gain = 0.000 ; free physical = 1716 ; free virtual = 10285
Phase 10 Multi Cell Placement Optimization | Checksum: 1e514d0fd

Time (s): cpu = 00:04:40 ; elapsed = 00:01:28 . Memory (MB): peak = 6843.258 ; gain = 0.000 ; free physical = 1716 ; free virtual = 10285

Phase 11 Rewire
INFO: [Physopt 32-246] Starting Signal Push optimization...
INFO: [Physopt 32-77] Pass 1. Identified 4 candidate nets for rewire optimization.
INFO: [Physopt 32-134] Processed net bdw/design_1_i/hier_0/csum_rx_rss_0/inst/CSUM_UNIT/byte_Counter/csumEn_stg1_i_7_n_0. Rewiring did not optimize the net.
INFO: [Physopt 32-242] Processed net bdw/design_1_i/hier_0/tx_csum_0/inst/data_fifo_i/gen_pf_ic_rc.gen_full_rst_val.ram_full_n_reg. Rewired (signal push) bdw/design_1_i/hier_0/tx_csum_0/inst/data_fifo_i/full_n_repN_alias to 3 loads. Replicated 1 times.
INFO: [Physopt 32-134] Processed net bdw/design_1_i/hier_0/csum_rx_rss_0/inst/CSUM_UNIT/byte_Counter/frame_has_protocol_tcp_0x06_i_4_n_0. Rewiring did not optimize the net.
INFO: [Physopt 32-134] Processed net bdw/design_1_i/hier_0/csum_rx_rss_0/inst/CSUM_UNIT/byte_Counter/csumEn_stg1_i_2__1_n_0. Rewiring did not optimize the net.
INFO: [Physopt 32-232] Optimized 1 net. Created 1 new instance.
INFO: [Physopt 32-775] End 1 Pass. Optimized 1 net or cell. Created 1 new cell, deleted 0 existing cell and moved 0 existing cell
Netlist sorting complete. Time (s): cpu = 00:00:00.04 ; elapsed = 00:00:00.04 . Memory (MB): peak = 6843.258 ; gain = 0.000 ; free physical = 1713 ; free virtual = 10282
INFO: [Physopt 32-619] Estimated Timing Summary | WNS=-0.630 | TNS=-121.617 |
Netlist sorting complete. Time (s): cpu = 00:00:00.02 ; elapsed = 00:00:00.02 . Memory (MB): peak = 6843.258 ; gain = 0.000 ; free physical = 1713 ; free virtual = 10282
Phase 11 Rewire | Checksum: 115238600

Time (s): cpu = 00:04:44 ; elapsed = 00:01:30 . Memory (MB): peak = 6843.258 ; gain = 0.000 ; free physical = 1713 ; free virtual = 10282

Phase 12 Critical Cell Optimization
INFO: [Physopt 32-46] Identified 28 candidate nets for critical-cell optimization.
INFO: [Physopt 32-572] Net bdw/design_1_i/hier_0/csum_rx_rss_0/inst/CSUM_UNIT/byte_Counter/in1_reg[7]_i_3_n_0 was not replicated.
Resolution: phys_opt_design can be forced to replicate a net driver using the option -force_replication_on_nets <list of net objects>.
INFO: [Physopt 32-572] Net bdw/design_1_i/hier_0/csum_rx_rss_0/inst/CSUM_UNIT/byte_Counter/in2_reg[7]_i_2_n_0 was not replicated.
Resolution: phys_opt_design can be forced to replicate a net driver using the option -force_replication_on_nets <list of net objects>.
INFO: [Physopt 32-572] Net bdw/design_1_i/hier_0/csum_rx_rss_0/inst/CSUM_UNIT/byte_Counter/in2_reg[15]_i_6_n_0 was not replicated.
Resolution: phys_opt_design can be forced to replicate a net driver using the option -force_replication_on_nets <list of net objects>.
INFO: [Physopt 32-572] Net bdw/design_1_i/hier_0/csum_rx_rss_0/inst/CSUM_UNIT/byte_Counter/csumEn_stg1_i_3__0_n_0 was not replicated.
Resolution: phys_opt_design can be forced to replicate a net driver using the option -force_replication_on_nets <list of net objects>.
INFO: [Physopt 32-81] Processed net bdw/design_1_i/hier_0/csum_rx_rss_0/inst/CSUM_UNIT/byte_Counter/frame_has_protocol_tcp_0x06_i_9_n_0. Replicated 1 times.
INFO: [Physopt 32-572] Net bdw/design_1_i/hier_0/csum_rx_rss_0/inst/CSUM_UNIT/byte_Counter/ip_header_length[5]_i_4_n_0 was not replicated.
Resolution: phys_opt_design can be forced to replicate a net driver using the option -force_replication_on_nets <list of net objects>.
INFO: [Physopt 32-572] Net bdw/design_1_i/hier_0/csum_rx_rss_0/inst/CSUM_UNIT/byte_Counter/in2_reg[15]_i_2_n_0 was not replicated.
Resolution: phys_opt_design can be forced to replicate a net driver using the option -force_replication_on_nets <list of net objects>.
INFO: [Physopt 32-572] Net bdw/design_1_i/hier_0/csum_rx_rss_0/inst/CSUM_UNIT/byte_Counter/s00_axis_tlast_0 was not replicated.
Resolution: phys_opt_design can be forced to replicate a net driver using the option -force_replication_on_nets <list of net objects>.
INFO: [Physopt 32-572] Net bdw/design_1_i/hier_0/csum_rx_rss_0/inst/CSUM_UNIT/byte_Counter/in2_reg[15]_i_2__0_n_0 was not replicated.
Resolution: phys_opt_design can be forced to replicate a net driver using the option -force_replication_on_nets <list of net objects>.
INFO: [Physopt 32-601] Processed net bdw/design_1_i/hier_0/csum_rx_rss_0/inst/CSUM_UNIT/byte_Counter/in2_reg[15]_i_5__1_n_0. Net driver bdw/design_1_i/hier_0/csum_rx_rss_0/inst/CSUM_UNIT/byte_Counter/in2_reg[15]_i_5__1_rewire was replaced.
INFO: [Physopt 32-572] Net bdw/design_1_i/hier_0/csum_rx_rss_0/inst/CSUM_UNIT/byte_Counter/in2_reg[15]_i_2__1_n_0 was not replicated.
Resolution: phys_opt_design can be forced to replicate a net driver using the option -force_replication_on_nets <list of net objects>.
INFO: [Physopt 32-572] Net bdw/design_1_i/hier_0/csum_rx_rss_0/inst/CSUM_UNIT/byte_Counter/in2_reg[7]_i_4_n_0 was not replicated.
Resolution: phys_opt_design can be forced to replicate a net driver using the option -force_replication_on_nets <list of net objects>.
INFO: [Physopt 32-572] Net bdw/design_1_i/hier_0/csum_rx_rss_0/inst/CSUM_UNIT/byte_Counter/frame_has_protocol_tcp_0x06_i_4_n_0_repN was not replicated.
Resolution: phys_opt_design can be forced to replicate a net driver using the option -force_replication_on_nets <list of net objects>.
INFO: [Physopt 32-572] Net bdw/design_1_i/hier_0/csum_rx_rss_0/inst/CSUM_UNIT/byte_Counter/in1_reg[15]_i_2__0_n_0 was not replicated.
Resolution: phys_opt_design can be forced to replicate a net driver using the option -force_replication_on_nets <list of net objects>.
INFO: [Physopt 32-572] Net bdw/design_1_i/hier_0/tx_csum_0/inst/cum_calc/byte_Counter/csum_begin_app_7_sn_1 was not replicated.
Resolution: phys_opt_design can be forced to replicate a net driver using the option -force_replication_on_nets <list of net objects>.
INFO: [Physopt 32-81] Processed net bdw/design_1_i/hier_0/axis_data_fifo_5/inst/gen_fifo.xpm_fifo_axis_inst/xpm_fifo_base_inst/gen_sdpram.xpm_memory_base_inst/doutb[72]. Replicated 1 times.
INFO: [Physopt 32-81] Processed net bdw/design_1_i/hier_0/axis_data_fifo_5/inst/gen_fifo.xpm_fifo_axis_inst/xpm_fifo_base_inst/gen_sdpram.xpm_memory_base_inst/doutb[79]. Replicated 1 times.
INFO: [Physopt 32-572] Net bdw/design_1_i/hier_0/csum_rx_rss_0/inst/CSUM_UNIT/byte_Counter/in2_reg[15]_i_2__2_n_0 was not replicated.
Resolution: phys_opt_design can be forced to replicate a net driver using the option -force_replication_on_nets <list of net objects>.
INFO: [Physopt 32-572] Net bdw/design_1_i/hier_0/tx_csum_0/inst/data_fifo_i/lastBeat was not replicated.
Resolution: phys_opt_design can be forced to replicate a net driver using the option -force_replication_on_nets <list of net objects>.
INFO: [Physopt 32-572] Net bdw/design_1_i/hier_0/tx_csum_0/inst/FSM_hamming2_data_state_reg_n_0_[1]_repN was not replicated.
Resolution: phys_opt_design can be forced to replicate a net driver using the option -force_replication_on_nets <list of net objects>.
INFO: [Physopt 32-81] Processed net bdw/design_1_i/hier_0/tx_csum_0/inst/FSM_hamming2_data_state_reg_n_0_[0]. Replicated 1 times.
INFO: [Physopt 32-572] Net bdw/design_1_i/hier_0/csum_rx_rss_0/inst/CSUM_UNIT/byte_Counter/FSM_sequential_state_reg[2] was not replicated.
Resolution: phys_opt_design can be forced to replicate a net driver using the option -force_replication_on_nets <list of net objects>.
INFO: [Physopt 32-81] Processed net bdw/design_1_i/hier_0/axis_data_fifo_5/inst/gen_fifo.xpm_fifo_axis_inst/xpm_fifo_base_inst/gen_sdpram.xpm_memory_base_inst/doutb[74]. Replicated 1 times.
INFO: [Physopt 32-572] Net bdw/design_1_i/hier_0/csum_rx_rss_0/inst/CSUM_UNIT/byte_Counter/csumEn_stg1_i_2__1_n_0 was not replicated.
Resolution: phys_opt_design can be forced to replicate a net driver using the option -force_replication_on_nets <list of net objects>.
INFO: [Physopt 32-572] Net bdw/design_1_i/hier_0/csum_rx_rss_0/inst/CSUM_UNIT/byte_Counter/byte_cntr_with_delta_byte0_carry_i_8_n_0 was not replicated.
Resolution: phys_opt_design can be forced to replicate a net driver using the option -force_replication_on_nets <list of net objects>.
INFO: [Physopt 32-81] Processed net bdw/design_1_i/hier_0/tx_csum_0/inst/FSM_hamming2_data_state_reg_n_0_[2]. Replicated 1 times.
INFO: [Physopt 32-232] Optimized 7 nets. Created 6 new instances.
INFO: [Physopt 32-775] End 1 Pass. Optimized 7 nets or cells. Created 6 new cells, deleted 0 existing cell and moved 0 existing cell
INFO: [Physopt 32-619] Estimated Timing Summary | WNS=-0.630 | TNS=-117.762 |
Netlist sorting complete. Time (s): cpu = 00:00:00.06 ; elapsed = 00:00:00.06 . Memory (MB): peak = 6843.258 ; gain = 0.000 ; free physical = 1713 ; free virtual = 10282
Phase 12 Critical Cell Optimization | Checksum: 14287c504

Time (s): cpu = 00:05:14 ; elapsed = 00:01:41 . Memory (MB): peak = 6843.258 ; gain = 0.000 ; free physical = 1713 ; free virtual = 10282

Phase 13 SLR Crossing Optimization
Phase 13 SLR Crossing Optimization | Checksum: 14287c504

Time (s): cpu = 00:05:14 ; elapsed = 00:01:41 . Memory (MB): peak = 6843.258 ; gain = 0.000 ; free physical = 1713 ; free virtual = 10282

Phase 14 Fanout Optimization
INFO: [Physopt 32-76] Pass 1. Identified 4 candidate nets for fanout optimization.
INFO: [Physopt 32-572] Net bdw/design_1_i/hier_0/csum_rx_rss_0/inst/CSUM_UNIT/byte_Counter/in2_reg[15]_i_4__2_n_0 was not replicated.
Resolution: phys_opt_design can be forced to replicate a net driver using the option -force_replication_on_nets <list of net objects>.
INFO: [Physopt 32-572] Net bdw/design_1_i/hier_0/csum_rx_rss_0/inst/CSUM_UNIT/byte_Counter/in2_reg[15]_i_3_n_0 was not replicated.
Resolution: phys_opt_design can be forced to replicate a net driver using the option -force_replication_on_nets <list of net objects>.
INFO: [Physopt 32-572] Net bdw/design_1_i/hier_0/csum_rx_rss_0/inst/CSUM_UNIT/byte_Counter/in2_reg[15]_i_2__3_n_0 was not replicated.
Resolution: phys_opt_design can be forced to replicate a net driver using the option -force_replication_on_nets <list of net objects>.
INFO: [Physopt 32-572] Net bdw/design_1_i/hier_0/csum_rx_rss_0/inst/CSUM_UNIT/byte_Counter/tdest_start_i_3_n_0 was not replicated.
Resolution: phys_opt_design can be forced to replicate a net driver using the option -force_replication_on_nets <list of net objects>.
INFO: [Physopt 32-232] Optimized 0 net. Created 0 new instance.
INFO: [Physopt 32-775] End 1 Pass. Optimized 0 net or cell. Created 0 new cell, deleted 0 existing cell and moved 0 existing cell
Netlist sorting complete. Time (s): cpu = 00:00:00.02 ; elapsed = 00:00:00.02 . Memory (MB): peak = 6843.258 ; gain = 0.000 ; free physical = 1713 ; free virtual = 10282
Phase 14 Fanout Optimization | Checksum: 15d9730d3

Time (s): cpu = 00:05:19 ; elapsed = 00:01:43 . Memory (MB): peak = 6843.258 ; gain = 0.000 ; free physical = 1713 ; free virtual = 10282

Phase 15 Single Cell Placement Optimization
INFO: [Physopt 32-660] Identified 250 candidate nets for placement-based optimization.
INFO: [Physopt 32-662] Processed net bdw/design_1_i/hier_0/csum_rx_rss_0/inst/CSUM_UNIT/byte_Counter/in1_reg[7]_i_3_n_0.  Did not re-place instance bdw/design_1_i/hier_0/csum_rx_rss_0/inst/CSUM_UNIT/byte_Counter/in1_reg[7]_i_3
INFO: [Physopt 32-662] Processed net bdw/design_1_i/hier_0/csum_rx_rss_0/inst/CSUM_UNIT/byte_Counter/in2_reg[7]_i_2_n_0.  Did not re-place instance bdw/design_1_i/hier_0/csum_rx_rss_0/inst/CSUM_UNIT/byte_Counter/in2_reg[7]_i_2
INFO: [Physopt 32-662] Processed net bdw/design_1_i/hier_0/csum_rx_rss_0/inst/CSUM_UNIT/byte_Counter/in2_reg[15]_i_6_n_0.  Did not re-place instance bdw/design_1_i/hier_0/csum_rx_rss_0/inst/CSUM_UNIT/byte_Counter/in2_reg[15]_i_6
INFO: [Physopt 32-663] Processed net bdw/design_1_i/hier_0/csum_rx_rss_0/inst/CSUM_UNIT/byte_Counter/byte_cntr_with_delta_byte0_carry_i_10_n_0.  Re-placed instance bdw/design_1_i/hier_0/csum_rx_rss_0/inst/CSUM_UNIT/byte_Counter/byte_cntr_with_delta_byte0_carry_i_10
INFO: [Physopt 32-662] Processed net bdw/design_1_i/hier_0/csum_rx_rss_0/inst/CSUM_UNIT/byte_Counter/byte_cntr_with_delta_byte0_carry_i_6_n_0.  Did not re-place instance bdw/design_1_i/hier_0/csum_rx_rss_0/inst/CSUM_UNIT/byte_Counter/byte_cntr_with_delta_byte0_carry_i_6
INFO: [Physopt 32-662] Processed net bdw/design_1_i/hier_0/csum_rx_rss_0/inst/CSUM_UNIT/byte_Counter/in2_reg[15]_i_9_n_0.  Did not re-place instance bdw/design_1_i/hier_0/csum_rx_rss_0/inst/CSUM_UNIT/byte_Counter/in2_reg[15]_i_9
INFO: [Physopt 32-662] Processed net bdw/design_1_i/hier_0/csum_rx_rss_0/inst/CSUM_UNIT/byte_Counter/s00_axis_tdata[31][6].  Did not re-place instance bdw/design_1_i/hier_0/csum_rx_rss_0/inst/CSUM_UNIT/byte_Counter/in2_reg[6]_i_1__1
INFO: [Physopt 32-662] Processed net bdw/design_1_i/hier_0/csum_rx_rss_0/inst/CSUM_UNIT/tcp_csum_cal/genblk2[1].M1/in2_reg[6].  Did not re-place instance bdw/design_1_i/hier_0/csum_rx_rss_0/inst/CSUM_UNIT/tcp_csum_cal/genblk2[1].M1/in2_reg_reg[6]
INFO: [Physopt 32-662] Processed net bdw/design_1_i/hier_0/csum_rx_rss_0/inst/CSUM_UNIT/byte_Counter/s00_axis_tdata[31][2].  Did not re-place instance bdw/design_1_i/hier_0/csum_rx_rss_0/inst/CSUM_UNIT/byte_Counter/in2_reg[2]_i_1__1
INFO: [Physopt 32-662] Processed net bdw/design_1_i/hier_0/csum_rx_rss_0/inst/CSUM_UNIT/tcp_csum_cal/genblk2[1].M1/in2_reg[2].  Did not re-place instance bdw/design_1_i/hier_0/csum_rx_rss_0/inst/CSUM_UNIT/tcp_csum_cal/genblk2[1].M1/in2_reg_reg[2]
INFO: [Physopt 32-662] Processed net bdw/design_1_i/hier_0/csum_rx_rss_0/inst/CSUM_UNIT/byte_Counter/s00_axis_tdata[31][3].  Did not re-place instance bdw/design_1_i/hier_0/csum_rx_rss_0/inst/CSUM_UNIT/byte_Counter/in2_reg[3]_i_1__1
INFO: [Physopt 32-662] Processed net bdw/design_1_i/hier_0/csum_rx_rss_0/inst/CSUM_UNIT/tcp_csum_cal/genblk2[1].M1/in2_reg[3].  Did not re-place instance bdw/design_1_i/hier_0/csum_rx_rss_0/inst/CSUM_UNIT/tcp_csum_cal/genblk2[1].M1/in2_reg_reg[3]
INFO: [Physopt 32-662] Processed net bdw/design_1_i/hier_0/csum_rx_rss_0/inst/CSUM_UNIT/byte_Counter/s00_axis_tdata[31][0].  Did not re-place instance bdw/design_1_i/hier_0/csum_rx_rss_0/inst/CSUM_UNIT/byte_Counter/in2_reg[0]_i_1__1
INFO: [Physopt 32-662] Processed net bdw/design_1_i/hier_0/csum_rx_rss_0/inst/CSUM_UNIT/tcp_csum_cal/genblk2[1].M1/in2_reg[0].  Did not re-place instance bdw/design_1_i/hier_0/csum_rx_rss_0/inst/CSUM_UNIT/tcp_csum_cal/genblk2[1].M1/in2_reg_reg[0]
INFO: [Physopt 32-662] Processed net bdw/design_1_i/hier_0/csum_rx_rss_0/inst/CSUM_UNIT/byte_Counter/s00_axis_tdata[31][7].  Did not re-place instance bdw/design_1_i/hier_0/csum_rx_rss_0/inst/CSUM_UNIT/byte_Counter/in2_reg[7]_i_1__1
INFO: [Physopt 32-662] Processed net bdw/design_1_i/hier_0/csum_rx_rss_0/inst/CSUM_UNIT/tcp_csum_cal/genblk2[1].M1/in2_reg[7].  Did not re-place instance bdw/design_1_i/hier_0/csum_rx_rss_0/inst/CSUM_UNIT/tcp_csum_cal/genblk2[1].M1/in2_reg_reg[7]
INFO: [Physopt 32-662] Processed net bdw/design_1_i/hier_0/csum_rx_rss_0/inst/CSUM_UNIT/byte_Counter/in2_reg[15]_i_4__0_n_0.  Did not re-place instance bdw/design_1_i/hier_0/csum_rx_rss_0/inst/CSUM_UNIT/byte_Counter/in2_reg[15]_i_4__0
INFO: [Physopt 32-662] Processed net bdw/design_1_i/hier_0/csum_rx_rss_0/inst/CSUM_UNIT/byte_Counter/in2_reg[15]_i_4__2_n_0.  Did not re-place instance bdw/design_1_i/hier_0/csum_rx_rss_0/inst/CSUM_UNIT/byte_Counter/in2_reg[15]_i_4__2
INFO: [Physopt 32-662] Processed net bdw/design_1_i/hier_0/csum_rx_rss_0/inst/CSUM_UNIT/byte_Counter/s00_axis_tdata[47]_0[12].  Did not re-place instance bdw/design_1_i/hier_0/csum_rx_rss_0/inst/CSUM_UNIT/byte_Counter/in1_reg[12]_i_1__2
INFO: [Physopt 32-662] Processed net bdw/design_1_i/hier_0/csum_rx_rss_0/inst/CSUM_UNIT/raw_csum_cal/genblk2[2].M1/in1_reg_reg_n_0_[12].  Did not re-place instance bdw/design_1_i/hier_0/csum_rx_rss_0/inst/CSUM_UNIT/raw_csum_cal/genblk2[2].M1/in1_reg_reg[12]
INFO: [Physopt 32-662] Processed net bdw/design_1_i/hier_0/csum_rx_rss_0/inst/CSUM_UNIT/byte_Counter/in2_reg[15]_i_3_n_0.  Did not re-place instance bdw/design_1_i/hier_0/csum_rx_rss_0/inst/CSUM_UNIT/byte_Counter/in2_reg[15]_i_3
INFO: [Physopt 32-662] Processed net bdw/design_1_i/hier_0/csum_rx_rss_0/inst/CSUM_UNIT/byte_Counter/csumEn_stg1_i_3__0_n_0.  Did not re-place instance bdw/design_1_i/hier_0/csum_rx_rss_0/inst/CSUM_UNIT/byte_Counter/csumEn_stg1_i_3__0
INFO: [Physopt 32-662] Processed net bdw/design_1_i/hier_0/csum_rx_rss_0/inst/CSUM_UNIT/byte_Counter/csumEn_stg1_i_7_n_0.  Did not re-place instance bdw/design_1_i/hier_0/csum_rx_rss_0/inst/CSUM_UNIT/byte_Counter/csumEn_stg1_i_7
INFO: [Physopt 32-662] Processed net bdw/design_1_i/hier_0/csum_rx_rss_0/inst/CSUM_UNIT/byte_Counter/csumEn_stg1_i_6_n_0.  Did not re-place instance bdw/design_1_i/hier_0/csum_rx_rss_0/inst/CSUM_UNIT/byte_Counter/csumEn_stg1_i_6
INFO: [Physopt 32-662] Processed net bdw/design_1_i/hier_0/csum_rx_rss_0/inst/CSUM_UNIT/byte_Counter/s00_axis_tdata[47][4].  Did not re-place instance bdw/design_1_i/hier_0/csum_rx_rss_0/inst/CSUM_UNIT/byte_Counter/in1_reg[4]_i_1__1
INFO: [Physopt 32-662] Processed net bdw/design_1_i/hier_0/csum_rx_rss_0/inst/CSUM_UNIT/tcp_csum_cal/genblk2[2].M1/in1_reg_reg_n_0_[4].  Did not re-place instance bdw/design_1_i/hier_0/csum_rx_rss_0/inst/CSUM_UNIT/tcp_csum_cal/genblk2[2].M1/in1_reg_reg[4]
INFO: [Physopt 32-662] Processed net bdw/design_1_i/hier_0/csum_rx_rss_0/inst/CSUM_UNIT/byte_Counter/s00_axis_tdata[31][1].  Did not re-place instance bdw/design_1_i/hier_0/csum_rx_rss_0/inst/CSUM_UNIT/byte_Counter/in2_reg[1]_i_1__1
INFO: [Physopt 32-662] Processed net bdw/design_1_i/hier_0/csum_rx_rss_0/inst/CSUM_UNIT/tcp_csum_cal/genblk2[1].M1/in2_reg[1].  Did not re-place instance bdw/design_1_i/hier_0/csum_rx_rss_0/inst/CSUM_UNIT/tcp_csum_cal/genblk2[1].M1/in2_reg_reg[1]
INFO: [Physopt 32-662] Processed net bdw/design_1_i/hier_0/csum_rx_rss_0/inst/CSUM_UNIT/byte_Counter/s00_axis_tdata[47]_0[8].  Did not re-place instance bdw/design_1_i/hier_0/csum_rx_rss_0/inst/CSUM_UNIT/byte_Counter/in1_reg[8]_i_1__2
INFO: [Physopt 32-662] Processed net bdw/design_1_i/hier_0/csum_rx_rss_0/inst/CSUM_UNIT/raw_csum_cal/genblk2[2].M1/in1_reg_reg_n_0_[8].  Did not re-place instance bdw/design_1_i/hier_0/csum_rx_rss_0/inst/CSUM_UNIT/raw_csum_cal/genblk2[2].M1/in1_reg_reg[8]
INFO: [Physopt 32-662] Processed net bdw/design_1_i/hier_0/csum_rx_rss_0/inst/CSUM_UNIT/byte_Counter/in2_reg[15]_i_12_n_0.  Did not re-place instance bdw/design_1_i/hier_0/csum_rx_rss_0/inst/CSUM_UNIT/byte_Counter/in2_reg[15]_i_12
INFO: [Physopt 32-662] Processed net bdw/design_1_i/hier_0/csum_rx_rss_0/inst/CSUM_UNIT/byte_Counter/s00_axis_tdata[47]_0[10].  Did not re-place instance bdw/design_1_i/hier_0/csum_rx_rss_0/inst/CSUM_UNIT/byte_Counter/in1_reg[10]_i_1__2
INFO: [Physopt 32-662] Processed net bdw/design_1_i/hier_0/csum_rx_rss_0/inst/CSUM_UNIT/raw_csum_cal/genblk2[2].M1/in1_reg_reg_n_0_[10].  Did not re-place instance bdw/design_1_i/hier_0/csum_rx_rss_0/inst/CSUM_UNIT/raw_csum_cal/genblk2[2].M1/in1_reg_reg[10]
INFO: [Physopt 32-662] Processed net bdw/design_1_i/hier_0/csum_rx_rss_0/inst/CSUM_UNIT/byte_Counter/in2_reg[7]_i_2__0_n_0.  Did not re-place instance bdw/design_1_i/hier_0/csum_rx_rss_0/inst/CSUM_UNIT/byte_Counter/in2_reg[7]_i_2__0
INFO: [Physopt 32-662] Processed net bdw/design_1_i/hier_0/csum_rx_rss_0/inst/CSUM_UNIT/byte_Counter/s00_axis_tdata[15]_0[2].  Did not re-place instance bdw/design_1_i/hier_0/csum_rx_rss_0/inst/CSUM_UNIT/byte_Counter/in1_reg[2]_i_1__0
INFO: [Physopt 32-662] Processed net bdw/design_1_i/hier_0/csum_rx_rss_0/inst/CSUM_UNIT/raw_csum_cal/genblk2[1].M1/in1_reg[2].  Did not re-place instance bdw/design_1_i/hier_0/csum_rx_rss_0/inst/CSUM_UNIT/raw_csum_cal/genblk2[1].M1/in1_reg_reg[2]
INFO: [Physopt 32-662] Processed net bdw/design_1_i/hier_0/csum_rx_rss_0/inst/CSUM_UNIT/byte_Counter/s00_axis_tdata[31][5].  Did not re-place instance bdw/design_1_i/hier_0/csum_rx_rss_0/inst/CSUM_UNIT/byte_Counter/in2_reg[5]_i_1__1
INFO: [Physopt 32-662] Processed net bdw/design_1_i/hier_0/csum_rx_rss_0/inst/CSUM_UNIT/tcp_csum_cal/genblk2[1].M1/in2_reg[5].  Did not re-place instance bdw/design_1_i/hier_0/csum_rx_rss_0/inst/CSUM_UNIT/tcp_csum_cal/genblk2[1].M1/in2_reg_reg[5]
INFO: [Physopt 32-662] Processed net bdw/design_1_i/hier_0/csum_rx_rss_0/inst/CSUM_UNIT/byte_Counter/s00_axis_tdata[31][4].  Did not re-place instance bdw/design_1_i/hier_0/csum_rx_rss_0/inst/CSUM_UNIT/byte_Counter/in2_reg[4]_i_1__1
INFO: [Physopt 32-662] Processed net bdw/design_1_i/hier_0/csum_rx_rss_0/inst/CSUM_UNIT/tcp_csum_cal/genblk2[1].M1/in2_reg[4].  Did not re-place instance bdw/design_1_i/hier_0/csum_rx_rss_0/inst/CSUM_UNIT/tcp_csum_cal/genblk2[1].M1/in2_reg_reg[4]
INFO: [Physopt 32-662] Processed net bdw/design_1_i/hier_0/csum_rx_rss_0/inst/CSUM_UNIT/byte_Counter/frame_has_protocol_tcp_0x06_i_9_n_0.  Did not re-place instance bdw/design_1_i/hier_0/csum_rx_rss_0/inst/CSUM_UNIT/byte_Counter/frame_has_protocol_tcp_0x06_i_9
INFO: [Physopt 32-662] Processed net bdw/design_1_i/hier_0/csum_rx_rss_0/inst/CSUM_UNIT/byte_Counter/ip_header_length[5]_i_4_n_0.  Did not re-place instance bdw/design_1_i/hier_0/csum_rx_rss_0/inst/CSUM_UNIT/byte_Counter/ip_header_length[5]_i_4_rewire
INFO: [Physopt 32-662] Processed net bdw/design_1_i/hier_0/csum_rx_rss_0/inst/CSUM_UNIT/byte_Counter/s00_axis_tdata[63]_2[10].  Did not re-place instance bdw/design_1_i/hier_0/csum_rx_rss_0/inst/CSUM_UNIT/byte_Counter/in2_reg[10]_i_1__4
INFO: [Physopt 32-662] Processed net bdw/design_1_i/hier_0/csum_rx_rss_0/inst/CSUM_UNIT/raw_csum_cal/genblk2[2].M1/in2_reg_reg_n_0_[10].  Did not re-place instance bdw/design_1_i/hier_0/csum_rx_rss_0/inst/CSUM_UNIT/raw_csum_cal/genblk2[2].M1/in2_reg_reg[10]
INFO: [Physopt 32-662] Processed net bdw/design_1_i/hier_0/csum_rx_rss_0/inst/CSUM_UNIT/byte_Counter/s00_axis_tdata[63]_2[6].  Did not re-place instance bdw/design_1_i/hier_0/csum_rx_rss_0/inst/CSUM_UNIT/byte_Counter/in2_reg[6]_i_1__4
INFO: [Physopt 32-662] Processed net bdw/design_1_i/hier_0/csum_rx_rss_0/inst/CSUM_UNIT/raw_csum_cal/genblk2[2].M1/in2_reg_reg_n_0_[6].  Did not re-place instance bdw/design_1_i/hier_0/csum_rx_rss_0/inst/CSUM_UNIT/raw_csum_cal/genblk2[2].M1/in2_reg_reg[6]
INFO: [Physopt 32-662] Processed net bdw/design_1_i/hier_0/csum_rx_rss_0/inst/CSUM_UNIT/byte_Counter/in2_reg[15]_i_2__3_n_0.  Did not re-place instance bdw/design_1_i/hier_0/csum_rx_rss_0/inst/CSUM_UNIT/byte_Counter/in2_reg[15]_i_2__3_rewire
INFO: [Physopt 32-662] Processed net bdw/design_1_i/hier_0/csum_rx_rss_0/inst/CSUM_UNIT/byte_Counter/s00_axis_tdata[63]_1[4].  Did not re-place instance bdw/design_1_i/hier_0/csum_rx_rss_0/inst/CSUM_UNIT/byte_Counter/in2_reg[4]_i_1__3
INFO: [Physopt 32-662] Processed net bdw/design_1_i/hier_0/csum_rx_rss_0/inst/CSUM_UNIT/tcp_csum_cal/genblk2[2].M1/in2_reg_reg_n_0_[4].  Did not re-place instance bdw/design_1_i/hier_0/csum_rx_rss_0/inst/CSUM_UNIT/tcp_csum_cal/genblk2[2].M1/in2_reg_reg[4]
INFO: [Physopt 32-662] Processed net bdw/design_1_i/hier_0/csum_rx_rss_0/inst/CSUM_UNIT/byte_Counter/s00_axis_tdata[63]_2[5].  Did not re-place instance bdw/design_1_i/hier_0/csum_rx_rss_0/inst/CSUM_UNIT/byte_Counter/in2_reg[5]_i_1__4
INFO: [Physopt 32-662] Processed net bdw/design_1_i/hier_0/csum_rx_rss_0/inst/CSUM_UNIT/raw_csum_cal/genblk2[2].M1/in2_reg_reg_n_0_[5].  Did not re-place instance bdw/design_1_i/hier_0/csum_rx_rss_0/inst/CSUM_UNIT/raw_csum_cal/genblk2[2].M1/in2_reg_reg[5]
INFO: [Physopt 32-662] Processed net bdw/design_1_i/hier_0/csum_rx_rss_0/inst/CSUM_UNIT/byte_Counter/s00_axis_tdata[63]_2[13].  Did not re-place instance bdw/design_1_i/hier_0/csum_rx_rss_0/inst/CSUM_UNIT/byte_Counter/in2_reg[13]_i_1__4
INFO: [Physopt 32-662] Processed net bdw/design_1_i/hier_0/csum_rx_rss_0/inst/CSUM_UNIT/raw_csum_cal/genblk2[2].M1/in2_reg_reg_n_0_[13].  Did not re-place instance bdw/design_1_i/hier_0/csum_rx_rss_0/inst/CSUM_UNIT/raw_csum_cal/genblk2[2].M1/in2_reg_reg[13]
INFO: [Physopt 32-662] Processed net bdw/design_1_i/hier_0/csum_rx_rss_0/inst/CSUM_UNIT/byte_Counter/s00_axis_tdata[47]_0[13].  Did not re-place instance bdw/design_1_i/hier_0/csum_rx_rss_0/inst/CSUM_UNIT/byte_Counter/in1_reg[13]_i_1__2
INFO: [Physopt 32-662] Processed net bdw/design_1_i/hier_0/csum_rx_rss_0/inst/CSUM_UNIT/raw_csum_cal/genblk2[2].M1/in1_reg_reg_n_0_[13].  Did not re-place instance bdw/design_1_i/hier_0/csum_rx_rss_0/inst/CSUM_UNIT/raw_csum_cal/genblk2[2].M1/in1_reg_reg[13]
INFO: [Physopt 32-662] Processed net bdw/design_1_i/hier_0/csum_rx_rss_0/inst/CSUM_UNIT/byte_Counter/s00_axis_tdata[63]_2[14].  Did not re-place instance bdw/design_1_i/hier_0/csum_rx_rss_0/inst/CSUM_UNIT/byte_Counter/in2_reg[14]_i_1__4
INFO: [Physopt 32-662] Processed net bdw/design_1_i/hier_0/csum_rx_rss_0/inst/CSUM_UNIT/raw_csum_cal/genblk2[2].M1/in2_reg_reg_n_0_[14].  Did not re-place instance bdw/design_1_i/hier_0/csum_rx_rss_0/inst/CSUM_UNIT/raw_csum_cal/genblk2[2].M1/in2_reg_reg[14]
INFO: [Physopt 32-662] Processed net bdw/design_1_i/hier_0/csum_rx_rss_0/inst/CSUM_UNIT/byte_Counter/s00_axis_tdata[63]_2[8].  Did not re-place instance bdw/design_1_i/hier_0/csum_rx_rss_0/inst/CSUM_UNIT/byte_Counter/in2_reg[8]_i_1__4
INFO: [Physopt 32-662] Processed net bdw/design_1_i/hier_0/csum_rx_rss_0/inst/CSUM_UNIT/raw_csum_cal/genblk2[2].M1/in2_reg_reg_n_0_[8].  Did not re-place instance bdw/design_1_i/hier_0/csum_rx_rss_0/inst/CSUM_UNIT/raw_csum_cal/genblk2[2].M1/in2_reg_reg[8]
INFO: [Physopt 32-662] Processed net bdw/design_1_i/hier_0/csum_rx_rss_0/inst/CSUM_UNIT/byte_Counter/s00_axis_tdata[63]_2[11].  Did not re-place instance bdw/design_1_i/hier_0/csum_rx_rss_0/inst/CSUM_UNIT/byte_Counter/in2_reg[11]_i_1__4
INFO: [Physopt 32-662] Processed net bdw/design_1_i/hier_0/csum_rx_rss_0/inst/CSUM_UNIT/raw_csum_cal/genblk2[2].M1/in2_reg_reg_n_0_[11].  Did not re-place instance bdw/design_1_i/hier_0/csum_rx_rss_0/inst/CSUM_UNIT/raw_csum_cal/genblk2[2].M1/in2_reg_reg[11]
INFO: [Physopt 32-662] Processed net bdw/design_1_i/hier_0/csum_rx_rss_0/inst/CSUM_UNIT/byte_Counter/in2_reg[15]_i_10_n_0.  Did not re-place instance bdw/design_1_i/hier_0/csum_rx_rss_0/inst/CSUM_UNIT/byte_Counter/in2_reg[15]_i_10
INFO: [Physopt 32-662] Processed net bdw/design_1_i/hier_0/csum_rx_rss_0/inst/CSUM_UNIT/byte_Counter/s00_axis_tdata[15]_0[8].  Did not re-place instance bdw/design_1_i/hier_0/csum_rx_rss_0/inst/CSUM_UNIT/byte_Counter/in1_reg[8]_i_1__0
INFO: [Physopt 32-662] Processed net bdw/design_1_i/hier_0/csum_rx_rss_0/inst/CSUM_UNIT/byte_Counter/s00_axis_tdata[47][5].  Did not re-place instance bdw/design_1_i/hier_0/csum_rx_rss_0/inst/CSUM_UNIT/byte_Counter/in1_reg[5]_i_1__1
INFO: [Physopt 32-662] Processed net bdw/design_1_i/hier_0/csum_rx_rss_0/inst/CSUM_UNIT/byte_Counter/s00_axis_tdata[63]_2[1].  Did not re-place instance bdw/design_1_i/hier_0/csum_rx_rss_0/inst/CSUM_UNIT/byte_Counter/in2_reg[1]_i_1__4
INFO: [Physopt 32-662] Processed net bdw/design_1_i/hier_0/csum_rx_rss_0/inst/CSUM_UNIT/raw_csum_cal/genblk2[1].M1/in1_reg[8].  Did not re-place instance bdw/design_1_i/hier_0/csum_rx_rss_0/inst/CSUM_UNIT/raw_csum_cal/genblk2[1].M1/in1_reg_reg[8]
INFO: [Physopt 32-662] Processed net bdw/design_1_i/hier_0/csum_rx_rss_0/inst/CSUM_UNIT/tcp_csum_cal/genblk2[2].M1/in1_reg_reg_n_0_[5].  Did not re-place instance bdw/design_1_i/hier_0/csum_rx_rss_0/inst/CSUM_UNIT/tcp_csum_cal/genblk2[2].M1/in1_reg_reg[5]
INFO: [Physopt 32-662] Processed net bdw/design_1_i/hier_0/csum_rx_rss_0/inst/CSUM_UNIT/raw_csum_cal/genblk2[2].M1/in2_reg_reg_n_0_[1].  Did not re-place instance bdw/design_1_i/hier_0/csum_rx_rss_0/inst/CSUM_UNIT/raw_csum_cal/genblk2[2].M1/in2_reg_reg[1]
INFO: [Physopt 32-662] Processed net bdw/design_1_i/hier_0/csum_rx_rss_0/inst/CSUM_UNIT/byte_Counter/s00_axis_tdata[47]_0[0].  Did not re-place instance bdw/design_1_i/hier_0/csum_rx_rss_0/inst/CSUM_UNIT/byte_Counter/in1_reg[0]_i_1__2
INFO: [Physopt 32-662] Processed net bdw/design_1_i/hier_0/csum_rx_rss_0/inst/CSUM_UNIT/raw_csum_cal/genblk2[2].M1/in1_reg_reg_n_0_[0].  Did not re-place instance bdw/design_1_i/hier_0/csum_rx_rss_0/inst/CSUM_UNIT/raw_csum_cal/genblk2[2].M1/in1_reg_reg[0]
INFO: [Physopt 32-662] Processed net bdw/design_1_i/hier_0/csum_rx_rss_0/inst/CSUM_UNIT/byte_Counter/s00_axis_tdata[63]_2[4].  Did not re-place instance bdw/design_1_i/hier_0/csum_rx_rss_0/inst/CSUM_UNIT/byte_Counter/in2_reg[4]_i_1__4
INFO: [Physopt 32-662] Processed net bdw/design_1_i/hier_0/csum_rx_rss_0/inst/CSUM_UNIT/raw_csum_cal/genblk2[2].M1/in2_reg_reg_n_0_[4].  Did not re-place instance bdw/design_1_i/hier_0/csum_rx_rss_0/inst/CSUM_UNIT/raw_csum_cal/genblk2[2].M1/in2_reg_reg[4]
INFO: [Physopt 32-662] Processed net bdw/design_1_i/hier_0/csum_rx_rss_0/inst/CSUM_UNIT/byte_Counter/s00_axis_tdata[47]_0[9].  Did not re-place instance bdw/design_1_i/hier_0/csum_rx_rss_0/inst/CSUM_UNIT/byte_Counter/in1_reg[9]_i_1__2
INFO: [Physopt 32-662] Processed net bdw/design_1_i/hier_0/csum_rx_rss_0/inst/CSUM_UNIT/raw_csum_cal/genblk2[2].M1/in1_reg_reg_n_0_[9].  Did not re-place instance bdw/design_1_i/hier_0/csum_rx_rss_0/inst/CSUM_UNIT/raw_csum_cal/genblk2[2].M1/in1_reg_reg[9]
INFO: [Physopt 32-662] Processed net bdw/design_1_i/hier_0/csum_rx_rss_0/inst/CSUM_UNIT/byte_Counter/s00_axis_tdata[47]_0[11].  Did not re-place instance bdw/design_1_i/hier_0/csum_rx_rss_0/inst/CSUM_UNIT/byte_Counter/in1_reg[11]_i_1__2
INFO: [Physopt 32-662] Processed net bdw/design_1_i/hier_0/csum_rx_rss_0/inst/CSUM_UNIT/raw_csum_cal/genblk2[2].M1/in1_reg_reg_n_0_[11].  Did not re-place instance bdw/design_1_i/hier_0/csum_rx_rss_0/inst/CSUM_UNIT/raw_csum_cal/genblk2[2].M1/in1_reg_reg[11]
INFO: [Physopt 32-662] Processed net bdw/design_1_i/hier_0/csum_rx_rss_0/inst/CSUM_UNIT/byte_Counter/s00_axis_tdata[15]_0[4].  Did not re-place instance bdw/design_1_i/hier_0/csum_rx_rss_0/inst/CSUM_UNIT/byte_Counter/in1_reg[4]_i_1__0
INFO: [Physopt 32-662] Processed net bdw/design_1_i/hier_0/csum_rx_rss_0/inst/CSUM_UNIT/byte_Counter/s00_axis_tdata[15]_0[5].  Did not re-place instance bdw/design_1_i/hier_0/csum_rx_rss_0/inst/CSUM_UNIT/byte_Counter/in1_reg[5]_i_1__0
INFO: [Physopt 32-662] Processed net bdw/design_1_i/hier_0/csum_rx_rss_0/inst/CSUM_UNIT/raw_csum_cal/genblk2[1].M1/in1_reg[4].  Did not re-place instance bdw/design_1_i/hier_0/csum_rx_rss_0/inst/CSUM_UNIT/raw_csum_cal/genblk2[1].M1/in1_reg_reg[4]
INFO: [Physopt 32-662] Processed net bdw/design_1_i/hier_0/csum_rx_rss_0/inst/CSUM_UNIT/raw_csum_cal/genblk2[1].M1/in1_reg[5].  Did not re-place instance bdw/design_1_i/hier_0/csum_rx_rss_0/inst/CSUM_UNIT/raw_csum_cal/genblk2[1].M1/in1_reg_reg[5]
INFO: [Physopt 32-662] Processed net bdw/design_1_i/hier_0/csum_rx_rss_0/inst/CSUM_UNIT/byte_Counter/in2_reg[15]_i_2_n_0.  Did not re-place instance bdw/design_1_i/hier_0/csum_rx_rss_0/inst/CSUM_UNIT/byte_Counter/in2_reg[15]_i_2
INFO: [Physopt 32-662] Processed net bdw/design_1_i/hier_0/csum_rx_rss_0/inst/CSUM_UNIT/byte_Counter/s00_axis_tdata[63]_0[2].  Did not re-place instance bdw/design_1_i/hier_0/csum_rx_rss_0/inst/CSUM_UNIT/byte_Counter/in2_reg[2]_i_1__0
INFO: [Physopt 32-662] Processed net bdw/design_1_i/hier_0/csum_rx_rss_0/inst/CSUM_UNIT/ip_csum_cal/genblk2[2].M1/in2_reg_reg_n_0_[2].  Did not re-place instance bdw/design_1_i/hier_0/csum_rx_rss_0/inst/CSUM_UNIT/ip_csum_cal/genblk2[2].M1/in2_reg_reg[2]
INFO: [Physopt 32-662] Processed net bdw/design_1_i/hier_0/csum_rx_rss_0/inst/CSUM_UNIT/byte_Counter/s00_axis_tdata[15]_0[1].  Did not re-place instance bdw/design_1_i/hier_0/csum_rx_rss_0/inst/CSUM_UNIT/byte_Counter/in1_reg[1]_i_1__0
INFO: [Physopt 32-662] Processed net bdw/design_1_i/hier_0/csum_rx_rss_0/inst/CSUM_UNIT/raw_csum_cal/genblk2[1].M1/in1_reg[1].  Did not re-place instance bdw/design_1_i/hier_0/csum_rx_rss_0/inst/CSUM_UNIT/raw_csum_cal/genblk2[1].M1/in1_reg_reg[1]
INFO: [Physopt 32-662] Processed net bdw/design_1_i/hier_0/csum_rx_rss_0/inst/CSUM_UNIT/byte_Counter/s00_axis_tdata[15]_0[9].  Did not re-place instance bdw/design_1_i/hier_0/csum_rx_rss_0/inst/CSUM_UNIT/byte_Counter/in1_reg[9]_i_1__0
INFO: [Physopt 32-662] Processed net bdw/design_1_i/hier_0/csum_rx_rss_0/inst/CSUM_UNIT/raw_csum_cal/genblk2[1].M1/in1_reg[9].  Did not re-place instance bdw/design_1_i/hier_0/csum_rx_rss_0/inst/CSUM_UNIT/raw_csum_cal/genblk2[1].M1/in1_reg_reg[9]
INFO: [Physopt 32-662] Processed net bdw/design_1_i/hier_0/csum_rx_rss_0/inst/CSUM_UNIT/byte_Counter/s00_axis_tdata[31]_0[6].  Did not re-place instance bdw/design_1_i/hier_0/csum_rx_rss_0/inst/CSUM_UNIT/byte_Counter/in2_reg[6]_i_1__2
INFO: [Physopt 32-662] Processed net bdw/design_1_i/hier_0/csum_rx_rss_0/inst/CSUM_UNIT/raw_csum_cal/genblk2[1].M1/in2_reg[6].  Did not re-place instance bdw/design_1_i/hier_0/csum_rx_rss_0/inst/CSUM_UNIT/raw_csum_cal/genblk2[1].M1/in2_reg_reg[6]
INFO: [Physopt 32-662] Processed net bdw/design_1_i/hier_0/csum_rx_rss_0/inst/CSUM_UNIT/byte_Counter/s00_axis_tdata[47]_0[14].  Did not re-place instance bdw/design_1_i/hier_0/csum_rx_rss_0/inst/CSUM_UNIT/byte_Counter/in1_reg[14]_i_1__2
INFO: [Physopt 32-662] Processed net bdw/design_1_i/hier_0/csum_rx_rss_0/inst/CSUM_UNIT/raw_csum_cal/genblk2[2].M1/in1_reg_reg_n_0_[14].  Did not re-place instance bdw/design_1_i/hier_0/csum_rx_rss_0/inst/CSUM_UNIT/raw_csum_cal/genblk2[2].M1/in1_reg_reg[14]
INFO: [Physopt 32-662] Processed net bdw/design_1_i/hier_0/csum_rx_rss_0/inst/CSUM_UNIT/byte_Counter/s00_axis_tdata[31]_0[0].  Did not re-place instance bdw/design_1_i/hier_0/csum_rx_rss_0/inst/CSUM_UNIT/byte_Counter/in2_reg[0]_i_1__2
INFO: [Physopt 32-662] Processed net bdw/design_1_i/hier_0/csum_rx_rss_0/inst/CSUM_UNIT/raw_csum_cal/genblk2[1].M1/in2_reg[0].  Did not re-place instance bdw/design_1_i/hier_0/csum_rx_rss_0/inst/CSUM_UNIT/raw_csum_cal/genblk2[1].M1/in2_reg_reg[0]
INFO: [Physopt 32-662] Processed net bdw/design_1_i/hier_0/csum_rx_rss_0/inst/CSUM_UNIT/byte_Counter/s00_axis_tlast_0.  Did not re-place instance bdw/design_1_i/hier_0/csum_rx_rss_0/inst/CSUM_UNIT/byte_Counter/valid_out_stg1_i_1
INFO: [Physopt 32-662] Processed net bdw/design_1_i/hier_0/csum_rx_rss_0/inst/CSUM_UNIT/byte_Counter/s00_axis_tdata[15]_0[3].  Did not re-place instance bdw/design_1_i/hier_0/csum_rx_rss_0/inst/CSUM_UNIT/byte_Counter/in1_reg[3]_i_1__0
INFO: [Physopt 32-662] Processed net bdw/design_1_i/hier_0/csum_rx_rss_0/inst/CSUM_UNIT/raw_csum_cal/genblk2[1].M1/in1_reg[3].  Did not re-place instance bdw/design_1_i/hier_0/csum_rx_rss_0/inst/CSUM_UNIT/raw_csum_cal/genblk2[1].M1/in1_reg_reg[3]
INFO: [Physopt 32-662] Processed net bdw/design_1_i/hier_0/csum_rx_rss_0/inst/CSUM_UNIT/byte_Counter/s00_axis_tdata[47][8].  Did not re-place instance bdw/design_1_i/hier_0/csum_rx_rss_0/inst/CSUM_UNIT/byte_Counter/in1_reg[8]_i_1__1
INFO: [Physopt 32-662] Processed net bdw/design_1_i/hier_0/csum_rx_rss_0/inst/CSUM_UNIT/tcp_csum_cal/genblk2[2].M1/in1_reg_reg_n_0_[8].  Did not re-place instance bdw/design_1_i/hier_0/csum_rx_rss_0/inst/CSUM_UNIT/tcp_csum_cal/genblk2[2].M1/in1_reg_reg[8]
INFO: [Physopt 32-662] Processed net bdw/design_1_i/hier_0/csum_rx_rss_0/inst/CSUM_UNIT/byte_Counter/tdest_start_i_3_n_0.  Did not re-place instance bdw/design_1_i/hier_0/csum_rx_rss_0/inst/CSUM_UNIT/byte_Counter/tdest_start_i_3
INFO: [Physopt 32-662] Processed net bdw/design_1_i/hier_0/csum_rx_rss_0/inst/CSUM_UNIT/byte_Counter/E[0].  Did not re-place instance bdw/design_1_i/hier_0/csum_rx_rss_0/inst/CSUM_UNIT/byte_Counter/udp_length[15]_i_1
INFO: [Physopt 32-662] Processed net bdw/design_1_i/hier_0/csum_rx_rss_0/inst/CSUM_UNIT/byte_Counter/frame_has_protocol_tcp_0x06_i_9_n_0_repN.  Did not re-place instance bdw/design_1_i/hier_0/csum_rx_rss_0/inst/CSUM_UNIT/byte_Counter/frame_has_protocol_tcp_0x06_i_9_replica
INFO: [Physopt 32-662] Processed net bdw/design_1_i/hier_0/csum_rx_rss_0/inst/CSUM_UNIT/byte_Counter/tdest_start_i_4_n_0.  Did not re-place instance bdw/design_1_i/hier_0/csum_rx_rss_0/inst/CSUM_UNIT/byte_Counter/tdest_start_i_4_rewire
INFO: [Physopt 32-662] Processed net bdw/design_1_i/hier_0/csum_rx_rss_0/inst/CSUM_UNIT/status_Generator/udp_length_reg[15]_0[10].  Did not re-place instance bdw/design_1_i/hier_0/csum_rx_rss_0/inst/CSUM_UNIT/status_Generator/udp_length_reg[10]
INFO: [Physopt 32-662] Processed net bdw/design_1_i/hier_0/csum_rx_rss_0/inst/CSUM_UNIT/status_Generator/udp_length_reg[15]_0[12].  Did not re-place instance bdw/design_1_i/hier_0/csum_rx_rss_0/inst/CSUM_UNIT/status_Generator/udp_length_reg[12]
INFO: [Physopt 32-662] Processed net bdw/design_1_i/hier_0/csum_rx_rss_0/inst/CSUM_UNIT/status_Generator/udp_length_reg[15]_0[6].  Did not re-place instance bdw/design_1_i/hier_0/csum_rx_rss_0/inst/CSUM_UNIT/status_Generator/udp_length_reg[6]
INFO: [Physopt 32-662] Processed net bdw/design_1_i/hier_0/csum_rx_rss_0/inst/CSUM_UNIT/status_Generator/udp_length_reg[15]_0[8].  Did not re-place instance bdw/design_1_i/hier_0/csum_rx_rss_0/inst/CSUM_UNIT/status_Generator/udp_length_reg[8]
INFO: [Physopt 32-662] Processed net bdw/design_1_i/hier_0/csum_rx_rss_0/inst/CSUM_UNIT/byte_Counter/s00_axis_tdata[31]_0[3].  Did not re-place instance bdw/design_1_i/hier_0/csum_rx_rss_0/inst/CSUM_UNIT/byte_Counter/in2_reg[3]_i_1__2
INFO: [Physopt 32-662] Processed net bdw/design_1_i/hier_0/csum_rx_rss_0/inst/CSUM_UNIT/raw_csum_cal/genblk2[1].M1/in2_reg[3].  Did not re-place instance bdw/design_1_i/hier_0/csum_rx_rss_0/inst/CSUM_UNIT/raw_csum_cal/genblk2[1].M1/in2_reg_reg[3]
INFO: [Physopt 32-662] Processed net bdw/design_1_i/hier_0/csum_rx_rss_0/inst/CSUM_UNIT/status_Generator/udp_length_reg[15]_0[11].  Did not re-place instance bdw/design_1_i/hier_0/csum_rx_rss_0/inst/CSUM_UNIT/status_Generator/udp_length_reg[11]
INFO: [Physopt 32-662] Processed net bdw/design_1_i/hier_0/csum_rx_rss_0/inst/CSUM_UNIT/status_Generator/udp_length_reg[15]_0[13].  Did not re-place instance bdw/design_1_i/hier_0/csum_rx_rss_0/inst/CSUM_UNIT/status_Generator/udp_length_reg[13]
INFO: [Physopt 32-662] Processed net bdw/design_1_i/hier_0/csum_rx_rss_0/inst/CSUM_UNIT/status_Generator/udp_length_reg[15]_0[7].  Did not re-place instance bdw/design_1_i/hier_0/csum_rx_rss_0/inst/CSUM_UNIT/status_Generator/udp_length_reg[7]
INFO: [Physopt 32-662] Processed net bdw/design_1_i/hier_0/csum_rx_rss_0/inst/CSUM_UNIT/status_Generator/udp_length_reg[15]_0[9].  Did not re-place instance bdw/design_1_i/hier_0/csum_rx_rss_0/inst/CSUM_UNIT/status_Generator/udp_length_reg[9]
INFO: [Physopt 32-662] Processed net bdw/design_1_i/hier_0/csum_rx_rss_0/inst/CSUM_UNIT/byte_Counter/s00_axis_tdata[47]_0[5].  Did not re-place instance bdw/design_1_i/hier_0/csum_rx_rss_0/inst/CSUM_UNIT/byte_Counter/in1_reg[5]_i_1__2
INFO: [Physopt 32-662] Processed net bdw/design_1_i/hier_0/csum_rx_rss_0/inst/CSUM_UNIT/raw_csum_cal/genblk2[2].M1/in1_reg_reg_n_0_[5].  Did not re-place instance bdw/design_1_i/hier_0/csum_rx_rss_0/inst/CSUM_UNIT/raw_csum_cal/genblk2[2].M1/in1_reg_reg[5]
INFO: [Physopt 32-662] Processed net bdw/design_1_i/hier_0/csum_rx_rss_0/inst/CSUM_UNIT/byte_Counter/s00_axis_tdata[63]_1[6].  Did not re-place instance bdw/design_1_i/hier_0/csum_rx_rss_0/inst/CSUM_UNIT/byte_Counter/in2_reg[6]_i_1__3
INFO: [Physopt 32-662] Processed net bdw/design_1_i/hier_0/csum_rx_rss_0/inst/CSUM_UNIT/tcp_csum_cal/genblk2[2].M1/in2_reg_reg_n_0_[6].  Did not re-place instance bdw/design_1_i/hier_0/csum_rx_rss_0/inst/CSUM_UNIT/tcp_csum_cal/genblk2[2].M1/in2_reg_reg[6]
INFO: [Physopt 32-662] Processed net bdw/design_1_i/hier_0/csum_rx_rss_0/inst/CSUM_UNIT/byte_Counter/s00_axis_tdata[31]_0[2].  Did not re-place instance bdw/design_1_i/hier_0/csum_rx_rss_0/inst/CSUM_UNIT/byte_Counter/in2_reg[2]_i_1__2
INFO: [Physopt 32-662] Processed net bdw/design_1_i/hier_0/csum_rx_rss_0/inst/CSUM_UNIT/raw_csum_cal/genblk2[1].M1/in2_reg[2].  Did not re-place instance bdw/design_1_i/hier_0/csum_rx_rss_0/inst/CSUM_UNIT/raw_csum_cal/genblk2[1].M1/in2_reg_reg[2]
INFO: [Physopt 32-662] Processed net bdw/design_1_i/hier_0/csum_rx_rss_0/inst/CSUM_UNIT/byte_Counter/s00_axis_tdata[63]_2[3].  Did not re-place instance bdw/design_1_i/hier_0/csum_rx_rss_0/inst/CSUM_UNIT/byte_Counter/in2_reg[3]_i_1__4
INFO: [Physopt 32-662] Processed net bdw/design_1_i/hier_0/csum_rx_rss_0/inst/CSUM_UNIT/raw_csum_cal/genblk2[2].M1/in2_reg_reg_n_0_[3].  Did not re-place instance bdw/design_1_i/hier_0/csum_rx_rss_0/inst/CSUM_UNIT/raw_csum_cal/genblk2[2].M1/in2_reg_reg[3]
INFO: [Physopt 32-662] Processed net bdw/design_1_i/hier_0/csum_rx_rss_0/inst/CSUM_UNIT/byte_Counter/s00_axis_tdata[47]_0[3].  Did not re-place instance bdw/design_1_i/hier_0/csum_rx_rss_0/inst/CSUM_UNIT/byte_Counter/in1_reg[3]_i_1__2
INFO: [Physopt 32-662] Processed net bdw/design_1_i/hier_0/csum_rx_rss_0/inst/CSUM_UNIT/raw_csum_cal/genblk2[2].M1/in1_reg_reg_n_0_[3].  Did not re-place instance bdw/design_1_i/hier_0/csum_rx_rss_0/inst/CSUM_UNIT/raw_csum_cal/genblk2[2].M1/in1_reg_reg[3]
INFO: [Physopt 32-662] Processed net bdw/design_1_i/hier_0/csum_rx_rss_0/inst/CSUM_UNIT/byte_Counter/s00_axis_tdata[63]_1[0].  Did not re-place instance bdw/design_1_i/hier_0/csum_rx_rss_0/inst/CSUM_UNIT/byte_Counter/in2_reg[0]_i_1__3
INFO: [Physopt 32-662] Processed net bdw/design_1_i/hier_0/csum_rx_rss_0/inst/CSUM_UNIT/tcp_csum_cal/genblk2[2].M1/in2_reg_reg_n_0_[0].  Did not re-place instance bdw/design_1_i/hier_0/csum_rx_rss_0/inst/CSUM_UNIT/tcp_csum_cal/genblk2[2].M1/in2_reg_reg[0]
INFO: [Physopt 32-662] Processed net bdw/design_1_i/hier_0/csum_rx_rss_0/inst/CSUM_UNIT/byte_Counter/s00_axis_tdata[15]_0[10].  Did not re-place instance bdw/design_1_i/hier_0/csum_rx_rss_0/inst/CSUM_UNIT/byte_Counter/in1_reg[10]_i_1__0
INFO: [Physopt 32-662] Processed net bdw/design_1_i/hier_0/csum_rx_rss_0/inst/CSUM_UNIT/raw_csum_cal/genblk2[1].M1/in1_reg[10].  Did not re-place instance bdw/design_1_i/hier_0/csum_rx_rss_0/inst/CSUM_UNIT/raw_csum_cal/genblk2[1].M1/in1_reg_reg[10]
INFO: [Physopt 32-662] Processed net bdw/design_1_i/hier_0/csum_rx_rss_0/inst/CSUM_UNIT/byte_Counter/s00_axis_tdata[31]_0[7].  Did not re-place instance bdw/design_1_i/hier_0/csum_rx_rss_0/inst/CSUM_UNIT/byte_Counter/in2_reg[7]_i_1__2
INFO: [Physopt 32-662] Processed net bdw/design_1_i/hier_0/csum_rx_rss_0/inst/CSUM_UNIT/byte_Counter/s00_axis_tdata[63]_1[5].  Did not re-place instance bdw/design_1_i/hier_0/csum_rx_rss_0/inst/CSUM_UNIT/byte_Counter/in2_reg[5]_i_1__3
INFO: [Physopt 32-662] Processed net bdw/design_1_i/hier_0/csum_rx_rss_0/inst/CSUM_UNIT/raw_csum_cal/genblk2[1].M1/in2_reg[7].  Did not re-place instance bdw/design_1_i/hier_0/csum_rx_rss_0/inst/CSUM_UNIT/raw_csum_cal/genblk2[1].M1/in2_reg_reg[7]
INFO: [Physopt 32-662] Processed net bdw/design_1_i/hier_0/csum_rx_rss_0/inst/CSUM_UNIT/tcp_csum_cal/genblk2[2].M1/in2_reg_reg_n_0_[5].  Did not re-place instance bdw/design_1_i/hier_0/csum_rx_rss_0/inst/CSUM_UNIT/tcp_csum_cal/genblk2[2].M1/in2_reg_reg[5]
INFO: [Physopt 32-662] Processed net bdw/design_1_i/hier_0/csum_rx_rss_0/inst/CSUM_UNIT/byte_Counter/s00_axis_tdata[47]_0[7].  Did not re-place instance bdw/design_1_i/hier_0/csum_rx_rss_0/inst/CSUM_UNIT/byte_Counter/in1_reg[7]_i_1__2
INFO: [Physopt 32-662] Processed net bdw/design_1_i/hier_0/csum_rx_rss_0/inst/CSUM_UNIT/raw_csum_cal/genblk2[2].M1/in1_reg_reg_n_0_[7].  Did not re-place instance bdw/design_1_i/hier_0/csum_rx_rss_0/inst/CSUM_UNIT/raw_csum_cal/genblk2[2].M1/in1_reg_reg[7]
INFO: [Physopt 32-662] Processed net bdw/design_1_i/hier_0/csum_rx_rss_0/inst/CSUM_UNIT/byte_Counter/frame_has_protocol_tcp_0x06_i_4_n_0.  Did not re-place instance bdw/design_1_i/hier_0/csum_rx_rss_0/inst/CSUM_UNIT/byte_Counter/frame_has_protocol_tcp_0x06_i_4_rewire
INFO: [Physopt 32-662] Processed net bdw/design_1_i/hier_0/csum_rx_rss_0/inst/CSUM_UNIT/byte_Counter/in2_reg[15]_i_2__1_n_0.  Did not re-place instance bdw/design_1_i/hier_0/csum_rx_rss_0/inst/CSUM_UNIT/byte_Counter/in2_reg[15]_i_2__1
INFO: [Physopt 32-662] Processed net bdw/design_1_i/hier_0/csum_rx_rss_0/inst/CSUM_UNIT/byte_Counter/s00_axis_tdata[15]_0[12].  Did not re-place instance bdw/design_1_i/hier_0/csum_rx_rss_0/inst/CSUM_UNIT/byte_Counter/in1_reg[12]_i_1__0
INFO: [Physopt 32-662] Processed net bdw/design_1_i/hier_0/csum_rx_rss_0/inst/CSUM_UNIT/byte_Counter/s00_axis_tdata[31]_0[8].  Did not re-place instance bdw/design_1_i/hier_0/csum_rx_rss_0/inst/CSUM_UNIT/byte_Counter/in2_reg[8]_i_1__2
INFO: [Physopt 32-662] Processed net bdw/design_1_i/hier_0/csum_rx_rss_0/inst/CSUM_UNIT/byte_Counter/s00_axis_tdata[63]_0[3].  Did not re-place instance bdw/design_1_i/hier_0/csum_rx_rss_0/inst/CSUM_UNIT/byte_Counter/in2_reg[3]_i_1__0
INFO: [Physopt 32-662] Processed net bdw/design_1_i/hier_0/csum_rx_rss_0/inst/CSUM_UNIT/raw_csum_cal/genblk2[1].M1/in1_reg[12].  Did not re-place instance bdw/design_1_i/hier_0/csum_rx_rss_0/inst/CSUM_UNIT/raw_csum_cal/genblk2[1].M1/in1_reg_reg[12]
INFO: [Physopt 32-662] Processed net bdw/design_1_i/hier_0/csum_rx_rss_0/inst/CSUM_UNIT/ip_csum_cal/genblk2[2].M1/in2_reg_reg_n_0_[3].  Did not re-place instance bdw/design_1_i/hier_0/csum_rx_rss_0/inst/CSUM_UNIT/ip_csum_cal/genblk2[2].M1/in2_reg_reg[3]
INFO: [Physopt 32-662] Processed net bdw/design_1_i/hier_0/csum_rx_rss_0/inst/CSUM_UNIT/raw_csum_cal/genblk2[1].M1/in2_reg[8].  Did not re-place instance bdw/design_1_i/hier_0/csum_rx_rss_0/inst/CSUM_UNIT/raw_csum_cal/genblk2[1].M1/in2_reg_reg[8]
INFO: [Physopt 32-662] Processed net bdw/design_1_i/hier_0/csum_rx_rss_0/inst/CSUM_UNIT/byte_Counter/s00_axis_tdata[31]_0[12].  Did not re-place instance bdw/design_1_i/hier_0/csum_rx_rss_0/inst/CSUM_UNIT/byte_Counter/in2_reg[12]_i_1__2
INFO: [Physopt 32-662] Processed net bdw/design_1_i/hier_0/csum_rx_rss_0/inst/CSUM_UNIT/raw_csum_cal/genblk2[1].M1/in2_reg[12].  Did not re-place instance bdw/design_1_i/hier_0/csum_rx_rss_0/inst/CSUM_UNIT/raw_csum_cal/genblk2[1].M1/in2_reg_reg[12]
INFO: [Physopt 32-662] Processed net bdw/design_1_i/hier_0/csum_rx_rss_0/inst/CSUM_UNIT/byte_Counter/in2_reg[15]_i_2__0_n_0.  Did not re-place instance bdw/design_1_i/hier_0/csum_rx_rss_0/inst/CSUM_UNIT/byte_Counter/in2_reg[15]_i_2__0
INFO: [Physopt 32-662] Processed net bdw/design_1_i/hier_0/csum_rx_rss_0/inst/CSUM_UNIT/byte_Counter/s00_axis_tdata[31][15].  Did not re-place instance bdw/design_1_i/hier_0/csum_rx_rss_0/inst/CSUM_UNIT/byte_Counter/in2_reg[15]_i_1__1
INFO: [Physopt 32-662] Processed net bdw/design_1_i/hier_0/csum_rx_rss_0/inst/CSUM_UNIT/tcp_csum_cal/genblk2[1].M1/in2_reg[15].  Did not re-place instance bdw/design_1_i/hier_0/csum_rx_rss_0/inst/CSUM_UNIT/tcp_csum_cal/genblk2[1].M1/in2_reg_reg[15]
INFO: [Physopt 32-662] Processed net bdw/design_1_i/hier_0/csum_rx_rss_0/inst/CSUM_UNIT/byte_Counter/s00_axis_tdata[63]_0[10].  Did not re-place instance bdw/design_1_i/hier_0/csum_rx_rss_0/inst/CSUM_UNIT/byte_Counter/in2_reg[10]_i_1__0
INFO: [Physopt 32-662] Processed net bdw/design_1_i/hier_0/csum_rx_rss_0/inst/CSUM_UNIT/ip_csum_cal/genblk2[2].M1/in2_reg_reg_n_0_[10].  Did not re-place instance bdw/design_1_i/hier_0/csum_rx_rss_0/inst/CSUM_UNIT/ip_csum_cal/genblk2[2].M1/in2_reg_reg[10]
INFO: [Physopt 32-662] Processed net bdw/design_1_i/hier_0/csum_rx_rss_0/inst/CSUM_UNIT/byte_Counter/s00_axis_tdata[63]_0[14].  Did not re-place instance bdw/design_1_i/hier_0/csum_rx_rss_0/inst/CSUM_UNIT/byte_Counter/in2_reg[14]_i_1__0
INFO: [Physopt 32-662] Processed net bdw/design_1_i/hier_0/csum_rx_rss_0/inst/CSUM_UNIT/ip_csum_cal/genblk2[2].M1/in2_reg_reg_n_0_[14].  Did not re-place instance bdw/design_1_i/hier_0/csum_rx_rss_0/inst/CSUM_UNIT/ip_csum_cal/genblk2[2].M1/in2_reg_reg[14]
INFO: [Physopt 32-662] Processed net bdw/design_1_i/hier_0/csum_rx_rss_0/inst/CSUM_UNIT/byte_Counter/s00_axis_tdata[63]_1[13].  Did not re-place instance bdw/design_1_i/hier_0/csum_rx_rss_0/inst/CSUM_UNIT/byte_Counter/in2_reg[13]_i_1__3
INFO: [Physopt 32-662] Processed net bdw/design_1_i/hier_0/csum_rx_rss_0/inst/CSUM_UNIT/tcp_csum_cal/genblk2[2].M1/in2_reg_reg_n_0_[13].  Did not re-place instance bdw/design_1_i/hier_0/csum_rx_rss_0/inst/CSUM_UNIT/tcp_csum_cal/genblk2[2].M1/in2_reg_reg[13]
INFO: [Physopt 32-662] Processed net bdw/design_1_i/hier_0/csum_rx_rss_0/inst/CSUM_UNIT/byte_Counter/s00_axis_tdata[31][13].  Did not re-place instance bdw/design_1_i/hier_0/csum_rx_rss_0/inst/CSUM_UNIT/byte_Counter/in2_reg[13]_i_1__1
INFO: [Physopt 32-662] Processed net bdw/design_1_i/hier_0/csum_rx_rss_0/inst/CSUM_UNIT/tcp_csum_cal/genblk2[1].M1/in2_reg[13].  Did not re-place instance bdw/design_1_i/hier_0/csum_rx_rss_0/inst/CSUM_UNIT/tcp_csum_cal/genblk2[1].M1/in2_reg_reg[13]
INFO: [Physopt 32-662] Processed net bdw/design_1_i/hier_0/csum_rx_rss_0/inst/CSUM_UNIT/byte_Counter/s00_axis_tdata[31]_0[10].  Did not re-place instance bdw/design_1_i/hier_0/csum_rx_rss_0/inst/CSUM_UNIT/byte_Counter/in2_reg[10]_i_1__2
INFO: [Physopt 32-662] Processed net bdw/design_1_i/hier_0/csum_rx_rss_0/inst/CSUM_UNIT/byte_Counter/s00_axis_tdata[63]_0[0].  Did not re-place instance bdw/design_1_i/hier_0/csum_rx_rss_0/inst/CSUM_UNIT/byte_Counter/in2_reg[0]_i_1__0
INFO: [Physopt 32-662] Processed net bdw/design_1_i/hier_0/csum_rx_rss_0/inst/CSUM_UNIT/ip_csum_cal/genblk2[2].M1/in2_reg_reg_n_0_[0].  Did not re-place instance bdw/design_1_i/hier_0/csum_rx_rss_0/inst/CSUM_UNIT/ip_csum_cal/genblk2[2].M1/in2_reg_reg[0]
INFO: [Physopt 32-662] Processed net bdw/design_1_i/hier_0/csum_rx_rss_0/inst/CSUM_UNIT/raw_csum_cal/genblk2[1].M1/in2_reg[10].  Did not re-place instance bdw/design_1_i/hier_0/csum_rx_rss_0/inst/CSUM_UNIT/raw_csum_cal/genblk2[1].M1/in2_reg_reg[10]
INFO: [Physopt 32-662] Processed net bdw/design_1_i/hier_0/csum_rx_rss_0/inst/CSUM_UNIT/byte_Counter/s00_axis_tdata[63]_0[4].  Did not re-place instance bdw/design_1_i/hier_0/csum_rx_rss_0/inst/CSUM_UNIT/byte_Counter/in2_reg[4]_i_1__0
INFO: [Physopt 32-662] Processed net bdw/design_1_i/hier_0/csum_rx_rss_0/inst/CSUM_UNIT/ip_csum_cal/genblk2[2].M1/in2_reg_reg_n_0_[4].  Did not re-place instance bdw/design_1_i/hier_0/csum_rx_rss_0/inst/CSUM_UNIT/ip_csum_cal/genblk2[2].M1/in2_reg_reg[4]
INFO: [Physopt 32-662] Processed net bdw/design_1_i/hier_0/csum_rx_rss_0/inst/CSUM_UNIT/byte_Counter/in2_reg[15]_i_5__1_n_0.  Did not re-place instance bdw/design_1_i/hier_0/csum_rx_rss_0/inst/CSUM_UNIT/byte_Counter/in2_reg[15]_i_5__1_rewire
INFO: [Physopt 32-662] Processed net bdw/design_1_i/hier_0/csum_rx_rss_0/inst/CSUM_UNIT/byte_Counter/s00_axis_tdata[31][11].  Did not re-place instance bdw/design_1_i/hier_0/csum_rx_rss_0/inst/CSUM_UNIT/byte_Counter/in2_reg[11]_i_1__1
INFO: [Physopt 32-662] Processed net bdw/design_1_i/hier_0/csum_rx_rss_0/inst/CSUM_UNIT/byte_Counter/s00_axis_tdata[31]_0[9].  Did not re-place instance bdw/design_1_i/hier_0/csum_rx_rss_0/inst/CSUM_UNIT/byte_Counter/in2_reg[9]_i_1__2
INFO: [Physopt 32-662] Processed net bdw/design_1_i/hier_0/csum_rx_rss_0/inst/CSUM_UNIT/raw_csum_cal/genblk2[1].M1/in2_reg[9].  Did not re-place instance bdw/design_1_i/hier_0/csum_rx_rss_0/inst/CSUM_UNIT/raw_csum_cal/genblk2[1].M1/in2_reg_reg[9]
INFO: [Physopt 32-662] Processed net bdw/design_1_i/hier_0/csum_rx_rss_0/inst/CSUM_UNIT/tcp_csum_cal/genblk2[1].M1/in2_reg[11].  Did not re-place instance bdw/design_1_i/hier_0/csum_rx_rss_0/inst/CSUM_UNIT/tcp_csum_cal/genblk2[1].M1/in2_reg_reg[11]
INFO: [Physopt 32-662] Processed net bdw/design_1_i/hier_0/csum_rx_rss_0/inst/CSUM_UNIT/byte_Counter/s00_axis_tdata[15]_0[6].  Did not re-place instance bdw/design_1_i/hier_0/csum_rx_rss_0/inst/CSUM_UNIT/byte_Counter/in1_reg[6]_i_1__0
INFO: [Physopt 32-662] Processed net bdw/design_1_i/hier_0/csum_rx_rss_0/inst/CSUM_UNIT/raw_csum_cal/genblk2[1].M1/in1_reg[6].  Did not re-place instance bdw/design_1_i/hier_0/csum_rx_rss_0/inst/CSUM_UNIT/raw_csum_cal/genblk2[1].M1/in1_reg_reg[6]
INFO: [Physopt 32-662] Processed net bdw/design_1_i/hier_0/csum_rx_rss_0/inst/CSUM_UNIT/byte_Counter/s00_axis_tdata[63]_0[8].  Did not re-place instance bdw/design_1_i/hier_0/csum_rx_rss_0/inst/CSUM_UNIT/byte_Counter/in2_reg[8]_i_1__0
INFO: [Physopt 32-662] Processed net bdw/design_1_i/hier_0/csum_rx_rss_0/inst/CSUM_UNIT/ip_csum_cal/genblk2[2].M1/in2_reg_reg_n_0_[8].  Did not re-place instance bdw/design_1_i/hier_0/csum_rx_rss_0/inst/CSUM_UNIT/ip_csum_cal/genblk2[2].M1/in2_reg_reg[8]
INFO: [Physopt 32-662] Processed net bdw/design_1_i/hier_0/csum_rx_rss_0/inst/CSUM_UNIT/byte_Counter/s00_axis_tdata[47]_0[4].  Did not re-place instance bdw/design_1_i/hier_0/csum_rx_rss_0/inst/CSUM_UNIT/byte_Counter/in1_reg[4]_i_1__2
INFO: [Physopt 32-662] Processed net bdw/design_1_i/hier_0/csum_rx_rss_0/inst/CSUM_UNIT/raw_csum_cal/genblk2[2].M1/in1_reg_reg_n_0_[4].  Did not re-place instance bdw/design_1_i/hier_0/csum_rx_rss_0/inst/CSUM_UNIT/raw_csum_cal/genblk2[2].M1/in1_reg_reg[4]
INFO: [Physopt 32-662] Processed net bdw/design_1_i/hier_0/csum_rx_rss_0/inst/CSUM_UNIT/byte_Counter/s00_axis_tdata[47]_0[15].  Did not re-place instance bdw/design_1_i/hier_0/csum_rx_rss_0/inst/CSUM_UNIT/byte_Counter/in1_reg[15]_i_1__2
INFO: [Physopt 32-662] Processed net bdw/design_1_i/hier_0/csum_rx_rss_0/inst/CSUM_UNIT/raw_csum_cal/genblk2[2].M1/in1_reg_reg_n_0_[15].  Did not re-place instance bdw/design_1_i/hier_0/csum_rx_rss_0/inst/CSUM_UNIT/raw_csum_cal/genblk2[2].M1/in1_reg_reg[15]
INFO: [Physopt 32-662] Processed net bdw/design_1_i/hier_0/csum_rx_rss_0/inst/CSUM_UNIT/byte_Counter/in2_reg[7]_i_4_n_0.  Did not re-place instance bdw/design_1_i/hier_0/csum_rx_rss_0/inst/CSUM_UNIT/byte_Counter/in2_reg[7]_i_4
INFO: [Physopt 32-662] Processed net bdw/design_1_i/hier_0/csum_rx_rss_0/inst/CSUM_UNIT/byte_Counter/frame_has_protocol_tcp_0x06_i_4_n_0_repN.  Did not re-place instance bdw/design_1_i/hier_0/csum_rx_rss_0/inst/CSUM_UNIT/byte_Counter/frame_has_protocol_tcp_0x06_i_4_replica
INFO: [Physopt 32-662] Processed net bdw/design_1_i/hier_0/csum_rx_rss_0/inst/CSUM_UNIT/byte_Counter/in1_reg[15]_i_2__0_n_0.  Did not re-place instance bdw/design_1_i/hier_0/csum_rx_rss_0/inst/CSUM_UNIT/byte_Counter/in1_reg[15]_i_2__0
INFO: [Physopt 32-662] Processed net bdw/design_1_i/hier_0/csum_rx_rss_0/inst/CSUM_UNIT/byte_Counter/s00_axis_tdata[47]_1[0].  Did not re-place instance bdw/design_1_i/hier_0/csum_rx_rss_0/inst/CSUM_UNIT/byte_Counter/in1_reg[0]_i_1__4
INFO: [Physopt 32-662] Processed net bdw/design_1_i/hier_0/csum_rx_rss_0/inst/CSUM_UNIT/ip_csum_cal/genblk2[2].M1/in1_reg_reg_n_0_[0].  Did not re-place instance bdw/design_1_i/hier_0/csum_rx_rss_0/inst/CSUM_UNIT/ip_csum_cal/genblk2[2].M1/in1_reg_reg[0]
INFO: [Physopt 32-662] Processed net bdw/design_1_i/hier_0/csum_rx_rss_0/inst/CSUM_UNIT/byte_Counter/s00_axis_tdata[47]_1[13].  Did not re-place instance bdw/design_1_i/hier_0/csum_rx_rss_0/inst/CSUM_UNIT/byte_Counter/in1_reg[13]_i_1__4
INFO: [Physopt 32-662] Processed net bdw/design_1_i/hier_0/csum_rx_rss_0/inst/CSUM_UNIT/ip_csum_cal/genblk2[2].M1/in1_reg_reg_n_0_[13].  Did not re-place instance bdw/design_1_i/hier_0/csum_rx_rss_0/inst/CSUM_UNIT/ip_csum_cal/genblk2[2].M1/in1_reg_reg[13]
INFO: [Physopt 32-662] Processed net bdw/design_1_i/hier_0/csum_rx_rss_0/inst/CSUM_UNIT/byte_Counter/s00_axis_tdata[63]_0[6].  Did not re-place instance bdw/design_1_i/hier_0/csum_rx_rss_0/inst/CSUM_UNIT/byte_Counter/in2_reg[6]_i_1__0
INFO: [Physopt 32-662] Processed net bdw/design_1_i/hier_0/csum_rx_rss_0/inst/CSUM_UNIT/ip_csum_cal/genblk2[2].M1/in2_reg_reg_n_0_[6].  Did not re-place instance bdw/design_1_i/hier_0/csum_rx_rss_0/inst/CSUM_UNIT/ip_csum_cal/genblk2[2].M1/in2_reg_reg[6]
INFO: [Physopt 32-662] Processed net bdw/design_1_i/hier_0/csum_rx_rss_0/inst/CSUM_UNIT/byte_Counter/s00_axis_tdata[47]_1[10].  Did not re-place instance bdw/design_1_i/hier_0/csum_rx_rss_0/inst/CSUM_UNIT/byte_Counter/in1_reg[10]_i_1__4
INFO: [Physopt 32-662] Processed net bdw/design_1_i/hier_0/csum_rx_rss_0/inst/CSUM_UNIT/ip_csum_cal/genblk2[2].M1/in1_reg_reg_n_0_[10].  Did not re-place instance bdw/design_1_i/hier_0/csum_rx_rss_0/inst/CSUM_UNIT/ip_csum_cal/genblk2[2].M1/in1_reg_reg[10]
INFO: [Physopt 32-662] Processed net bdw/design_1_i/hier_0/csum_rx_rss_0/inst/CSUM_UNIT/byte_Counter/csumEn_stg1_i_5_n_0.  Did not re-place instance bdw/design_1_i/hier_0/csum_rx_rss_0/inst/CSUM_UNIT/byte_Counter/csumEn_stg1_i_5
INFO: [Physopt 32-662] Processed net bdw/design_1_i/hier_0/csum_rx_rss_0/inst/CSUM_UNIT/byte_Counter/in2_reg[15]_i_11_n_0.  Did not re-place instance bdw/design_1_i/hier_0/csum_rx_rss_0/inst/CSUM_UNIT/byte_Counter/in2_reg[15]_i_11
INFO: [Physopt 32-662] Processed net bdw/design_1_i/hier_0/csum_rx_rss_0/inst/CSUM_UNIT/byte_Counter/s00_axis_tdata[47]_1[11].  Did not re-place instance bdw/design_1_i/hier_0/csum_rx_rss_0/inst/CSUM_UNIT/byte_Counter/in1_reg[11]_i_1__4
INFO: [Physopt 32-662] Processed net bdw/design_1_i/hier_0/csum_rx_rss_0/inst/CSUM_UNIT/ip_csum_cal/genblk2[2].M1/in1_reg_reg_n_0_[11].  Did not re-place instance bdw/design_1_i/hier_0/csum_rx_rss_0/inst/CSUM_UNIT/ip_csum_cal/genblk2[2].M1/in1_reg_reg[11]
INFO: [Physopt 32-662] Processed net bdw/design_1_i/hier_0/csum_rx_rss_0/inst/CSUM_UNIT/byte_Counter/in1_reg[15]_i_2_n_0.  Did not re-place instance bdw/design_1_i/hier_0/csum_rx_rss_0/inst/CSUM_UNIT/byte_Counter/in1_reg[15]_i_2
INFO: [Physopt 32-663] Processed net bdw/design_1_i/hier_0/csum_rx_rss_0/inst/CSUM_UNIT/byte_Counter/s00_axis_tdata[15][9].  Re-placed instance bdw/design_1_i/hier_0/csum_rx_rss_0/inst/CSUM_UNIT/byte_Counter/in1_reg[9]_i_1
INFO: [Physopt 32-662] Processed net bdw/design_1_i/hier_0/csum_rx_rss_0/inst/CSUM_UNIT/tcp_csum_cal/genblk2[1].M1/in1_reg[9].  Did not re-place instance bdw/design_1_i/hier_0/csum_rx_rss_0/inst/CSUM_UNIT/tcp_csum_cal/genblk2[1].M1/in1_reg_reg[9]
INFO: [Physopt 32-662] Processed net bdw/design_1_i/hier_0/csum_rx_rss_0/inst/CSUM_UNIT/byte_Counter/s00_axis_tdata[15][13].  Did not re-place instance bdw/design_1_i/hier_0/csum_rx_rss_0/inst/CSUM_UNIT/byte_Counter/in1_reg[13]_i_1
INFO: [Physopt 32-662] Processed net bdw/design_1_i/hier_0/csum_rx_rss_0/inst/CSUM_UNIT/byte_Counter/s00_axis_tdata[15][14].  Did not re-place instance bdw/design_1_i/hier_0/csum_rx_rss_0/inst/CSUM_UNIT/byte_Counter/in1_reg[14]_i_1
INFO: [Physopt 32-662] Processed net bdw/design_1_i/hier_0/csum_rx_rss_0/inst/CSUM_UNIT/tcp_csum_cal/genblk2[1].M1/in1_reg[13].  Did not re-place instance bdw/design_1_i/hier_0/csum_rx_rss_0/inst/CSUM_UNIT/tcp_csum_cal/genblk2[1].M1/in1_reg_reg[13]
INFO: [Physopt 32-662] Processed net bdw/design_1_i/hier_0/csum_rx_rss_0/inst/CSUM_UNIT/tcp_csum_cal/genblk2[1].M1/in1_reg[14].  Did not re-place instance bdw/design_1_i/hier_0/csum_rx_rss_0/inst/CSUM_UNIT/tcp_csum_cal/genblk2[1].M1/in1_reg_reg[14]
INFO: [Physopt 32-662] Processed net bdw/design_1_i/hier_0/csum_rx_rss_0/inst/CSUM_UNIT/byte_Counter/s00_axis_tdata[15]_0[14].  Did not re-place instance bdw/design_1_i/hier_0/csum_rx_rss_0/inst/CSUM_UNIT/byte_Counter/in1_reg[14]_i_1__0
INFO: [Physopt 32-662] Processed net bdw/design_1_i/hier_0/csum_rx_rss_0/inst/CSUM_UNIT/raw_csum_cal/genblk2[1].M1/in1_reg[14].  Did not re-place instance bdw/design_1_i/hier_0/csum_rx_rss_0/inst/CSUM_UNIT/raw_csum_cal/genblk2[1].M1/in1_reg_reg[14]
INFO: [Physopt 32-662] Processed net bdw/design_1_i/hier_0/csum_rx_rss_0/inst/CSUM_UNIT/byte_Counter/s00_axis_tdata[15]_0[13].  Did not re-place instance bdw/design_1_i/hier_0/csum_rx_rss_0/inst/CSUM_UNIT/byte_Counter/in1_reg[13]_i_1__0
INFO: [Physopt 32-662] Processed net bdw/design_1_i/hier_0/csum_rx_rss_0/inst/CSUM_UNIT/raw_csum_cal/genblk2[1].M1/in1_reg[13].  Did not re-place instance bdw/design_1_i/hier_0/csum_rx_rss_0/inst/CSUM_UNIT/raw_csum_cal/genblk2[1].M1/in1_reg_reg[13]
INFO: [Physopt 32-662] Processed net bdw/design_1_i/hier_0/csum_rx_rss_0/inst/CSUM_UNIT/byte_Counter/s00_axis_tdata[31]_0[5].  Did not re-place instance bdw/design_1_i/hier_0/csum_rx_rss_0/inst/CSUM_UNIT/byte_Counter/in2_reg[5]_i_1__2
INFO: [Physopt 32-662] Processed net bdw/design_1_i/hier_0/csum_rx_rss_0/inst/CSUM_UNIT/byte_Counter/s00_axis_tdata[63]_0[1].  Did not re-place instance bdw/design_1_i/hier_0/csum_rx_rss_0/inst/CSUM_UNIT/byte_Counter/in2_reg[1]_i_1__0
INFO: [Physopt 32-662] Processed net bdw/design_1_i/hier_0/csum_rx_rss_0/inst/CSUM_UNIT/byte_Counter/s00_axis_tdata[63]_0[9].  Did not re-place instance bdw/design_1_i/hier_0/csum_rx_rss_0/inst/CSUM_UNIT/byte_Counter/in2_reg[9]_i_1__0
INFO: [Physopt 32-662] Processed net bdw/design_1_i/hier_0/csum_rx_rss_0/inst/CSUM_UNIT/ip_csum_cal/genblk2[2].M1/in2_reg_reg_n_0_[1].  Did not re-place instance bdw/design_1_i/hier_0/csum_rx_rss_0/inst/CSUM_UNIT/ip_csum_cal/genblk2[2].M1/in2_reg_reg[1]
INFO: [Physopt 32-662] Processed net bdw/design_1_i/hier_0/csum_rx_rss_0/inst/CSUM_UNIT/ip_csum_cal/genblk2[2].M1/in2_reg_reg_n_0_[9].  Did not re-place instance bdw/design_1_i/hier_0/csum_rx_rss_0/inst/CSUM_UNIT/ip_csum_cal/genblk2[2].M1/in2_reg_reg[9]
INFO: [Physopt 32-662] Processed net bdw/design_1_i/hier_0/csum_rx_rss_0/inst/CSUM_UNIT/raw_csum_cal/genblk2[1].M1/in2_reg[5].  Did not re-place instance bdw/design_1_i/hier_0/csum_rx_rss_0/inst/CSUM_UNIT/raw_csum_cal/genblk2[1].M1/in2_reg_reg[5]
INFO: [Physopt 32-662] Processed net bdw/design_1_i/hier_0/csum_rx_rss_0/inst/CSUM_UNIT/byte_Counter/s00_axis_tdata[63]_1[14].  Did not re-place instance bdw/design_1_i/hier_0/csum_rx_rss_0/inst/CSUM_UNIT/byte_Counter/in2_reg[14]_i_1__3
INFO: [Physopt 32-662] Processed net bdw/design_1_i/hier_0/csum_rx_rss_0/inst/CSUM_UNIT/tcp_csum_cal/genblk2[2].M1/in2_reg_reg_n_0_[14].  Did not re-place instance bdw/design_1_i/hier_0/csum_rx_rss_0/inst/CSUM_UNIT/tcp_csum_cal/genblk2[2].M1/in2_reg_reg[14]
INFO: [Physopt 32-662] Processed net bdw/design_1_i/hier_0/csum_rx_rss_0/inst/CSUM_UNIT/byte_Counter/s00_axis_tdata[31]_0[4].  Did not re-place instance bdw/design_1_i/hier_0/csum_rx_rss_0/inst/CSUM_UNIT/byte_Counter/in2_reg[4]_i_1__2
INFO: [Physopt 32-662] Processed net bdw/design_1_i/hier_0/csum_rx_rss_0/inst/CSUM_UNIT/raw_csum_cal/genblk2[1].M1/in2_reg[4].  Did not re-place instance bdw/design_1_i/hier_0/csum_rx_rss_0/inst/CSUM_UNIT/raw_csum_cal/genblk2[1].M1/in2_reg_reg[4]
INFO: [Physopt 32-662] Processed net bdw/design_1_i/hier_0/csum_rx_rss_0/inst/CSUM_UNIT/byte_Counter/s00_axis_tdata[31][14].  Did not re-place instance bdw/design_1_i/hier_0/csum_rx_rss_0/inst/CSUM_UNIT/byte_Counter/in2_reg[14]_i_1__1
INFO: [Physopt 32-662] Processed net bdw/design_1_i/hier_0/csum_rx_rss_0/inst/CSUM_UNIT/tcp_csum_cal/genblk2[1].M1/in2_reg[14].  Did not re-place instance bdw/design_1_i/hier_0/csum_rx_rss_0/inst/CSUM_UNIT/tcp_csum_cal/genblk2[1].M1/in2_reg_reg[14]
INFO: [Physopt 32-662] Processed net bdw/design_1_i/hier_0/csum_rx_rss_0/inst/CSUM_UNIT/byte_Counter/s00_axis_tdata[15]_0[11].  Did not re-place instance bdw/design_1_i/hier_0/csum_rx_rss_0/inst/CSUM_UNIT/byte_Counter/in1_reg[11]_i_1__0
INFO: [Physopt 32-662] Processed net bdw/design_1_i/hier_0/csum_rx_rss_0/inst/CSUM_UNIT/raw_csum_cal/genblk2[1].M1/in1_reg[11].  Did not re-place instance bdw/design_1_i/hier_0/csum_rx_rss_0/inst/CSUM_UNIT/raw_csum_cal/genblk2[1].M1/in1_reg_reg[11]
INFO: [Physopt 32-662] Processed net bdw/design_1_i/hier_0/csum_rx_rss_0/inst/CSUM_UNIT/byte_Counter/in2_reg[15]_i_8_n_0.  Did not re-place instance bdw/design_1_i/hier_0/csum_rx_rss_0/inst/CSUM_UNIT/byte_Counter/in2_reg[15]_i_8
INFO: [Physopt 32-662] Processed net bdw/design_1_i/hier_0/csum_rx_rss_0/inst/CSUM_UNIT/byte_Counter/s00_axis_tdata[63]_0[11].  Did not re-place instance bdw/design_1_i/hier_0/csum_rx_rss_0/inst/CSUM_UNIT/byte_Counter/in2_reg[11]_i_1__0
INFO: [Physopt 32-662] Processed net bdw/design_1_i/hier_0/csum_rx_rss_0/inst/CSUM_UNIT/byte_Counter/s00_axis_tdata[63]_0[15].  Did not re-place instance bdw/design_1_i/hier_0/csum_rx_rss_0/inst/CSUM_UNIT/byte_Counter/in2_reg[15]_i_1__0
INFO: [Physopt 32-662] Processed net bdw/design_1_i/hier_0/csum_rx_rss_0/inst/CSUM_UNIT/ip_csum_cal/genblk2[2].M1/in2_reg_reg_n_0_[11].  Did not re-place instance bdw/design_1_i/hier_0/csum_rx_rss_0/inst/CSUM_UNIT/ip_csum_cal/genblk2[2].M1/in2_reg_reg[11]
INFO: [Physopt 32-662] Processed net bdw/design_1_i/hier_0/csum_rx_rss_0/inst/CSUM_UNIT/ip_csum_cal/genblk2[2].M1/in2_reg_reg_n_0_[15].  Did not re-place instance bdw/design_1_i/hier_0/csum_rx_rss_0/inst/CSUM_UNIT/ip_csum_cal/genblk2[2].M1/in2_reg_reg[15]
INFO: [Physopt 32-662] Processed net bdw/design_1_i/hier_0/csum_rx_rss_0/inst/CSUM_UNIT/byte_Counter/s00_axis_tdata[63]_0[5].  Did not re-place instance bdw/design_1_i/hier_0/csum_rx_rss_0/inst/CSUM_UNIT/byte_Counter/in2_reg[5]_i_1__0
INFO: [Physopt 32-662] Processed net bdw/design_1_i/hier_0/csum_rx_rss_0/inst/CSUM_UNIT/ip_csum_cal/genblk2[2].M1/in2_reg_reg_n_0_[5].  Did not re-place instance bdw/design_1_i/hier_0/csum_rx_rss_0/inst/CSUM_UNIT/ip_csum_cal/genblk2[2].M1/in2_reg_reg[5]
INFO: [Physopt 32-662] Processed net bdw/design_1_i/hier_0/csum_rx_rss_0/inst/CSUM_UNIT/byte_Counter/s00_axis_tdata[31]_0[1].  Did not re-place instance bdw/design_1_i/hier_0/csum_rx_rss_0/inst/CSUM_UNIT/byte_Counter/in2_reg[1]_i_1__2
INFO: [Physopt 32-662] Processed net bdw/design_1_i/hier_0/csum_rx_rss_0/inst/CSUM_UNIT/raw_csum_cal/genblk2[1].M1/in2_reg[1].  Did not re-place instance bdw/design_1_i/hier_0/csum_rx_rss_0/inst/CSUM_UNIT/raw_csum_cal/genblk2[1].M1/in2_reg_reg[1]
INFO: [Physopt 32-662] Processed net bdw/design_1_i/hier_0/csum_rx_rss_0/inst/CSUM_UNIT/status_Generator/udp_length_reg[15]_0[0].  Did not re-place instance bdw/design_1_i/hier_0/csum_rx_rss_0/inst/CSUM_UNIT/status_Generator/udp_length_reg[0]
INFO: [Physopt 32-662] Processed net bdw/design_1_i/hier_0/csum_rx_rss_0/inst/CSUM_UNIT/status_Generator/udp_length_reg[15]_0[14].  Did not re-place instance bdw/design_1_i/hier_0/csum_rx_rss_0/inst/CSUM_UNIT/status_Generator/udp_length_reg[14]
INFO: [Physopt 32-662] Processed net bdw/design_1_i/hier_0/csum_rx_rss_0/inst/CSUM_UNIT/status_Generator/udp_length_reg[15]_0[2].  Did not re-place instance bdw/design_1_i/hier_0/csum_rx_rss_0/inst/CSUM_UNIT/status_Generator/udp_length_reg[2]
INFO: [Physopt 32-662] Processed net bdw/design_1_i/hier_0/csum_rx_rss_0/inst/CSUM_UNIT/status_Generator/udp_length_reg[15]_0[4].  Did not re-place instance bdw/design_1_i/hier_0/csum_rx_rss_0/inst/CSUM_UNIT/status_Generator/udp_length_reg[4]
INFO: [Physopt 32-662] Processed net bdw/design_1_i/hier_0/csum_rx_rss_0/inst/CSUM_UNIT/byte_Counter/s00_axis_tdata[47]_0[1].  Did not re-place instance bdw/design_1_i/hier_0/csum_rx_rss_0/inst/CSUM_UNIT/byte_Counter/in1_reg[1]_i_1__2
INFO: [Physopt 32-662] Processed net bdw/design_1_i/hier_0/csum_rx_rss_0/inst/CSUM_UNIT/raw_csum_cal/genblk2[2].M1/in1_reg_reg_n_0_[1].  Did not re-place instance bdw/design_1_i/hier_0/csum_rx_rss_0/inst/CSUM_UNIT/raw_csum_cal/genblk2[2].M1/in1_reg_reg[1]
INFO: [Physopt 32-662] Processed net bdw/design_1_i/hier_0/csum_rx_rss_0/inst/CSUM_UNIT/status_Generator/udp_length_reg[15]_0[15].  Did not re-place instance bdw/design_1_i/hier_0/csum_rx_rss_0/inst/CSUM_UNIT/status_Generator/udp_length_reg[15]
INFO: [Physopt 32-662] Processed net bdw/design_1_i/hier_0/csum_rx_rss_0/inst/CSUM_UNIT/status_Generator/udp_length_reg[15]_0[1].  Did not re-place instance bdw/design_1_i/hier_0/csum_rx_rss_0/inst/CSUM_UNIT/status_Generator/udp_length_reg[1]
INFO: [Physopt 32-662] Processed net bdw/design_1_i/hier_0/csum_rx_rss_0/inst/CSUM_UNIT/status_Generator/udp_length_reg[15]_0[3].  Did not re-place instance bdw/design_1_i/hier_0/csum_rx_rss_0/inst/CSUM_UNIT/status_Generator/udp_length_reg[3]
INFO: [Physopt 32-662] Processed net bdw/design_1_i/hier_0/csum_rx_rss_0/inst/CSUM_UNIT/status_Generator/udp_length_reg[15]_0[5].  Did not re-place instance bdw/design_1_i/hier_0/csum_rx_rss_0/inst/CSUM_UNIT/status_Generator/udp_length_reg[5]
INFO: [Physopt 32-662] Processed net bdw/design_1_i/hier_0/csum_rx_rss_0/inst/CSUM_UNIT/byte_Counter/s00_axis_tdata[63]_0[7].  Did not re-place instance bdw/design_1_i/hier_0/csum_rx_rss_0/inst/CSUM_UNIT/byte_Counter/in2_reg[7]_i_1__0
INFO: [Physopt 32-662] Processed net bdw/design_1_i/hier_0/csum_rx_rss_0/inst/CSUM_UNIT/ip_csum_cal/genblk2[2].M1/in2_reg_reg_n_0_[7].  Did not re-place instance bdw/design_1_i/hier_0/csum_rx_rss_0/inst/CSUM_UNIT/ip_csum_cal/genblk2[2].M1/in2_reg_reg[7]
INFO: [Physopt 32-662] Processed net bdw/design_1_i/hier_0/csum_rx_rss_0/inst/CSUM_UNIT/byte_Counter/s00_axis_tdata[63]_2[7].  Did not re-place instance bdw/design_1_i/hier_0/csum_rx_rss_0/inst/CSUM_UNIT/byte_Counter/in2_reg[7]_i_1__4
INFO: [Physopt 32-662] Processed net bdw/design_1_i/hier_0/csum_rx_rss_0/inst/CSUM_UNIT/raw_csum_cal/genblk2[2].M1/in2_reg_reg_n_0_[7].  Did not re-place instance bdw/design_1_i/hier_0/csum_rx_rss_0/inst/CSUM_UNIT/raw_csum_cal/genblk2[2].M1/in2_reg_reg[7]
INFO: [Physopt 32-662] Processed net bdw/design_1_i/hier_0/csum_rx_rss_0/inst/CSUM_UNIT/byte_Counter/s00_axis_tdata[63]_2[0].  Did not re-place instance bdw/design_1_i/hier_0/csum_rx_rss_0/inst/CSUM_UNIT/byte_Counter/in2_reg[0]_i_1__4
INFO: [Physopt 32-663] Processed net bdw/design_1_i/hier_0/csum_rx_rss_0/inst/CSUM_UNIT/raw_csum_cal/genblk2[2].M1/in2_reg_reg_n_0_[0].  Re-placed instance bdw/design_1_i/hier_0/csum_rx_rss_0/inst/CSUM_UNIT/raw_csum_cal/genblk2[2].M1/in2_reg_reg[0]
INFO: [Physopt 32-662] Processed net bdw/design_1_i/hier_0/csum_rx_rss_0/inst/CSUM_UNIT/byte_Counter/s00_axis_tdata[47]_0[2].  Did not re-place instance bdw/design_1_i/hier_0/csum_rx_rss_0/inst/CSUM_UNIT/byte_Counter/in1_reg[2]_i_1__2
INFO: [Physopt 32-662] Processed net bdw/design_1_i/hier_0/csum_rx_rss_0/inst/CSUM_UNIT/byte_Counter/s00_axis_tdata[47]_0[6].  Did not re-place instance bdw/design_1_i/hier_0/csum_rx_rss_0/inst/CSUM_UNIT/byte_Counter/in1_reg[6]_i_1__2
INFO: [Physopt 32-662] Processed net bdw/design_1_i/hier_0/csum_rx_rss_0/inst/CSUM_UNIT/byte_Counter/s00_axis_tdata[63]_2[9].  Did not re-place instance bdw/design_1_i/hier_0/csum_rx_rss_0/inst/CSUM_UNIT/byte_Counter/in2_reg[9]_i_1__4
INFO: [Physopt 32-662] Processed net bdw/design_1_i/hier_0/csum_rx_rss_0/inst/CSUM_UNIT/raw_csum_cal/genblk2[2].M1/in1_reg_reg_n_0_[2].  Did not re-place instance bdw/design_1_i/hier_0/csum_rx_rss_0/inst/CSUM_UNIT/raw_csum_cal/genblk2[2].M1/in1_reg_reg[2]
INFO: [Physopt 32-662] Processed net bdw/design_1_i/hier_0/csum_rx_rss_0/inst/CSUM_UNIT/raw_csum_cal/genblk2[2].M1/in1_reg_reg_n_0_[6].  Did not re-place instance bdw/design_1_i/hier_0/csum_rx_rss_0/inst/CSUM_UNIT/raw_csum_cal/genblk2[2].M1/in1_reg_reg[6]
INFO: [Physopt 32-662] Processed net bdw/design_1_i/hier_0/csum_rx_rss_0/inst/CSUM_UNIT/raw_csum_cal/genblk2[2].M1/in2_reg_reg_n_0_[9].  Did not re-place instance bdw/design_1_i/hier_0/csum_rx_rss_0/inst/CSUM_UNIT/raw_csum_cal/genblk2[2].M1/in2_reg_reg[9]
INFO: [Physopt 32-662] Processed net bdw/design_1_i/hier_0/csum_rx_rss_0/inst/CSUM_UNIT/byte_Counter/s00_axis_tdata[15]_1[0].  Did not re-place instance bdw/design_1_i/hier_0/csum_rx_rss_0/inst/CSUM_UNIT/byte_Counter/in1_reg[0]_i_1__3
INFO: [Physopt 32-663] Processed net bdw/design_1_i/hier_0/csum_rx_rss_0/inst/CSUM_UNIT/ip_csum_cal/genblk2[1].M1/in1_reg[0].  Re-placed instance bdw/design_1_i/hier_0/csum_rx_rss_0/inst/CSUM_UNIT/ip_csum_cal/genblk2[1].M1/in1_reg_reg[0]
INFO: [Physopt 32-662] Processed net bdw/design_1_i/hier_0/csum_rx_rss_0/inst/CSUM_UNIT/byte_Counter/s00_axis_tdata[63]_2[2].  Did not re-place instance bdw/design_1_i/hier_0/csum_rx_rss_0/inst/CSUM_UNIT/byte_Counter/in2_reg[2]_i_1__4
INFO: [Physopt 32-662] Processed net bdw/design_1_i/hier_0/csum_rx_rss_0/inst/CSUM_UNIT/raw_csum_cal/genblk2[2].M1/in2_reg_reg_n_0_[2].  Did not re-place instance bdw/design_1_i/hier_0/csum_rx_rss_0/inst/CSUM_UNIT/raw_csum_cal/genblk2[2].M1/in2_reg_reg[2]
INFO: [Physopt 32-662] Processed net bdw/design_1_i/hier_0/csum_rx_rss_0/inst/CSUM_UNIT/byte_Counter/s00_axis_tdata[63]_1[11].  Did not re-place instance bdw/design_1_i/hier_0/csum_rx_rss_0/inst/CSUM_UNIT/byte_Counter/in2_reg[11]_i_1__3
INFO: [Physopt 32-663] Processed net bdw/design_1_i/hier_0/csum_rx_rss_0/inst/CSUM_UNIT/tcp_csum_cal/genblk2[2].M1/in2_reg_reg_n_0_[11].  Re-placed instance bdw/design_1_i/hier_0/csum_rx_rss_0/inst/CSUM_UNIT/tcp_csum_cal/genblk2[2].M1/in2_reg_reg[11]
INFO: [Physopt 32-662] Processed net bdw/design_1_i/hier_0/csum_rx_rss_0/inst/CSUM_UNIT/byte_Counter/s00_axis_tdata[47]_1[8].  Did not re-place instance bdw/design_1_i/hier_0/csum_rx_rss_0/inst/CSUM_UNIT/byte_Counter/in1_reg[8]_i_1__4
INFO: [Physopt 32-661] Optimized 5 nets.  Re-placed 5 instances.
INFO: [Physopt 32-775] End 1 Pass. Optimized 5 nets or cells. Created 0 new cell, deleted 0 existing cell and moved 5 existing cells
INFO: [Physopt 32-619] Estimated Timing Summary | WNS=-0.628 | TNS=-116.701 |
Netlist sorting complete. Time (s): cpu = 00:00:00.02 ; elapsed = 00:00:00.02 . Memory (MB): peak = 6843.258 ; gain = 0.000 ; free physical = 1710 ; free virtual = 10280
Phase 15 Single Cell Placement Optimization | Checksum: 10e908a93

Time (s): cpu = 00:06:18 ; elapsed = 00:02:00 . Memory (MB): peak = 6843.258 ; gain = 0.000 ; free physical = 1710 ; free virtual = 10280

Phase 16 Multi Cell Placement Optimization
INFO: [Physopt 32-660] Identified 100 candidate nets for placement-based optimization.
INFO: [Physopt 32-662] Processed net bdw/design_1_i/hier_0/csum_rx_rss_0/inst/CSUM_UNIT/byte_Counter/in2_reg[7]_i_2_n_0.  Did not re-place instance bdw/design_1_i/hier_0/csum_rx_rss_0/inst/CSUM_UNIT/byte_Counter/in2_reg[7]_i_2/O
INFO: [Physopt 32-662] Processed net bdw/design_1_i/hier_0/csum_rx_rss_0/inst/CSUM_UNIT/byte_Counter/in2_reg[15]_i_6_n_0.  Did not re-place instance bdw/design_1_i/hier_0/csum_rx_rss_0/inst/CSUM_UNIT/byte_Counter/in2_reg[15]_i_6/O
INFO: [Physopt 32-662] Processed net bdw/design_1_i/hier_0/csum_rx_rss_0/inst/CSUM_UNIT/byte_Counter/byte_cntr_with_delta_byte0_carry_i_10_n_0.  Did not re-place instance bdw/design_1_i/hier_0/csum_rx_rss_0/inst/CSUM_UNIT/byte_Counter/byte_cntr_with_delta_byte0_carry_i_10/O
INFO: [Physopt 32-662] Processed net bdw/design_1_i/hier_0/csum_rx_rss_0/inst/CSUM_UNIT/byte_Counter/in2_reg[15]_i_9_n_0.  Did not re-place instance bdw/design_1_i/hier_0/csum_rx_rss_0/inst/CSUM_UNIT/byte_Counter/in2_reg[15]_i_9/O
INFO: [Physopt 32-662] Processed net bdw/design_1_i/hier_0/csum_rx_rss_0/inst/CSUM_UNIT/byte_Counter/s00_axis_tdata[31][6].  Did not re-place instance bdw/design_1_i/hier_0/csum_rx_rss_0/inst/CSUM_UNIT/byte_Counter/in2_reg[6]_i_1__1/O
INFO: [Physopt 32-662] Processed net bdw/design_1_i/hier_0/csum_rx_rss_0/inst/CSUM_UNIT/byte_Counter/s00_axis_tdata[31][2].  Did not re-place instance bdw/design_1_i/hier_0/csum_rx_rss_0/inst/CSUM_UNIT/byte_Counter/in2_reg[2]_i_1__1/O
INFO: [Physopt 32-662] Processed net bdw/design_1_i/hier_0/csum_rx_rss_0/inst/CSUM_UNIT/byte_Counter/s00_axis_tdata[31][3].  Did not re-place instance bdw/design_1_i/hier_0/csum_rx_rss_0/inst/CSUM_UNIT/byte_Counter/in2_reg[3]_i_1__1/O
INFO: [Physopt 32-662] Processed net bdw/design_1_i/hier_0/csum_rx_rss_0/inst/CSUM_UNIT/byte_Counter/s00_axis_tdata[31][0].  Did not re-place instance bdw/design_1_i/hier_0/csum_rx_rss_0/inst/CSUM_UNIT/byte_Counter/in2_reg[0]_i_1__1/O
INFO: [Physopt 32-662] Processed net bdw/design_1_i/hier_0/csum_rx_rss_0/inst/CSUM_UNIT/byte_Counter/s00_axis_tdata[31][7].  Did not re-place instance bdw/design_1_i/hier_0/csum_rx_rss_0/inst/CSUM_UNIT/byte_Counter/in2_reg[7]_i_1__1/O
INFO: [Physopt 32-662] Processed net bdw/design_1_i/hier_0/csum_rx_rss_0/inst/CSUM_UNIT/byte_Counter/s00_axis_tdata[47]_0[12].  Did not re-place instance bdw/design_1_i/hier_0/csum_rx_rss_0/inst/CSUM_UNIT/byte_Counter/in1_reg[12]_i_1__2/O
INFO: [Physopt 32-662] Processed net bdw/design_1_i/hier_0/csum_rx_rss_0/inst/CSUM_UNIT/byte_Counter/csumEn_stg1_i_3__0_n_0.  Did not re-place instance bdw/design_1_i/hier_0/csum_rx_rss_0/inst/CSUM_UNIT/byte_Counter/csumEn_stg1_i_3__0/O
INFO: [Physopt 32-662] Processed net bdw/design_1_i/hier_0/csum_rx_rss_0/inst/CSUM_UNIT/byte_Counter/csumEn_stg1_i_7_n_0.  Did not re-place instance bdw/design_1_i/hier_0/csum_rx_rss_0/inst/CSUM_UNIT/byte_Counter/csumEn_stg1_i_7/O
INFO: [Physopt 32-662] Processed net bdw/design_1_i/hier_0/csum_rx_rss_0/inst/CSUM_UNIT/byte_Counter/csumEn_stg1_i_6_n_0.  Did not re-place instance bdw/design_1_i/hier_0/csum_rx_rss_0/inst/CSUM_UNIT/byte_Counter/csumEn_stg1_i_6/O
INFO: [Physopt 32-662] Processed net bdw/design_1_i/hier_0/csum_rx_rss_0/inst/CSUM_UNIT/byte_Counter/s00_axis_tdata[47][4].  Did not re-place instance bdw/design_1_i/hier_0/csum_rx_rss_0/inst/CSUM_UNIT/byte_Counter/in1_reg[4]_i_1__1/O
INFO: [Physopt 32-662] Processed net bdw/design_1_i/hier_0/csum_rx_rss_0/inst/CSUM_UNIT/byte_Counter/s00_axis_tdata[31][1].  Did not re-place instance bdw/design_1_i/hier_0/csum_rx_rss_0/inst/CSUM_UNIT/byte_Counter/in2_reg[1]_i_1__1/O
INFO: [Physopt 32-662] Processed net bdw/design_1_i/hier_0/csum_rx_rss_0/inst/CSUM_UNIT/byte_Counter/s00_axis_tdata[47]_0[8].  Did not re-place instance bdw/design_1_i/hier_0/csum_rx_rss_0/inst/CSUM_UNIT/byte_Counter/in1_reg[8]_i_1__2/O
INFO: [Physopt 32-662] Processed net bdw/design_1_i/hier_0/csum_rx_rss_0/inst/CSUM_UNIT/byte_Counter/in2_reg[15]_i_12_n_0.  Did not re-place instance bdw/design_1_i/hier_0/csum_rx_rss_0/inst/CSUM_UNIT/byte_Counter/in2_reg[15]_i_12/O
INFO: [Physopt 32-662] Processed net bdw/design_1_i/hier_0/csum_rx_rss_0/inst/CSUM_UNIT/byte_Counter/s00_axis_tdata[47]_0[10].  Did not re-place instance bdw/design_1_i/hier_0/csum_rx_rss_0/inst/CSUM_UNIT/byte_Counter/in1_reg[10]_i_1__2/O
INFO: [Physopt 32-662] Processed net bdw/design_1_i/hier_0/csum_rx_rss_0/inst/CSUM_UNIT/byte_Counter/s00_axis_tdata[15]_0[2].  Did not re-place instance bdw/design_1_i/hier_0/csum_rx_rss_0/inst/CSUM_UNIT/byte_Counter/in1_reg[2]_i_1__0/O
INFO: [Physopt 32-662] Processed net bdw/design_1_i/hier_0/csum_rx_rss_0/inst/CSUM_UNIT/byte_Counter/s00_axis_tdata[31][5].  Did not re-place instance bdw/design_1_i/hier_0/csum_rx_rss_0/inst/CSUM_UNIT/byte_Counter/in2_reg[5]_i_1__1/O
INFO: [Physopt 32-662] Processed net bdw/design_1_i/hier_0/csum_rx_rss_0/inst/CSUM_UNIT/byte_Counter/s00_axis_tdata[31][4].  Did not re-place instance bdw/design_1_i/hier_0/csum_rx_rss_0/inst/CSUM_UNIT/byte_Counter/in2_reg[4]_i_1__1/O
INFO: [Physopt 32-662] Processed net bdw/design_1_i/hier_0/csum_rx_rss_0/inst/CSUM_UNIT/byte_Counter/frame_has_protocol_tcp_0x06_i_9_n_0.  Did not re-place instance bdw/design_1_i/hier_0/csum_rx_rss_0/inst/CSUM_UNIT/byte_Counter/frame_has_protocol_tcp_0x06_i_9/O
INFO: [Physopt 32-662] Processed net bdw/design_1_i/hier_0/csum_rx_rss_0/inst/CSUM_UNIT/byte_Counter/ip_header_length[5]_i_4_n_0.  Did not re-place instance bdw/design_1_i/hier_0/csum_rx_rss_0/inst/CSUM_UNIT/byte_Counter/ip_header_length[5]_i_4_rewire/O
INFO: [Physopt 32-662] Processed net bdw/design_1_i/hier_0/csum_rx_rss_0/inst/CSUM_UNIT/byte_Counter/s00_axis_tdata[63]_2[10].  Did not re-place instance bdw/design_1_i/hier_0/csum_rx_rss_0/inst/CSUM_UNIT/byte_Counter/in2_reg[10]_i_1__4/O
INFO: [Physopt 32-662] Processed net bdw/design_1_i/hier_0/csum_rx_rss_0/inst/CSUM_UNIT/byte_Counter/s00_axis_tdata[63]_2[6].  Did not re-place instance bdw/design_1_i/hier_0/csum_rx_rss_0/inst/CSUM_UNIT/byte_Counter/in2_reg[6]_i_1__4/O
INFO: [Physopt 32-662] Processed net bdw/design_1_i/hier_0/csum_rx_rss_0/inst/CSUM_UNIT/byte_Counter/s00_axis_tdata[63]_1[4].  Did not re-place instance bdw/design_1_i/hier_0/csum_rx_rss_0/inst/CSUM_UNIT/byte_Counter/in2_reg[4]_i_1__3/O
INFO: [Physopt 32-662] Processed net bdw/design_1_i/hier_0/csum_rx_rss_0/inst/CSUM_UNIT/byte_Counter/s00_axis_tdata[63]_2[5].  Did not re-place instance bdw/design_1_i/hier_0/csum_rx_rss_0/inst/CSUM_UNIT/byte_Counter/in2_reg[5]_i_1__4/O
INFO: [Physopt 32-662] Processed net bdw/design_1_i/hier_0/csum_rx_rss_0/inst/CSUM_UNIT/byte_Counter/s00_axis_tdata[63]_2[13].  Did not re-place instance bdw/design_1_i/hier_0/csum_rx_rss_0/inst/CSUM_UNIT/byte_Counter/in2_reg[13]_i_1__4/O
INFO: [Physopt 32-662] Processed net bdw/design_1_i/hier_0/csum_rx_rss_0/inst/CSUM_UNIT/byte_Counter/s00_axis_tdata[47]_0[13].  Did not re-place instance bdw/design_1_i/hier_0/csum_rx_rss_0/inst/CSUM_UNIT/byte_Counter/in1_reg[13]_i_1__2/O
INFO: [Physopt 32-662] Processed net bdw/design_1_i/hier_0/csum_rx_rss_0/inst/CSUM_UNIT/byte_Counter/s00_axis_tdata[63]_2[14].  Did not re-place instance bdw/design_1_i/hier_0/csum_rx_rss_0/inst/CSUM_UNIT/byte_Counter/in2_reg[14]_i_1__4/O
INFO: [Physopt 32-662] Processed net bdw/design_1_i/hier_0/csum_rx_rss_0/inst/CSUM_UNIT/byte_Counter/s00_axis_tdata[63]_2[8].  Did not re-place instance bdw/design_1_i/hier_0/csum_rx_rss_0/inst/CSUM_UNIT/byte_Counter/in2_reg[8]_i_1__4/O
INFO: [Physopt 32-662] Processed net bdw/design_1_i/hier_0/csum_rx_rss_0/inst/CSUM_UNIT/byte_Counter/s00_axis_tdata[63]_2[11].  Did not re-place instance bdw/design_1_i/hier_0/csum_rx_rss_0/inst/CSUM_UNIT/byte_Counter/in2_reg[11]_i_1__4/O
INFO: [Physopt 32-662] Processed net bdw/design_1_i/hier_0/csum_rx_rss_0/inst/CSUM_UNIT/byte_Counter/in2_reg[15]_i_10_n_0.  Did not re-place instance bdw/design_1_i/hier_0/csum_rx_rss_0/inst/CSUM_UNIT/byte_Counter/in2_reg[15]_i_10/O
INFO: [Physopt 32-662] Processed net bdw/design_1_i/hier_0/csum_rx_rss_0/inst/CSUM_UNIT/byte_Counter/s00_axis_tdata[15]_0[8].  Did not re-place instance bdw/design_1_i/hier_0/csum_rx_rss_0/inst/CSUM_UNIT/byte_Counter/in1_reg[8]_i_1__0/O
INFO: [Physopt 32-662] Processed net bdw/design_1_i/hier_0/csum_rx_rss_0/inst/CSUM_UNIT/byte_Counter/s00_axis_tdata[47][5].  Did not re-place instance bdw/design_1_i/hier_0/csum_rx_rss_0/inst/CSUM_UNIT/byte_Counter/in1_reg[5]_i_1__1/O
INFO: [Physopt 32-662] Processed net bdw/design_1_i/hier_0/csum_rx_rss_0/inst/CSUM_UNIT/byte_Counter/s00_axis_tdata[63]_2[1].  Did not re-place instance bdw/design_1_i/hier_0/csum_rx_rss_0/inst/CSUM_UNIT/byte_Counter/in2_reg[1]_i_1__4/O
INFO: [Physopt 32-662] Processed net bdw/design_1_i/hier_0/csum_rx_rss_0/inst/CSUM_UNIT/byte_Counter/s00_axis_tdata[47]_0[0].  Did not re-place instance bdw/design_1_i/hier_0/csum_rx_rss_0/inst/CSUM_UNIT/byte_Counter/in1_reg[0]_i_1__2/O
INFO: [Physopt 32-662] Processed net bdw/design_1_i/hier_0/csum_rx_rss_0/inst/CSUM_UNIT/byte_Counter/s00_axis_tdata[63]_2[4].  Did not re-place instance bdw/design_1_i/hier_0/csum_rx_rss_0/inst/CSUM_UNIT/byte_Counter/in2_reg[4]_i_1__4/O
INFO: [Physopt 32-662] Processed net bdw/design_1_i/hier_0/csum_rx_rss_0/inst/CSUM_UNIT/byte_Counter/s00_axis_tdata[47]_0[9].  Did not re-place instance bdw/design_1_i/hier_0/csum_rx_rss_0/inst/CSUM_UNIT/byte_Counter/in1_reg[9]_i_1__2/O
INFO: [Physopt 32-662] Processed net bdw/design_1_i/hier_0/csum_rx_rss_0/inst/CSUM_UNIT/byte_Counter/s00_axis_tdata[47]_0[11].  Did not re-place instance bdw/design_1_i/hier_0/csum_rx_rss_0/inst/CSUM_UNIT/byte_Counter/in1_reg[11]_i_1__2/O
INFO: [Physopt 32-662] Processed net bdw/design_1_i/hier_0/csum_rx_rss_0/inst/CSUM_UNIT/byte_Counter/s00_axis_tdata[15]_0[4].  Did not re-place instance bdw/design_1_i/hier_0/csum_rx_rss_0/inst/CSUM_UNIT/byte_Counter/in1_reg[4]_i_1__0/O
INFO: [Physopt 32-662] Processed net bdw/design_1_i/hier_0/csum_rx_rss_0/inst/CSUM_UNIT/byte_Counter/s00_axis_tdata[15]_0[5].  Did not re-place instance bdw/design_1_i/hier_0/csum_rx_rss_0/inst/CSUM_UNIT/byte_Counter/in1_reg[5]_i_1__0/O
INFO: [Physopt 32-662] Processed net bdw/design_1_i/hier_0/csum_rx_rss_0/inst/CSUM_UNIT/byte_Counter/s00_axis_tdata[63]_0[2].  Did not re-place instance bdw/design_1_i/hier_0/csum_rx_rss_0/inst/CSUM_UNIT/byte_Counter/in2_reg[2]_i_1__0/O
INFO: [Physopt 32-662] Processed net bdw/design_1_i/hier_0/csum_rx_rss_0/inst/CSUM_UNIT/byte_Counter/s00_axis_tdata[15]_0[1].  Did not re-place instance bdw/design_1_i/hier_0/csum_rx_rss_0/inst/CSUM_UNIT/byte_Counter/in1_reg[1]_i_1__0/O
INFO: [Physopt 32-662] Processed net bdw/design_1_i/hier_0/csum_rx_rss_0/inst/CSUM_UNIT/byte_Counter/s00_axis_tdata[15]_0[9].  Did not re-place instance bdw/design_1_i/hier_0/csum_rx_rss_0/inst/CSUM_UNIT/byte_Counter/in1_reg[9]_i_1__0/O
INFO: [Physopt 32-662] Processed net bdw/design_1_i/hier_0/csum_rx_rss_0/inst/CSUM_UNIT/byte_Counter/s00_axis_tdata[31]_0[6].  Did not re-place instance bdw/design_1_i/hier_0/csum_rx_rss_0/inst/CSUM_UNIT/byte_Counter/in2_reg[6]_i_1__2/O
INFO: [Physopt 32-662] Processed net bdw/design_1_i/hier_0/csum_rx_rss_0/inst/CSUM_UNIT/byte_Counter/s00_axis_tdata[47]_0[14].  Did not re-place instance bdw/design_1_i/hier_0/csum_rx_rss_0/inst/CSUM_UNIT/byte_Counter/in1_reg[14]_i_1__2/O
INFO: [Physopt 32-662] Processed net bdw/design_1_i/hier_0/csum_rx_rss_0/inst/CSUM_UNIT/byte_Counter/s00_axis_tdata[31]_0[0].  Did not re-place instance bdw/design_1_i/hier_0/csum_rx_rss_0/inst/CSUM_UNIT/byte_Counter/in2_reg[0]_i_1__2/O
INFO: [Physopt 32-662] Processed net bdw/design_1_i/hier_0/csum_rx_rss_0/inst/CSUM_UNIT/byte_Counter/s00_axis_tlast_0.  Did not re-place instance bdw/design_1_i/hier_0/csum_rx_rss_0/inst/CSUM_UNIT/byte_Counter/valid_out_stg1_i_1/O
INFO: [Physopt 32-662] Processed net bdw/design_1_i/hier_0/csum_rx_rss_0/inst/CSUM_UNIT/byte_Counter/s00_axis_tdata[15]_0[3].  Did not re-place instance bdw/design_1_i/hier_0/csum_rx_rss_0/inst/CSUM_UNIT/byte_Counter/in1_reg[3]_i_1__0/O
INFO: [Physopt 32-662] Processed net bdw/design_1_i/hier_0/csum_rx_rss_0/inst/CSUM_UNIT/byte_Counter/s00_axis_tdata[47][8].  Did not re-place instance bdw/design_1_i/hier_0/csum_rx_rss_0/inst/CSUM_UNIT/byte_Counter/in1_reg[8]_i_1__1/O
INFO: [Physopt 32-661] Optimized 0 net.  Re-placed 0 instance.
INFO: [Physopt 32-775] End 1 Pass. Optimized 0 net or cell. Created 0 new cell, deleted 0 existing cell and moved 0 existing cell
Netlist sorting complete. Time (s): cpu = 00:00:00.02 ; elapsed = 00:00:00.02 . Memory (MB): peak = 6843.258 ; gain = 0.000 ; free physical = 1711 ; free virtual = 10281
Phase 16 Multi Cell Placement Optimization | Checksum: 1d8bde520

Time (s): cpu = 00:07:02 ; elapsed = 00:02:12 . Memory (MB): peak = 6843.258 ; gain = 0.000 ; free physical = 1711 ; free virtual = 10281

Phase 17 Rewire
INFO: [Physopt 32-246] Starting Signal Push optimization...
INFO: [Physopt 32-77] Pass 1. Identified 4 candidate nets for rewire optimization.
INFO: [Physopt 32-134] Processed net bdw/design_1_i/hier_0/csum_rx_rss_0/inst/CSUM_UNIT/byte_Counter/csumEn_stg1_i_7_n_0. Rewiring did not optimize the net.
INFO: [Physopt 32-242] Processed net bdw/design_1_i/hier_0/csum_rx_rss_0/inst/CSUM_UNIT/byte_Counter/frame_has_protocol_tcp_0x06_i_9_n_0_repN. Rewired (signal push) bdw/design_1_i/hier_0/csum_rx_rss_0/inst/CSUM_UNIT/byte_Counter/byte_count_per_packet[9] to 1 loads. Replicated 1 times.
INFO: [Physopt 32-134] Processed net bdw/design_1_i/hier_0/csum_rx_rss_0/inst/CSUM_UNIT/byte_Counter/frame_has_protocol_tcp_0x06_i_4_n_0. Rewiring did not optimize the net.
INFO: [Physopt 32-134] Processed net bdw/design_1_i/hier_0/csum_rx_rss_0/inst/CSUM_UNIT/byte_Counter/csumEn_stg1_i_2__1_n_0. Rewiring did not optimize the net.
INFO: [Physopt 32-232] Optimized 1 net. Created 1 new instance.
INFO: [Physopt 32-775] End 1 Pass. Optimized 1 net or cell. Created 1 new cell, deleted 0 existing cell and moved 0 existing cell
Netlist sorting complete. Time (s): cpu = 00:00:00.03 ; elapsed = 00:00:00.03 . Memory (MB): peak = 6843.258 ; gain = 0.000 ; free physical = 1713 ; free virtual = 10282
INFO: [Physopt 32-619] Estimated Timing Summary | WNS=-0.628 | TNS=-116.654 |
Netlist sorting complete. Time (s): cpu = 00:00:00.02 ; elapsed = 00:00:00.02 . Memory (MB): peak = 6843.258 ; gain = 0.000 ; free physical = 1713 ; free virtual = 10282
Phase 17 Rewire | Checksum: 17d1e5cec

Time (s): cpu = 00:07:06 ; elapsed = 00:02:14 . Memory (MB): peak = 6843.258 ; gain = 0.000 ; free physical = 1713 ; free virtual = 10282

Phase 18 Critical Cell Optimization
INFO: [Physopt 32-46] Identified 24 candidate nets for critical-cell optimization.
INFO: [Physopt 32-572] Net bdw/design_1_i/hier_0/csum_rx_rss_0/inst/CSUM_UNIT/byte_Counter/in1_reg[7]_i_3_n_0 was not replicated.
Resolution: phys_opt_design can be forced to replicate a net driver using the option -force_replication_on_nets <list of net objects>.
INFO: [Physopt 32-572] Net bdw/design_1_i/hier_0/csum_rx_rss_0/inst/CSUM_UNIT/byte_Counter/in2_reg[7]_i_2_n_0 was not replicated.
Resolution: phys_opt_design can be forced to replicate a net driver using the option -force_replication_on_nets <list of net objects>.
INFO: [Physopt 32-572] Net bdw/design_1_i/hier_0/csum_rx_rss_0/inst/CSUM_UNIT/byte_Counter/in2_reg[15]_i_6_n_0 was not replicated.
Resolution: phys_opt_design can be forced to replicate a net driver using the option -force_replication_on_nets <list of net objects>.
INFO: [Physopt 32-572] Net bdw/design_1_i/hier_0/csum_rx_rss_0/inst/CSUM_UNIT/byte_Counter/csumEn_stg1_i_3__0_n_0 was not replicated.
Resolution: phys_opt_design can be forced to replicate a net driver using the option -force_replication_on_nets <list of net objects>.
INFO: [Physopt 32-572] Net bdw/design_1_i/hier_0/csum_rx_rss_0/inst/CSUM_UNIT/byte_Counter/in2_reg[7]_i_2__0_n_0 was not replicated.
Resolution: phys_opt_design can be forced to replicate a net driver using the option -force_replication_on_nets <list of net objects>.
INFO: [Physopt 32-572] Net bdw/design_1_i/hier_0/csum_rx_rss_0/inst/CSUM_UNIT/byte_Counter/frame_has_protocol_tcp_0x06_i_9_n_0 was not replicated.
Resolution: phys_opt_design can be forced to replicate a net driver using the option -force_replication_on_nets <list of net objects>.
INFO: [Physopt 32-572] Net bdw/design_1_i/hier_0/csum_rx_rss_0/inst/CSUM_UNIT/byte_Counter/ip_header_length[5]_i_4_n_0 was not replicated.
Resolution: phys_opt_design can be forced to replicate a net driver using the option -force_replication_on_nets <list of net objects>.
INFO: [Physopt 32-572] Net bdw/design_1_i/hier_0/csum_rx_rss_0/inst/CSUM_UNIT/byte_Counter/in2_reg[15]_i_2_n_0 was not replicated.
Resolution: phys_opt_design can be forced to replicate a net driver using the option -force_replication_on_nets <list of net objects>.
INFO: [Physopt 32-572] Net bdw/design_1_i/hier_0/csum_rx_rss_0/inst/CSUM_UNIT/byte_Counter/E[0] was not replicated.
Resolution: phys_opt_design can be forced to replicate a net driver using the option -force_replication_on_nets <list of net objects>.
INFO: [Physopt 32-572] Net bdw/design_1_i/hier_0/csum_rx_rss_0/inst/CSUM_UNIT/byte_Counter/frame_has_protocol_tcp_0x06_i_4_n_0 was not replicated.
Resolution: phys_opt_design can be forced to replicate a net driver using the option -force_replication_on_nets <list of net objects>.
INFO: [Physopt 32-572] Net bdw/design_1_i/hier_0/csum_rx_rss_0/inst/CSUM_UNIT/byte_Counter/in2_reg[15]_i_2__1_n_0 was not replicated.
Resolution: phys_opt_design can be forced to replicate a net driver using the option -force_replication_on_nets <list of net objects>.
INFO: [Physopt 32-572] Net bdw/design_1_i/hier_0/csum_rx_rss_0/inst/CSUM_UNIT/byte_Counter/in2_reg[15]_i_2__0_n_0 was not replicated.
Resolution: phys_opt_design can be forced to replicate a net driver using the option -force_replication_on_nets <list of net objects>.
INFO: [Physopt 32-572] Net bdw/design_1_i/hier_0/csum_rx_rss_0/inst/CSUM_UNIT/byte_Counter/in2_reg[7]_i_4_n_0 was not replicated.
Resolution: phys_opt_design can be forced to replicate a net driver using the option -force_replication_on_nets <list of net objects>.
INFO: [Physopt 32-572] Net bdw/design_1_i/hier_0/csum_rx_rss_0/inst/CSUM_UNIT/byte_Counter/frame_has_protocol_tcp_0x06_i_4_n_0_repN was not replicated.
Resolution: phys_opt_design can be forced to replicate a net driver using the option -force_replication_on_nets <list of net objects>.
INFO: [Physopt 32-572] Net bdw/design_1_i/hier_0/csum_rx_rss_0/inst/CSUM_UNIT/byte_Counter/in1_reg[15]_i_2__0_n_0 was not replicated.
Resolution: phys_opt_design can be forced to replicate a net driver using the option -force_replication_on_nets <list of net objects>.
INFO: [Physopt 32-572] Net bdw/design_1_i/hier_0/csum_rx_rss_0/inst/CSUM_UNIT/byte_Counter/in1_reg[15]_i_2_n_0 was not replicated.
Resolution: phys_opt_design can be forced to replicate a net driver using the option -force_replication_on_nets <list of net objects>.
INFO: [Physopt 32-572] Net bdw/design_1_i/hier_0/csum_rx_rss_0/inst/CSUM_UNIT/byte_Counter/in2_reg[15]_i_5__1_n_0 was not replicated.
Resolution: phys_opt_design can be forced to replicate a net driver using the option -force_replication_on_nets <list of net objects>.
INFO: [Physopt 32-572] Net bdw/design_1_i/hier_0/tx_csum_0/inst/cum_calc/byte_Counter/csum_begin_app_7_sn_1 was not replicated.
Resolution: phys_opt_design can be forced to replicate a net driver using the option -force_replication_on_nets <list of net objects>.
INFO: [Physopt 32-572] Net bdw/design_1_i/hier_0/csum_rx_rss_0/inst/CSUM_UNIT/byte_Counter/in2_reg[15]_i_2__2_n_0 was not replicated.
Resolution: phys_opt_design can be forced to replicate a net driver using the option -force_replication_on_nets <list of net objects>.
INFO: [Physopt 32-572] Net bdw/design_1_i/hier_0/csum_rx_rss_0/inst/CSUM_UNIT/byte_Counter/csumEn_stg1_i_2__1_n_0 was not replicated.
Resolution: phys_opt_design can be forced to replicate a net driver using the option -force_replication_on_nets <list of net objects>.
INFO: [Physopt 32-572] Net bdw/design_1_i/hier_0/axis_data_fifo_5/inst/gen_fifo.xpm_fifo_axis_inst/xpm_fifo_base_inst/gen_sdpram.xpm_memory_base_inst/doutb[79]_repN was not replicated.
Resolution: phys_opt_design can be forced to replicate a net driver using the option -force_replication_on_nets <list of net objects>.
INFO: [Physopt 32-572] Net bdw/design_1_i/hier_0/tx_csum_0/inst/FSM_hamming2_data_state_reg_n_0_[0]_repN was not replicated.
Resolution: phys_opt_design can be forced to replicate a net driver using the option -force_replication_on_nets <list of net objects>.
INFO: [Physopt 32-232] Optimized 0 net. Created 0 new instance.
INFO: [Physopt 32-775] End 1 Pass. Optimized 0 net or cell. Created 0 new cell, deleted 0 existing cell and moved 0 existing cell
Netlist sorting complete. Time (s): cpu = 00:00:00.02 ; elapsed = 00:00:00.02 . Memory (MB): peak = 6843.258 ; gain = 0.000 ; free physical = 1712 ; free virtual = 10282
Phase 18 Critical Cell Optimization | Checksum: 14862dbb2

Time (s): cpu = 00:07:36 ; elapsed = 00:02:25 . Memory (MB): peak = 6843.258 ; gain = 0.000 ; free physical = 1712 ; free virtual = 10282

Phase 19 DSP Register Optimization
INFO: [Physopt 32-456] No candidate cells for DSP register optimization found in the design.
INFO: [Physopt 32-775] End 1 Pass. Optimized 0 net or cell. Created 0 new cell, deleted 0 existing cell and moved 0 existing cell
Phase 19 DSP Register Optimization | Checksum: 14862dbb2

Time (s): cpu = 00:07:36 ; elapsed = 00:02:25 . Memory (MB): peak = 6843.258 ; gain = 0.000 ; free physical = 1712 ; free virtual = 10282

Phase 20 BRAM Register Optimization
INFO: [Physopt 32-527] Pass 1: Identified 3 candidate cells for BRAM register optimization
INFO: [Physopt 32-665] Processed cell bdw/design_1_i/hier_0/axis_data_fifo_1/inst/gen_fifo.xpm_fifo_axis_inst/xpm_fifo_base_inst/gen_sdpram.xpm_memory_base_inst/gen_wr_a.gen_word_narrow.mem_reg_17. 4 registers were pushed out.
INFO: [Physopt 32-665] Processed cell bdw/design_1_i/hier_0/axis_data_fifo_1/inst/gen_fifo.xpm_fifo_axis_inst/xpm_fifo_base_inst/gen_sdpram.xpm_memory_base_inst/gen_wr_a.gen_word_narrow.mem_reg_16. 4 registers were pushed out.
INFO: [Physopt 32-665] Processed cell bdw/design_1_i/hier_0/axis_data_fifo_1/inst/gen_fifo.xpm_fifo_axis_inst/xpm_fifo_base_inst/gen_sdpram.xpm_memory_base_inst/gen_wr_a.gen_word_narrow.mem_reg_18. 2 registers were pushed out.
INFO: [Physopt 32-775] End 1 Pass. Optimized 3 nets or cells. Created 10 new cells, deleted 0 existing cell and moved 0 existing cell
INFO: [Physopt 32-619] Estimated Timing Summary | WNS=-0.416 | TNS=-24.420 |
Netlist sorting complete. Time (s): cpu = 00:00:00.06 ; elapsed = 00:00:00.06 . Memory (MB): peak = 6843.258 ; gain = 0.000 ; free physical = 1712 ; free virtual = 10282
Phase 20 BRAM Register Optimization | Checksum: 142664352

Time (s): cpu = 00:07:42 ; elapsed = 00:02:27 . Memory (MB): peak = 6843.258 ; gain = 0.000 ; free physical = 1712 ; free virtual = 10282

Phase 21 URAM Register Optimization
INFO: [Physopt 32-846] No candidate cells for URAM register optimization found in the design
INFO: [Physopt 32-775] End 2 Pass. Optimized 0 net or cell. Created 0 new cell, deleted 0 existing cell and moved 0 existing cell
Phase 21 URAM Register Optimization | Checksum: 142664352

Time (s): cpu = 00:07:42 ; elapsed = 00:02:27 . Memory (MB): peak = 6843.258 ; gain = 0.000 ; free physical = 1712 ; free virtual = 10282

Phase 22 Shift Register Optimization
INFO: [Physopt 32-677] No candidate cells for Shift Register optimization found in the design
INFO: [Physopt 32-775] End 1 Pass. Optimized 0 net or cell. Created 0 new cell, deleted 0 existing cell and moved 0 existing cell
Phase 22 Shift Register Optimization | Checksum: 142664352

Time (s): cpu = 00:07:42 ; elapsed = 00:02:27 . Memory (MB): peak = 6843.258 ; gain = 0.000 ; free physical = 1712 ; free virtual = 10282

Phase 23 DSP Register Optimization
INFO: [Physopt 32-456] No candidate cells for DSP register optimization found in the design.
INFO: [Physopt 32-775] End 1 Pass. Optimized 0 net or cell. Created 0 new cell, deleted 0 existing cell and moved 0 existing cell
Phase 23 DSP Register Optimization | Checksum: 142664352

Time (s): cpu = 00:07:42 ; elapsed = 00:02:27 . Memory (MB): peak = 6843.258 ; gain = 0.000 ; free physical = 1712 ; free virtual = 10282

Phase 24 BRAM Register Optimization
INFO: [Physopt 32-527] Pass 1: Identified 2 candidate cells for BRAM register optimization
INFO: [Physopt 32-665] Processed cell bdw/design_1_i/hier_0/axi_mcdma_0/U0/GEN_SG_ENGINE.I_SG_ENGINE/I_SG_FETCH_QUEUE/GEN_MM2S_FTCH_Q_IF.FTCH_QUEUE_I/I_FTCH_BRAM/USE_XPM.xpm_memory_sdpram_inst/xpm_memory_base_inst/gen_wr_a.gen_word_narrow.mem_reg. 33 registers were pushed out.
INFO: [Physopt 32-665] Processed cell bdw/design_1_i/hier_0/axi_mcdma_0/U0/I_PRMRY_DATAMOVER/GEN_MM2S_FULL.I_MM2S_FULL_WRAPPER/GEN_INCLUDE_MM2S_SF.I_RD_SF/I_DATA_FIFO/BLK_MEM.I_SYNC_FIFOGEN_FIFO/xpm_fifo_instance.xpm_fifo_sync_inst/xpm_fifo_base_inst/gen_sdpram.xpm_memory_base_inst/gen_wr_a.gen_word_narrow.mem_reg_bram_8. 3 registers were pushed out.
INFO: [Physopt 32-775] End 1 Pass. Optimized 2 nets or cells. Created 36 new cells, deleted 0 existing cell and moved 0 existing cell
INFO: [Physopt 32-619] Estimated Timing Summary | WNS=-0.416 | TNS=-24.420 |
Netlist sorting complete. Time (s): cpu = 00:00:00.09 ; elapsed = 00:00:00.09 . Memory (MB): peak = 6843.258 ; gain = 0.000 ; free physical = 1712 ; free virtual = 10281
Phase 24 BRAM Register Optimization | Checksum: 19011fabb

Time (s): cpu = 00:07:49 ; elapsed = 00:02:29 . Memory (MB): peak = 6843.258 ; gain = 0.000 ; free physical = 1712 ; free virtual = 10281

Phase 25 URAM Register Optimization
INFO: [Physopt 32-846] No candidate cells for URAM register optimization found in the design
INFO: [Physopt 32-775] End 2 Pass. Optimized 0 net or cell. Created 0 new cell, deleted 0 existing cell and moved 0 existing cell
Phase 25 URAM Register Optimization | Checksum: 19011fabb

Time (s): cpu = 00:07:49 ; elapsed = 00:02:29 . Memory (MB): peak = 6843.258 ; gain = 0.000 ; free physical = 1712 ; free virtual = 10281

Phase 26 Shift Register Optimization
INFO: [Physopt 32-677] No candidate cells for Shift Register optimization found in the design
INFO: [Physopt 32-775] End 1 Pass. Optimized 0 net or cell. Created 0 new cell, deleted 0 existing cell and moved 0 existing cell
Phase 26 Shift Register Optimization | Checksum: 19011fabb

Time (s): cpu = 00:07:49 ; elapsed = 00:02:29 . Memory (MB): peak = 6843.258 ; gain = 0.000 ; free physical = 1712 ; free virtual = 10281

Phase 27 Critical Pin Optimization
INFO: [Physopt 32-606] Identified 27 candidate nets for critical-pin optimization.
INFO: [Physopt 32-608] Optimized 4 nets.  Swapped 174 pins.
INFO: [Physopt 32-775] End 1 Pass. Optimized 4 nets or cells. Created 0 new cell, deleted 0 existing cell and moved 174 existing cells
INFO: [Physopt 32-619] Estimated Timing Summary | WNS=-0.368 | TNS=-22.821 |
Netlist sorting complete. Time (s): cpu = 00:00:00.02 ; elapsed = 00:00:00.02 . Memory (MB): peak = 6843.258 ; gain = 0.000 ; free physical = 1738 ; free virtual = 10308
Phase 27 Critical Pin Optimization | Checksum: 19011fabb

Time (s): cpu = 00:07:52 ; elapsed = 00:02:32 . Memory (MB): peak = 6843.258 ; gain = 0.000 ; free physical = 1738 ; free virtual = 10308

Phase 28 Very High Fanout Optimization
WARNING: [Physopt 32-894] Found a constraint with the -through option on pin bdw/design_1_i/cpu/axi_interconnect_3/s00_couplers/s00_data_fifo/inst/gen_fifo.fifo_gen_inst/inst_fifo_gen/gaxi_full_lite.gread_ch.grdch2.axi_rdch/grf.rf/rstblk/ngwrdrst.grst.g7serrst.gnsckt_wrst.rst_wr_reg2_inst/src_arst or the net immediately connecting to the pin. This constraint will block optimizations for this and all downstream leaf pins.
INFO: [Physopt 32-76] Pass 1. Identified 16 candidate nets for fanout optimization.
INFO: [Physopt 32-81] Processed net bdw/design_1_i/hier_0/axi_mcdma_0/U0/I_RST_MODULE/GEN_RESET_FOR_MM2S.RESET_I/out. Replicated 1 times.
INFO: [Physopt 32-81] Processed net bdw/design_1_i/hier_0/axi_mcdma_0/U0/I_RST_MODULE/GEN_RESET_FOR_S2MM.RESET_I/out. Replicated 2 times.
INFO: [Physopt 32-81] Processed net bdw/design_1_i/proc_sys_reset_0/U0/peripheral_aresetn[0]. Replicated 2 times.
INFO: [Physopt 32-572] Net bdw/design_1_i/hier_0/axi_mcdma_0/U0/I_PRMRY_DATAMOVER/GEN_S2MM_FULL.I_S2MM_FULL_WRAPPER/I_RESET/GEN_ASYNC_CMDSTAT_RESET.SEC2PRIM_RST_SYNCRO/sig_stream_rst was not replicated.
Resolution: phys_opt_design can be forced to replicate a net driver using the option -force_replication_on_nets <list of net objects>.
INFO: [Physopt 32-232] Optimized 3 nets. Created 0 new instance.
INFO: [Physopt 32-775] End 1 Pass. Optimized 3 nets or cells. Created 0 new cell, deleted 0 existing cell and moved 0 existing cell
INFO: [Physopt 32-619] Estimated Timing Summary | WNS=-0.368 | TNS=-22.821 |
Netlist sorting complete. Time (s): cpu = 00:00:00.1 ; elapsed = 00:00:00.1 . Memory (MB): peak = 6843.258 ; gain = 0.000 ; free physical = 1734 ; free virtual = 10304
Phase 28 Very High Fanout Optimization | Checksum: 25069c9b3

Time (s): cpu = 00:08:04 ; elapsed = 00:02:36 . Memory (MB): peak = 6843.258 ; gain = 0.000 ; free physical = 1734 ; free virtual = 10304

Phase 29 Single Cell Placement Optimization
INFO: [Physopt 32-660] Identified 250 candidate nets for placement-based optimization.
INFO: [Physopt 32-662] Processed net bdw/design_1_i/hier_0/tx_csum_0/inst/cum_calc/byte_Counter/csum_begin_app_7_sn_1.  Did not re-place instance bdw/design_1_i/hier_0/tx_csum_0/inst/cum_calc/byte_Counter/checksum[15]_i_12
INFO: [Physopt 32-662] Processed net bdw/design_1_i/hier_0/tx_csum_0/inst/data_fifo_i/lastBeat.  Did not re-place instance bdw/design_1_i/hier_0/tx_csum_0/inst/data_fifo_i/lastBeat_reg_i_1_rewire
INFO: [Physopt 32-662] Processed net bdw/design_1_i/hier_0/tx_csum_0/inst/FSM_hamming2_data_state_reg_n_0_[1]_repN.  Did not re-place instance bdw/design_1_i/hier_0/tx_csum_0/inst/FSM_hamming2_data_state_reg[1]_replica
INFO: [Physopt 32-662] Processed net bdw/design_1_i/hier_0/tx_csum_0/inst/data_fifo_i/gen_pf_ic_rc.gen_full_rst_val.ram_full_n_reg.  Did not re-place instance bdw/design_1_i/hier_0/tx_csum_0/inst/data_fifo_i/byte_cntr[15]_i_1_rewire
INFO: [Physopt 32-662] Processed net bdw/design_1_i/hier_0/tx_csum_0/inst/cum_calc/byte_Counter/checksum[15]_i_16_n_0.  Did not re-place instance bdw/design_1_i/hier_0/tx_csum_0/inst/cum_calc/byte_Counter/checksum[15]_i_16
INFO: [Physopt 32-662] Processed net bdw/design_1_i/hier_0/tx_csum_0/inst/cum_calc/raw_csum_cal/M3/checksum[7]_i_3_n_0.  Did not re-place instance bdw/design_1_i/hier_0/tx_csum_0/inst/cum_calc/raw_csum_cal/M3/checksum[7]_i_3
INFO: [Physopt 32-662] Processed net bdw/design_1_i/hier_0/tx_csum_0/inst/cum_calc/raw_csum_cal/M3/checksum[7]_i_8_n_0.  Did not re-place instance bdw/design_1_i/hier_0/tx_csum_0/inst/cum_calc/raw_csum_cal/M3/checksum[7]_i_8
INFO: [Physopt 32-662] Processed net bdw/design_1_i/hier_0/tx_csum_0/inst/data_fifo_i/S[0].  Did not re-place instance bdw/design_1_i/hier_0/tx_csum_0/inst/data_fifo_i/byte_cntr_with_delta_byte0_carry_i_6
INFO: [Physopt 32-662] Processed net bdw/design_1_i/hier_0/tx_csum_0/inst/cum_calc/raw_csum_cal/M3/checksum_reg_n_0_[15].  Did not re-place instance bdw/design_1_i/hier_0/tx_csum_0/inst/cum_calc/raw_csum_cal/M3/checksum_reg[15]
INFO: [Physopt 32-662] Processed net bdw/design_1_i/hier_0/tx_csum_0/inst/cum_calc/raw_csum_cal/M3/checksum_reg_n_0_[16].  Did not re-place instance bdw/design_1_i/hier_0/tx_csum_0/inst/cum_calc/raw_csum_cal/M3/checksum_reg[16]
INFO: [Physopt 32-662] Processed net bdw/design_1_i/hier_0/tx_csum_0/inst/cum_calc/raw_csum_cal/M3/checksum[7]_i_6_n_0.  Did not re-place instance bdw/design_1_i/hier_0/tx_csum_0/inst/cum_calc/raw_csum_cal/M3/checksum[7]_i_6
INFO: [Physopt 32-662] Processed net bdw/design_1_i/hier_0/tx_csum_0/inst/cum_calc/raw_csum_cal/M3/checksum[7]_i_9_n_0.  Did not re-place instance bdw/design_1_i/hier_0/tx_csum_0/inst/cum_calc/raw_csum_cal/M3/checksum[7]_i_9
INFO: [Physopt 32-662] Processed net bdw/design_1_i/hier_0/tx_csum_0/inst/cum_calc/raw_csum_cal/M3/checksum[7]_i_7_n_0.  Did not re-place instance bdw/design_1_i/hier_0/tx_csum_0/inst/cum_calc/raw_csum_cal/M3/checksum[7]_i_7
INFO: [Physopt 32-662] Processed net bdw/design_1_i/hier_0/tx_csum_0/inst/cum_calc/raw_csum_cal/M3/checksum[7]_i_11_n_0.  Did not re-place instance bdw/design_1_i/hier_0/tx_csum_0/inst/cum_calc/raw_csum_cal/M3/checksum[7]_i_11
INFO: [Physopt 32-662] Processed net bdw/design_1_i/hier_0/tx_csum_0/inst/cum_calc/raw_csum_cal/M3/checksum_reg_n_0_[13].  Did not re-place instance bdw/design_1_i/hier_0/tx_csum_0/inst/cum_calc/raw_csum_cal/M3/checksum_reg[13]
INFO: [Physopt 32-662] Processed net bdw/design_1_i/hier_0/tx_csum_0/inst/cum_calc/byte_Counter/checksum[15]_i_15_n_0.  Did not re-place instance bdw/design_1_i/hier_0/tx_csum_0/inst/cum_calc/byte_Counter/checksum[15]_i_15
INFO: [Physopt 32-662] Processed net bdw/design_1_i/hier_0/tx_csum_0/inst/cum_calc/byte_Counter/checksum[15]_i_22_n_0.  Did not re-place instance bdw/design_1_i/hier_0/tx_csum_0/inst/cum_calc/byte_Counter/checksum[15]_i_22
INFO: [Physopt 32-663] Processed net bdw/design_1_i/hier_0/tx_csum_0/inst/cum_calc/byte_Counter/checksum[15]_i_18_n_0.  Re-placed instance bdw/design_1_i/hier_0/tx_csum_0/inst/cum_calc/byte_Counter/checksum[15]_i_18
INFO: [Physopt 32-662] Processed net bdw/design_1_i/hier_0/tx_csum_0/inst/cum_calc/raw_csum_cal/M3/checksum_reg_n_0_[14].  Did not re-place instance bdw/design_1_i/hier_0/tx_csum_0/inst/cum_calc/raw_csum_cal/M3/checksum_reg[14]
INFO: [Physopt 32-662] Processed net bdw/design_1_i/hier_0/tx_csum_0/inst/cum_calc/raw_csum_cal/M3/checksum[7]_i_10_n_0.  Did not re-place instance bdw/design_1_i/hier_0/tx_csum_0/inst/cum_calc/raw_csum_cal/M3/checksum[7]_i_10
INFO: [Physopt 32-662] Processed net bdw/design_1_i/hier_0/axis_data_fifo_5/inst/gen_fifo.xpm_fifo_axis_inst/xpm_fifo_base_inst/gen_sdpram.xpm_memory_base_inst/doutb[79]_repN.  Did not re-place instance bdw/design_1_i/hier_0/axis_data_fifo_5/inst/gen_fifo.xpm_fifo_axis_inst/xpm_fifo_base_inst/gen_sdpram.xpm_memory_base_inst/gen_rd_b.gen_doutb_pipe.gen_stage.doutb_pipe_reg[0][79]_replica
INFO: [Physopt 32-663] Processed net bdw/design_1_i/hier_0/tx_csum_0/inst/cum_calc/byte_Counter/s00_axis_tkeep_5_sn_1.  Re-placed instance bdw/design_1_i/hier_0/tx_csum_0/inst/cum_calc/byte_Counter/byte_cntr_with_delta_byte0_carry_i_10
INFO: [Physopt 32-662] Processed net bdw/design_1_i/hier_0/tx_csum_0/inst/FSM_hamming2_data_state_reg_n_0_[0]_repN.  Did not re-place instance bdw/design_1_i/hier_0/tx_csum_0/inst/FSM_hamming2_data_state_reg[0]_replica
INFO: [Physopt 32-662] Processed net bdw/design_1_i/hier_0/tx_csum_0/inst/cum_calc/byte_Counter/csum_begin_app_13_sn_1.  Did not re-place instance bdw/design_1_i/hier_0/tx_csum_0/inst/cum_calc/byte_Counter/checksum[15]_i_13
INFO: [Physopt 32-662] Processed net bdw/design_1_i/hier_0/tx_csum_0/inst/cum_calc/byte_Counter/checksum[15]_i_20_n_0.  Did not re-place instance bdw/design_1_i/hier_0/tx_csum_0/inst/cum_calc/byte_Counter/checksum[15]_i_20
INFO: [Physopt 32-662] Processed net bdw/design_1_i/hier_0/axis_data_fifo_5/inst/gen_fifo.xpm_fifo_axis_inst/xpm_fifo_base_inst/gen_sdpram.xpm_memory_base_inst/doutb[73].  Did not re-place instance bdw/design_1_i/hier_0/axis_data_fifo_5/inst/gen_fifo.xpm_fifo_axis_inst/xpm_fifo_base_inst/gen_sdpram.xpm_memory_base_inst/gen_rd_b.gen_doutb_pipe.gen_stage.doutb_pipe_reg[0][73]
INFO: [Physopt 32-662] Processed net bdw/design_1_i/hier_0/tx_csum_0/inst/cum_calc/byte_Counter/s00_axis_tkeep_1_sn_1.  Did not re-place instance bdw/design_1_i/hier_0/tx_csum_0/inst/cum_calc/byte_Counter/byte_cntr_with_delta_byte0_carry_i_7
INFO: [Physopt 32-662] Processed net bdw/design_1_i/hier_0/tx_csum_0/inst/cum_calc/raw_csum_cal/M3/checksum_reg_n_0_[12].  Did not re-place instance bdw/design_1_i/hier_0/tx_csum_0/inst/cum_calc/raw_csum_cal/M3/checksum_reg[12]
INFO: [Physopt 32-663] Processed net bdw/design_1_i/hier_0/tx_csum_0/inst/cum_calc/raw_csum_cal/M3/checksum_reg_n_0_[11].  Re-placed instance bdw/design_1_i/hier_0/tx_csum_0/inst/cum_calc/raw_csum_cal/M3/checksum_reg[11]
INFO: [Physopt 32-662] Processed net bdw/design_1_i/hier_0/tx_csum_0/inst/cum_calc/raw_csum_cal/M3/checksum[7]_i_4_n_0.  Did not re-place instance bdw/design_1_i/hier_0/tx_csum_0/inst/cum_calc/raw_csum_cal/M3/checksum[7]_i_4
INFO: [Physopt 32-662] Processed net bdw/design_1_i/hier_0/tx_csum_0/inst/cum_calc/raw_csum_cal/M3/checksum[15]_i_10_n_0.  Did not re-place instance bdw/design_1_i/hier_0/tx_csum_0/inst/cum_calc/raw_csum_cal/M3/checksum[15]_i_10
INFO: [Physopt 32-662] Processed net bdw/design_1_i/hier_0/tx_csum_0/inst/cum_calc/raw_csum_cal/M3/checksum[7]_i_5_n_0.  Did not re-place instance bdw/design_1_i/hier_0/tx_csum_0/inst/cum_calc/raw_csum_cal/M3/checksum[7]_i_5
INFO: [Physopt 32-662] Processed net bdw/design_1_i/hier_0/tx_csum_0/inst/cum_calc/raw_csum_cal/M3/checksum_reg_n_0_[9].  Did not re-place instance bdw/design_1_i/hier_0/tx_csum_0/inst/cum_calc/raw_csum_cal/M3/checksum_reg[9]
INFO: [Physopt 32-662] Processed net bdw/design_1_i/hier_0/axis_data_fifo_5/inst/gen_fifo.xpm_fifo_axis_inst/xpm_fifo_base_inst/data_valid.  Did not re-place instance bdw/design_1_i/hier_0/axis_data_fifo_5/inst/gen_fifo.xpm_fifo_axis_inst/xpm_fifo_base_inst/gen_fwft.gdvld_fwft.data_valid_fwft_reg
INFO: [Physopt 32-662] Processed net bdw/design_1_i/hier_0/tx_csum_0/inst/FSM_hamming2_data_state_reg_n_0_[2]_repN.  Did not re-place instance bdw/design_1_i/hier_0/tx_csum_0/inst/FSM_hamming2_data_state_reg[2]_replica
INFO: [Physopt 32-662] Processed net bdw/design_1_i/hier_0/tx_csum_0/inst/cum_calc/raw_csum_cal/M3/checksum[15]_i_9_n_0.  Did not re-place instance bdw/design_1_i/hier_0/tx_csum_0/inst/cum_calc/raw_csum_cal/M3/checksum[15]_i_9
INFO: [Physopt 32-663] Processed net bdw/design_1_i/hier_0/axis_data_fifo_5/inst/gen_fifo.xpm_fifo_axis_inst/xpm_fifo_base_inst/gen_sdpram.xpm_memory_base_inst/doutb[74]_repN.  Re-placed instance bdw/design_1_i/hier_0/axis_data_fifo_5/inst/gen_fifo.xpm_fifo_axis_inst/xpm_fifo_base_inst/gen_sdpram.xpm_memory_base_inst/gen_rd_b.gen_doutb_pipe.gen_stage.doutb_pipe_reg[0][74]_replica
INFO: [Physopt 32-663] Processed net bdw/design_1_i/hier_0/axis_data_fifo_5/inst/gen_fifo.xpm_fifo_axis_inst/xpm_fifo_base_inst/gen_sdpram.xpm_memory_base_inst/doutb[75].  Re-placed instance bdw/design_1_i/hier_0/axis_data_fifo_5/inst/gen_fifo.xpm_fifo_axis_inst/xpm_fifo_base_inst/gen_sdpram.xpm_memory_base_inst/gen_rd_b.gen_doutb_pipe.gen_stage.doutb_pipe_reg[0][75]
INFO: [Physopt 32-663] Processed net bdw/design_1_i/hier_0/tx_csum_0/inst/cum_calc/raw_csum_cal/M3/checksum_reg_n_0_[10].  Re-placed instance bdw/design_1_i/hier_0/tx_csum_0/inst/cum_calc/raw_csum_cal/M3/checksum_reg[10]
INFO: [Physopt 32-663] Processed net bdw/design_1_i/hier_0/axis_data_fifo_5/inst/gen_fifo.xpm_fifo_axis_inst/xpm_fifo_base_inst/gen_sdpram.xpm_memory_base_inst/doutb[72]_repN.  Re-placed instance bdw/design_1_i/hier_0/axis_data_fifo_5/inst/gen_fifo.xpm_fifo_axis_inst/xpm_fifo_base_inst/gen_sdpram.xpm_memory_base_inst/gen_rd_b.gen_doutb_pipe.gen_stage.doutb_pipe_reg[0][72]_replica
INFO: [Physopt 32-662] Processed net bdw/design_1_i/hier_0/tx_csum_0/inst/FSM_hamming2_data_state_reg_n_0_[3].  Did not re-place instance bdw/design_1_i/hier_0/tx_csum_0/inst/FSM_hamming2_data_state_reg[3]
INFO: [Physopt 32-662] Processed net bdw/design_1_i/hier_0/tx_csum_0/inst/cum_calc/raw_csum_cal/M3/checksum_reg_n_0_[8].  Did not re-place instance bdw/design_1_i/hier_0/tx_csum_0/inst/cum_calc/raw_csum_cal/M3/checksum_reg[8]
INFO: [Physopt 32-662] Processed net bdw/design_1_i/hier_0/tx_csum_0/inst/cum_calc/raw_csum_cal/M3/checksum[15]_i_7_n_0.  Did not re-place instance bdw/design_1_i/hier_0/tx_csum_0/inst/cum_calc/raw_csum_cal/M3/checksum[15]_i_7
INFO: [Physopt 32-662] Processed net bdw/design_1_i/hier_0/tx_csum_0/inst/cum_calc/raw_csum_cal/M3/checksum[15]_i_8_n_0.  Did not re-place instance bdw/design_1_i/hier_0/tx_csum_0/inst/cum_calc/raw_csum_cal/M3/checksum[15]_i_8
INFO: [Physopt 32-662] Processed net bdw/design_1_i/hier_0/csum_rx_rss_0/inst/CSUM_UNIT/byte_Counter/in1_reg[7]_i_3_n_0.  Did not re-place instance bdw/design_1_i/hier_0/csum_rx_rss_0/inst/CSUM_UNIT/byte_Counter/in1_reg[7]_i_3
INFO: [Physopt 32-662] Processed net bdw/design_1_i/hier_0/csum_rx_rss_0/inst/CSUM_UNIT/byte_Counter/in2_reg[7]_i_2_n_0.  Did not re-place instance bdw/design_1_i/hier_0/csum_rx_rss_0/inst/CSUM_UNIT/byte_Counter/in2_reg[7]_i_2
INFO: [Physopt 32-662] Processed net bdw/design_1_i/hier_0/csum_rx_rss_0/inst/CSUM_UNIT/byte_Counter/s00_axis_tlast_0.  Did not re-place instance bdw/design_1_i/hier_0/csum_rx_rss_0/inst/CSUM_UNIT/byte_Counter/valid_out_stg1_i_1
INFO: [Physopt 32-663] Processed net bdw/design_1_i/hier_0/axis_data_fifo_2/inst/gen_fifo.xpm_fifo_axis_inst/xpm_fifo_base_inst/full_n.  Re-placed instance bdw/design_1_i/hier_0/axis_data_fifo_2/inst/gen_fifo.xpm_fifo_axis_inst/xpm_fifo_base_inst/gen_pntr_flags_cc.gen_full_rst_val.ram_full_n_reg
INFO: [Physopt 32-662] Processed net bdw/design_1_i/hier_0/csum_rx_rss_0/inst/CSUM_UNIT/byte_Counter/in2_reg[15]_i_6_n_0.  Did not re-place instance bdw/design_1_i/hier_0/csum_rx_rss_0/inst/CSUM_UNIT/byte_Counter/in2_reg[15]_i_6
INFO: [Physopt 32-662] Processed net bdw/design_1_i/hier_0/csum_rx_rss_0/inst/CSUM_UNIT/byte_Counter/byte_cntr_with_delta_byte0_carry_i_6_n_0.  Did not re-place instance bdw/design_1_i/hier_0/csum_rx_rss_0/inst/CSUM_UNIT/byte_Counter/byte_cntr_with_delta_byte0_carry_i_6
INFO: [Physopt 32-662] Processed net bdw/design_1_i/hier_0/csum_rx_rss_0/inst/CSUM_UNIT/byte_Counter/in2_reg[15]_i_9_n_0.  Did not re-place instance bdw/design_1_i/hier_0/csum_rx_rss_0/inst/CSUM_UNIT/byte_Counter/in2_reg[15]_i_9
INFO: [Physopt 32-663] Processed net bdw/design_1_i/hier_0/csum_rx_rss_0/inst/CSUM_UNIT/byte_Counter/s00_axis_tdata[31][6].  Re-placed instance bdw/design_1_i/hier_0/csum_rx_rss_0/inst/CSUM_UNIT/byte_Counter/in2_reg[6]_i_1__1
INFO: [Physopt 32-662] Processed net bdw/design_1_i/hier_0/csum_rx_rss_0/inst/CSUM_UNIT/tcp_csum_cal/genblk2[1].M1/in2_reg[6].  Did not re-place instance bdw/design_1_i/hier_0/csum_rx_rss_0/inst/CSUM_UNIT/tcp_csum_cal/genblk2[1].M1/in2_reg_reg[6]
INFO: [Physopt 32-662] Processed net bdw/design_1_i/hier_0/tx_csum_0/inst/cum_calc/byte_Counter/csum_begin_app_14_sn_1.  Did not re-place instance bdw/design_1_i/hier_0/tx_csum_0/inst/cum_calc/byte_Counter/checksum[15]_i_11
INFO: [Physopt 32-662] Processed net bdw/design_1_i/hier_0/tx_csum_0/inst/cum_calc/byte_Counter/checksum[15]_i_19_n_0.  Did not re-place instance bdw/design_1_i/hier_0/tx_csum_0/inst/cum_calc/byte_Counter/checksum[15]_i_19
INFO: [Physopt 32-663] Processed net bdw/design_1_i/hier_0/csum_rx_rss_0/inst/CSUM_UNIT/byte_Counter/s00_axis_tdata[31][2].  Re-placed instance bdw/design_1_i/hier_0/csum_rx_rss_0/inst/CSUM_UNIT/byte_Counter/in2_reg[2]_i_1__1
INFO: [Physopt 32-662] Processed net bdw/design_1_i/hier_0/csum_rx_rss_0/inst/CSUM_UNIT/tcp_csum_cal/genblk2[1].M1/in2_reg[2].  Did not re-place instance bdw/design_1_i/hier_0/csum_rx_rss_0/inst/CSUM_UNIT/tcp_csum_cal/genblk2[1].M1/in2_reg_reg[2]
INFO: [Physopt 32-662] Processed net bdw/design_1_i/hier_0/csum_rx_rss_0/inst/CSUM_UNIT/byte_Counter/s00_axis_tdata[31][3].  Did not re-place instance bdw/design_1_i/hier_0/csum_rx_rss_0/inst/CSUM_UNIT/byte_Counter/in2_reg[3]_i_1__1
INFO: [Physopt 32-662] Processed net bdw/design_1_i/hier_0/csum_rx_rss_0/inst/CSUM_UNIT/tcp_csum_cal/genblk2[1].M1/in2_reg[3].  Did not re-place instance bdw/design_1_i/hier_0/csum_rx_rss_0/inst/CSUM_UNIT/tcp_csum_cal/genblk2[1].M1/in2_reg_reg[3]
INFO: [Physopt 32-663] Processed net bdw/design_1_i/hier_0/tx_csum_0/inst/cum_calc/byte_Counter/bytePtr_reg[2]_i_9__0_n_0.  Re-placed instance bdw/design_1_i/hier_0/tx_csum_0/inst/cum_calc/byte_Counter/bytePtr_reg[2]_i_9__0
INFO: [Physopt 32-663] Processed net bdw/design_1_i/hier_0/axis_data_fifo_5/inst/gen_fifo.xpm_fifo_axis_inst/xpm_fifo_base_inst/gen_sdpram.xpm_memory_base_inst/doutb[76].  Re-placed instance bdw/design_1_i/hier_0/axis_data_fifo_5/inst/gen_fifo.xpm_fifo_axis_inst/xpm_fifo_base_inst/gen_sdpram.xpm_memory_base_inst/gen_rd_b.gen_doutb_pipe.gen_stage.doutb_pipe_reg[0][76]
INFO: [Physopt 32-662] Processed net bdw/design_1_i/hier_0/tx_csum_0/inst/cum_calc/raw_csum_cal/M3/checksum[16]_i_1_n_0.  Did not re-place instance bdw/design_1_i/hier_0/tx_csum_0/inst/cum_calc/raw_csum_cal/M3/checksum[16]_i_1
INFO: [Physopt 32-663] Processed net bdw/design_1_i/hier_0/tx_csum_0/inst/cum_calc/raw_csum_cal/M3/checksum_reg_n_0_[0].  Re-placed instance bdw/design_1_i/hier_0/tx_csum_0/inst/cum_calc/raw_csum_cal/M3/checksum_reg[0]
INFO: [Physopt 32-662] Processed net bdw/design_1_i/hier_0/tx_csum_0/inst/cum_calc/raw_csum_cal/M3/checksum_reg_n_0_[1].  Did not re-place instance bdw/design_1_i/hier_0/tx_csum_0/inst/cum_calc/raw_csum_cal/M3/checksum_reg[1]
INFO: [Physopt 32-662] Processed net bdw/design_1_i/hier_0/tx_csum_0/inst/cum_calc/raw_csum_cal/M3/checksum_reg_n_0_[2].  Did not re-place instance bdw/design_1_i/hier_0/tx_csum_0/inst/cum_calc/raw_csum_cal/M3/checksum_reg[2]
INFO: [Physopt 32-662] Processed net bdw/design_1_i/hier_0/tx_csum_0/inst/cum_calc/raw_csum_cal/M3/checksum_reg_n_0_[3].  Did not re-place instance bdw/design_1_i/hier_0/tx_csum_0/inst/cum_calc/raw_csum_cal/M3/checksum_reg[3]
INFO: [Physopt 32-662] Processed net bdw/design_1_i/hier_0/tx_csum_0/inst/cum_calc/raw_csum_cal/M3/checksum[15]_i_5_n_0.  Did not re-place instance bdw/design_1_i/hier_0/tx_csum_0/inst/cum_calc/raw_csum_cal/M3/checksum[15]_i_5
INFO: [Physopt 32-662] Processed net bdw/design_1_i/hier_0/tx_csum_0/inst/cum_calc/raw_csum_cal/M3/checksum_reg_n_0_[4].  Did not re-place instance bdw/design_1_i/hier_0/tx_csum_0/inst/cum_calc/raw_csum_cal/M3/checksum_reg[4]
INFO: [Physopt 32-662] Processed net bdw/design_1_i/hier_0/tx_csum_0/inst/cum_calc/raw_csum_cal/M3/checksum_reg_n_0_[5].  Did not re-place instance bdw/design_1_i/hier_0/tx_csum_0/inst/cum_calc/raw_csum_cal/M3/checksum_reg[5]
INFO: [Physopt 32-662] Processed net bdw/design_1_i/hier_0/tx_csum_0/inst/cum_calc/raw_csum_cal/M3/checksum_reg_n_0_[6].  Did not re-place instance bdw/design_1_i/hier_0/tx_csum_0/inst/cum_calc/raw_csum_cal/M3/checksum_reg[6]
INFO: [Physopt 32-662] Processed net bdw/design_1_i/hier_0/tx_csum_0/inst/cum_calc/raw_csum_cal/M3/checksum_reg_n_0_[7].  Did not re-place instance bdw/design_1_i/hier_0/tx_csum_0/inst/cum_calc/raw_csum_cal/M3/checksum_reg[7]
INFO: [Physopt 32-662] Processed net bdw/design_1_i/hier_0/csum_rx_rss_0/inst/CSUM_UNIT/byte_Counter/s00_axis_tdata[31][0].  Did not re-place instance bdw/design_1_i/hier_0/csum_rx_rss_0/inst/CSUM_UNIT/byte_Counter/in2_reg[0]_i_1__1
INFO: [Physopt 32-662] Processed net bdw/design_1_i/hier_0/csum_rx_rss_0/inst/CSUM_UNIT/tcp_csum_cal/genblk2[1].M1/in2_reg[0].  Did not re-place instance bdw/design_1_i/hier_0/csum_rx_rss_0/inst/CSUM_UNIT/tcp_csum_cal/genblk2[1].M1/in2_reg_reg[0]
INFO: [Physopt 32-662] Processed net bdw/design_1_i/hier_0/tx_csum_0/inst/cum_calc/raw_csum_cal/M3/checksum[15]_i_6_n_0.  Did not re-place instance bdw/design_1_i/hier_0/tx_csum_0/inst/cum_calc/raw_csum_cal/M3/checksum[15]_i_6
INFO: [Physopt 32-663] Processed net bdw/design_1_i/hier_0/csum_rx_rss_0/inst/CSUM_UNIT/byte_Counter/s00_axis_tdata[31][7].  Re-placed instance bdw/design_1_i/hier_0/csum_rx_rss_0/inst/CSUM_UNIT/byte_Counter/in2_reg[7]_i_1__1
INFO: [Physopt 32-662] Processed net bdw/design_1_i/hier_0/csum_rx_rss_0/inst/CSUM_UNIT/tcp_csum_cal/genblk2[1].M1/in2_reg[7].  Did not re-place instance bdw/design_1_i/hier_0/csum_rx_rss_0/inst/CSUM_UNIT/tcp_csum_cal/genblk2[1].M1/in2_reg_reg[7]
INFO: [Physopt 32-663] Processed net bdw/design_1_i/hier_0/axis_data_fifo_5/inst/gen_fifo.xpm_fifo_axis_inst/xpm_fifo_base_inst/gen_sdpram.xpm_memory_base_inst/doutb[78].  Re-placed instance bdw/design_1_i/hier_0/axis_data_fifo_5/inst/gen_fifo.xpm_fifo_axis_inst/xpm_fifo_base_inst/gen_sdpram.xpm_memory_base_inst/gen_rd_b.gen_doutb_pipe.gen_stage.doutb_pipe_reg[0][78]
INFO: [Physopt 32-663] Processed net bdw/design_1_i/hier_0/axis_data_fifo_5/inst/gen_fifo.xpm_fifo_axis_inst/xpm_fifo_base_inst/gen_sdpram.xpm_memory_base_inst/doutb[108].  Re-placed instance bdw/design_1_i/hier_0/axis_data_fifo_5/inst/gen_fifo.xpm_fifo_axis_inst/xpm_fifo_base_inst/gen_sdpram.xpm_memory_base_inst/gen_rd_b.gen_doutb_pipe.gen_stage.doutb_pipe_reg[0][108]
INFO: [Physopt 32-662] Processed net bdw/design_1_i/hier_0/csum_rx_rss_0/inst/CSUM_UNIT/byte_Counter/in2_reg[15]_i_4__0_n_0.  Did not re-place instance bdw/design_1_i/hier_0/csum_rx_rss_0/inst/CSUM_UNIT/byte_Counter/in2_reg[15]_i_4__0
INFO: [Physopt 32-662] Processed net bdw/design_1_i/hier_0/csum_rx_rss_0/inst/CSUM_UNIT/byte_Counter/in2_reg[15]_i_4__2_n_0.  Did not re-place instance bdw/design_1_i/hier_0/csum_rx_rss_0/inst/CSUM_UNIT/byte_Counter/in2_reg[15]_i_4__2
INFO: [Physopt 32-662] Processed net bdw/design_1_i/hier_0/csum_rx_rss_0/inst/CSUM_UNIT/byte_Counter/s00_axis_tdata[47]_0[12].  Did not re-place instance bdw/design_1_i/hier_0/csum_rx_rss_0/inst/CSUM_UNIT/byte_Counter/in1_reg[12]_i_1__2
INFO: [Physopt 32-662] Processed net bdw/design_1_i/hier_0/csum_rx_rss_0/inst/CSUM_UNIT/raw_csum_cal/genblk2[2].M1/in1_reg_reg_n_0_[12].  Did not re-place instance bdw/design_1_i/hier_0/csum_rx_rss_0/inst/CSUM_UNIT/raw_csum_cal/genblk2[2].M1/in1_reg_reg[12]
INFO: [Physopt 32-663] Processed net bdw/design_1_i/hier_0/tx_csum_0/inst/data_fifo_i/axis_data_fifo_0/inst/gen_fifo.xpm_fifo_axis_inst/xpm_fifo_base_inst/full_n_repN.  Re-placed instance bdw/design_1_i/hier_0/tx_csum_0/inst/data_fifo_i/axis_data_fifo_0/inst/gen_fifo.xpm_fifo_axis_inst/xpm_fifo_base_inst/gen_pf_ic_rc.gen_full_rst_val.ram_full_n_reg_replica
INFO: [Physopt 32-662] Processed net bdw/design_1_i/hier_0/csum_rx_rss_0/inst/CSUM_UNIT/byte_Counter/in2_reg[15]_i_3_n_0.  Did not re-place instance bdw/design_1_i/hier_0/csum_rx_rss_0/inst/CSUM_UNIT/byte_Counter/in2_reg[15]_i_3
INFO: [Physopt 32-662] Processed net bdw/design_1_i/hier_0/csum_rx_rss_0/inst/CSUM_UNIT/byte_Counter/csumEn_stg1_i_3__0_n_0.  Did not re-place instance bdw/design_1_i/hier_0/csum_rx_rss_0/inst/CSUM_UNIT/byte_Counter/csumEn_stg1_i_3__0
INFO: [Physopt 32-662] Processed net bdw/design_1_i/hier_0/csum_rx_rss_0/inst/CSUM_UNIT/byte_Counter/csumEn_stg1_i_7_n_0.  Did not re-place instance bdw/design_1_i/hier_0/csum_rx_rss_0/inst/CSUM_UNIT/byte_Counter/csumEn_stg1_i_7
INFO: [Physopt 32-662] Processed net bdw/design_1_i/hier_0/csum_rx_rss_0/inst/CSUM_UNIT/byte_Counter/csumEn_stg1_i_6_n_0.  Did not re-place instance bdw/design_1_i/hier_0/csum_rx_rss_0/inst/CSUM_UNIT/byte_Counter/csumEn_stg1_i_6
INFO: [Physopt 32-662] Processed net bdw/design_1_i/hier_0/csum_rx_rss_0/inst/CSUM_UNIT/byte_Counter/s00_axis_tdata[47][4].  Did not re-place instance bdw/design_1_i/hier_0/csum_rx_rss_0/inst/CSUM_UNIT/byte_Counter/in1_reg[4]_i_1__1
INFO: [Physopt 32-662] Processed net bdw/design_1_i/hier_0/csum_rx_rss_0/inst/CSUM_UNIT/tcp_csum_cal/genblk2[2].M1/in1_reg_reg_n_0_[4].  Did not re-place instance bdw/design_1_i/hier_0/csum_rx_rss_0/inst/CSUM_UNIT/tcp_csum_cal/genblk2[2].M1/in1_reg_reg[4]
INFO: [Physopt 32-662] Processed net bdw/design_1_i/hier_0/csum_rx_rss_0/inst/CSUM_UNIT/byte_Counter/s00_axis_tdata[31][1].  Did not re-place instance bdw/design_1_i/hier_0/csum_rx_rss_0/inst/CSUM_UNIT/byte_Counter/in2_reg[1]_i_1__1
INFO: [Physopt 32-662] Processed net bdw/design_1_i/hier_0/csum_rx_rss_0/inst/CSUM_UNIT/tcp_csum_cal/genblk2[1].M1/in2_reg[1].  Did not re-place instance bdw/design_1_i/hier_0/csum_rx_rss_0/inst/CSUM_UNIT/tcp_csum_cal/genblk2[1].M1/in2_reg_reg[1]
INFO: [Physopt 32-662] Processed net bdw/design_1_i/hier_0/csum_rx_rss_0/inst/CSUM_UNIT/byte_Counter/s00_axis_tdata[47]_0[8].  Did not re-place instance bdw/design_1_i/hier_0/csum_rx_rss_0/inst/CSUM_UNIT/byte_Counter/in1_reg[8]_i_1__2
INFO: [Physopt 32-662] Processed net bdw/design_1_i/hier_0/csum_rx_rss_0/inst/CSUM_UNIT/raw_csum_cal/genblk2[2].M1/in1_reg_reg_n_0_[8].  Did not re-place instance bdw/design_1_i/hier_0/csum_rx_rss_0/inst/CSUM_UNIT/raw_csum_cal/genblk2[2].M1/in1_reg_reg[8]
INFO: [Physopt 32-662] Processed net bdw/design_1_i/hier_0/csum_rx_rss_0/inst/CSUM_UNIT/byte_Counter/s00_axis_tdata[47]_0[0].  Did not re-place instance bdw/design_1_i/hier_0/csum_rx_rss_0/inst/CSUM_UNIT/byte_Counter/in1_reg[0]_i_1__2
INFO: [Physopt 32-662] Processed net bdw/design_1_i/hier_0/csum_rx_rss_0/inst/CSUM_UNIT/raw_csum_cal/genblk2[2].M1/in1_reg_reg_n_0_[0].  Did not re-place instance bdw/design_1_i/hier_0/csum_rx_rss_0/inst/CSUM_UNIT/raw_csum_cal/genblk2[2].M1/in1_reg_reg[0]
INFO: [Physopt 32-662] Processed net bdw/design_1_i/hier_0/csum_rx_rss_0/inst/CSUM_UNIT/byte_Counter/in2_reg[15]_i_12_n_0.  Did not re-place instance bdw/design_1_i/hier_0/csum_rx_rss_0/inst/CSUM_UNIT/byte_Counter/in2_reg[15]_i_12
INFO: [Physopt 32-662] Processed net bdw/design_1_i/hier_0/csum_rx_rss_0/inst/CSUM_UNIT/byte_Counter/s00_axis_tdata[47]_0[10].  Did not re-place instance bdw/design_1_i/hier_0/csum_rx_rss_0/inst/CSUM_UNIT/byte_Counter/in1_reg[10]_i_1__2
INFO: [Physopt 32-662] Processed net bdw/design_1_i/hier_0/csum_rx_rss_0/inst/CSUM_UNIT/raw_csum_cal/genblk2[2].M1/in1_reg_reg_n_0_[10].  Did not re-place instance bdw/design_1_i/hier_0/csum_rx_rss_0/inst/CSUM_UNIT/raw_csum_cal/genblk2[2].M1/in1_reg_reg[10]
INFO: [Physopt 32-662] Processed net bdw/design_1_i/hier_0/csum_rx_rss_0/inst/CSUM_UNIT/byte_Counter/in2_reg[7]_i_2__0_n_0.  Did not re-place instance bdw/design_1_i/hier_0/csum_rx_rss_0/inst/CSUM_UNIT/byte_Counter/in2_reg[7]_i_2__0
INFO: [Physopt 32-662] Processed net bdw/design_1_i/hier_0/csum_rx_rss_0/inst/CSUM_UNIT/byte_Counter/s00_axis_tdata[15]_0[2].  Did not re-place instance bdw/design_1_i/hier_0/csum_rx_rss_0/inst/CSUM_UNIT/byte_Counter/in1_reg[2]_i_1__0
INFO: [Physopt 32-662] Processed net bdw/design_1_i/hier_0/csum_rx_rss_0/inst/CSUM_UNIT/raw_csum_cal/genblk2[1].M1/in1_reg[2].  Did not re-place instance bdw/design_1_i/hier_0/csum_rx_rss_0/inst/CSUM_UNIT/raw_csum_cal/genblk2[1].M1/in1_reg_reg[2]
INFO: [Physopt 32-662] Processed net bdw/design_1_i/hier_0/axis_data_fifo_5/inst/gen_fifo.xpm_fifo_axis_inst/xpm_fifo_base_inst/gen_sdpram.xpm_memory_base_inst/doutb[77].  Did not re-place instance bdw/design_1_i/hier_0/axis_data_fifo_5/inst/gen_fifo.xpm_fifo_axis_inst/xpm_fifo_base_inst/gen_sdpram.xpm_memory_base_inst/gen_rd_b.gen_doutb_pipe.gen_stage.doutb_pipe_reg[0][77]
INFO: [Physopt 32-662] Processed net bdw/design_1_i/hier_0/csum_rx_rss_0/inst/CSUM_UNIT/byte_Counter/s00_axis_tdata[31][5].  Did not re-place instance bdw/design_1_i/hier_0/csum_rx_rss_0/inst/CSUM_UNIT/byte_Counter/in2_reg[5]_i_1__1
INFO: [Physopt 32-662] Processed net bdw/design_1_i/hier_0/csum_rx_rss_0/inst/CSUM_UNIT/tcp_csum_cal/genblk2[1].M1/in2_reg[5].  Did not re-place instance bdw/design_1_i/hier_0/csum_rx_rss_0/inst/CSUM_UNIT/tcp_csum_cal/genblk2[1].M1/in2_reg_reg[5]
INFO: [Physopt 32-662] Processed net bdw/design_1_i/hier_0/csum_rx_rss_0/inst/CSUM_UNIT/byte_Counter/frame_has_protocol_tcp_0x06_i_9_n_0.  Did not re-place instance bdw/design_1_i/hier_0/csum_rx_rss_0/inst/CSUM_UNIT/byte_Counter/frame_has_protocol_tcp_0x06_i_9
INFO: [Physopt 32-662] Processed net bdw/design_1_i/hier_0/csum_rx_rss_0/inst/CSUM_UNIT/byte_Counter/ip_header_length[5]_i_4_n_0.  Did not re-place instance bdw/design_1_i/hier_0/csum_rx_rss_0/inst/CSUM_UNIT/byte_Counter/ip_header_length[5]_i_4_rewire
INFO: [Physopt 32-662] Processed net bdw/design_1_i/hier_0/csum_rx_rss_0/inst/CSUM_UNIT/byte_Counter/s00_axis_tdata[31][4].  Did not re-place instance bdw/design_1_i/hier_0/csum_rx_rss_0/inst/CSUM_UNIT/byte_Counter/in2_reg[4]_i_1__1
INFO: [Physopt 32-662] Processed net bdw/design_1_i/hier_0/csum_rx_rss_0/inst/CSUM_UNIT/tcp_csum_cal/genblk2[1].M1/in2_reg[4].  Did not re-place instance bdw/design_1_i/hier_0/csum_rx_rss_0/inst/CSUM_UNIT/tcp_csum_cal/genblk2[1].M1/in2_reg_reg[4]
INFO: [Physopt 32-663] Processed net bdw/design_1_i/hier_0/csum_rx_rss_0/inst/app_field_gen_tvalid.  Re-placed instance bdw/design_1_i/hier_0/csum_rx_rss_0/inst/app_field_gen_tvalid_reg
INFO: [Physopt 32-662] Processed net bdw/design_1_i/hier_0/csum_rx_rss_0/inst/CSUM_UNIT/byte_Counter/doutb[79]_alias.  Did not re-place instance bdw/design_1_i/hier_0/csum_rx_rss_0/inst/CSUM_UNIT/byte_Counter/byte_cntr_with_delta_byte0_carry_i_10_psbram
INFO: [Physopt 32-662] Processed net bdw/design_1_i/hier_0/csum_rx_rss_0/inst/CSUM_UNIT/byte_Counter/byte_cntr_with_delta_byte0_carry_i_10_n_0.  Did not re-place instance bdw/design_1_i/hier_0/csum_rx_rss_0/inst/CSUM_UNIT/byte_Counter/byte_cntr_with_delta_byte0_carry_i_10
INFO: [Physopt 32-662] Processed net bdw/design_1_i/hier_0/csum_rx_rss_0/inst/CSUM_UNIT/byte_Counter/s00_axis_tdata[63]_2[10].  Did not re-place instance bdw/design_1_i/hier_0/csum_rx_rss_0/inst/CSUM_UNIT/byte_Counter/in2_reg[10]_i_1__4
INFO: [Physopt 32-662] Processed net bdw/design_1_i/hier_0/csum_rx_rss_0/inst/CSUM_UNIT/raw_csum_cal/genblk2[2].M1/in2_reg_reg_n_0_[10].  Did not re-place instance bdw/design_1_i/hier_0/csum_rx_rss_0/inst/CSUM_UNIT/raw_csum_cal/genblk2[2].M1/in2_reg_reg[10]
INFO: [Physopt 32-662] Processed net bdw/design_1_i/hier_0/tx_csum_0/inst/cum_calc/raw_csum_cal/M3/checksum[15]_i_3_n_0.  Did not re-place instance bdw/design_1_i/hier_0/tx_csum_0/inst/cum_calc/raw_csum_cal/M3/checksum[15]_i_3
INFO: [Physopt 32-662] Processed net bdw/design_1_i/hier_0/csum_rx_rss_0/inst/CSUM_UNIT/byte_Counter/s00_axis_tdata[63]_2[6].  Did not re-place instance bdw/design_1_i/hier_0/csum_rx_rss_0/inst/CSUM_UNIT/byte_Counter/in2_reg[6]_i_1__4
INFO: [Physopt 32-662] Processed net bdw/design_1_i/hier_0/csum_rx_rss_0/inst/CSUM_UNIT/raw_csum_cal/genblk2[2].M1/in2_reg_reg_n_0_[6].  Did not re-place instance bdw/design_1_i/hier_0/csum_rx_rss_0/inst/CSUM_UNIT/raw_csum_cal/genblk2[2].M1/in2_reg_reg[6]
INFO: [Physopt 32-662] Processed net bdw/design_1_i/hier_0/csum_rx_rss_0/inst/CSUM_UNIT/byte_Counter/in2_reg[15]_i_2__3_n_0.  Did not re-place instance bdw/design_1_i/hier_0/csum_rx_rss_0/inst/CSUM_UNIT/byte_Counter/in2_reg[15]_i_2__3_rewire
INFO: [Physopt 32-662] Processed net bdw/design_1_i/hier_0/tx_csum_0/inst/cum_calc/raw_csum_cal/M3/checksum[15]_i_4_n_0.  Did not re-place instance bdw/design_1_i/hier_0/tx_csum_0/inst/cum_calc/raw_csum_cal/M3/checksum[15]_i_4
INFO: [Physopt 32-662] Processed net bdw/design_1_i/hier_0/csum_rx_rss_0/inst/CSUM_UNIT/byte_Counter/s00_axis_tdata[63]_1[4].  Did not re-place instance bdw/design_1_i/hier_0/csum_rx_rss_0/inst/CSUM_UNIT/byte_Counter/in2_reg[4]_i_1__3
INFO: [Physopt 32-662] Processed net bdw/design_1_i/hier_0/csum_rx_rss_0/inst/CSUM_UNIT/tcp_csum_cal/genblk2[2].M1/in2_reg_reg_n_0_[4].  Did not re-place instance bdw/design_1_i/hier_0/csum_rx_rss_0/inst/CSUM_UNIT/tcp_csum_cal/genblk2[2].M1/in2_reg_reg[4]
INFO: [Physopt 32-662] Processed net bdw/design_1_i/hier_0/csum_rx_rss_0/inst/CSUM_UNIT/byte_Counter/s00_axis_tdata[63]_2[5].  Did not re-place instance bdw/design_1_i/hier_0/csum_rx_rss_0/inst/CSUM_UNIT/byte_Counter/in2_reg[5]_i_1__4
INFO: [Physopt 32-662] Processed net bdw/design_1_i/hier_0/csum_rx_rss_0/inst/CSUM_UNIT/raw_csum_cal/genblk2[2].M1/in2_reg_reg_n_0_[5].  Did not re-place instance bdw/design_1_i/hier_0/csum_rx_rss_0/inst/CSUM_UNIT/raw_csum_cal/genblk2[2].M1/in2_reg_reg[5]
INFO: [Physopt 32-662] Processed net bdw/design_1_i/hier_0/csum_rx_rss_0/inst/CSUM_UNIT/byte_Counter/s00_axis_tdata[63]_2[13].  Did not re-place instance bdw/design_1_i/hier_0/csum_rx_rss_0/inst/CSUM_UNIT/byte_Counter/in2_reg[13]_i_1__4
INFO: [Physopt 32-662] Processed net bdw/design_1_i/hier_0/csum_rx_rss_0/inst/CSUM_UNIT/raw_csum_cal/genblk2[2].M1/in2_reg_reg_n_0_[13].  Did not re-place instance bdw/design_1_i/hier_0/csum_rx_rss_0/inst/CSUM_UNIT/raw_csum_cal/genblk2[2].M1/in2_reg_reg[13]
INFO: [Physopt 32-662] Processed net bdw/design_1_i/hier_0/csum_rx_rss_0/inst/CSUM_UNIT/byte_Counter/s00_axis_tdata[47]_0[13].  Did not re-place instance bdw/design_1_i/hier_0/csum_rx_rss_0/inst/CSUM_UNIT/byte_Counter/in1_reg[13]_i_1__2
INFO: [Physopt 32-662] Processed net bdw/design_1_i/hier_0/csum_rx_rss_0/inst/CSUM_UNIT/raw_csum_cal/genblk2[2].M1/in1_reg_reg_n_0_[13].  Did not re-place instance bdw/design_1_i/hier_0/csum_rx_rss_0/inst/CSUM_UNIT/raw_csum_cal/genblk2[2].M1/in1_reg_reg[13]
INFO: [Physopt 32-662] Processed net bdw/design_1_i/hier_0/csum_rx_rss_0/inst/CSUM_UNIT/byte_Counter/s00_axis_tdata[63]_2[14].  Did not re-place instance bdw/design_1_i/hier_0/csum_rx_rss_0/inst/CSUM_UNIT/byte_Counter/in2_reg[14]_i_1__4
INFO: [Physopt 32-662] Processed net bdw/design_1_i/hier_0/csum_rx_rss_0/inst/CSUM_UNIT/raw_csum_cal/genblk2[2].M1/in2_reg_reg_n_0_[14].  Did not re-place instance bdw/design_1_i/hier_0/csum_rx_rss_0/inst/CSUM_UNIT/raw_csum_cal/genblk2[2].M1/in2_reg_reg[14]
INFO: [Physopt 32-662] Processed net bdw/design_1_i/hier_0/csum_rx_rss_0/inst/CSUM_UNIT/byte_Counter/in2_reg[15]_i_10_n_0.  Did not re-place instance bdw/design_1_i/hier_0/csum_rx_rss_0/inst/CSUM_UNIT/byte_Counter/in2_reg[15]_i_10
INFO: [Physopt 32-662] Processed net bdw/design_1_i/hier_0/csum_rx_rss_0/inst/CSUM_UNIT/byte_Counter/s00_axis_tdata[63]_2[8].  Did not re-place instance bdw/design_1_i/hier_0/csum_rx_rss_0/inst/CSUM_UNIT/byte_Counter/in2_reg[8]_i_1__4
INFO: [Physopt 32-662] Processed net bdw/design_1_i/hier_0/csum_rx_rss_0/inst/CSUM_UNIT/raw_csum_cal/genblk2[2].M1/in2_reg_reg_n_0_[8].  Did not re-place instance bdw/design_1_i/hier_0/csum_rx_rss_0/inst/CSUM_UNIT/raw_csum_cal/genblk2[2].M1/in2_reg_reg[8]
INFO: [Physopt 32-662] Processed net bdw/design_1_i/hier_0/csum_rx_rss_0/inst/CSUM_UNIT/byte_Counter/s00_axis_tdata[47]_0[5].  Did not re-place instance bdw/design_1_i/hier_0/csum_rx_rss_0/inst/CSUM_UNIT/byte_Counter/in1_reg[5]_i_1__2
INFO: [Physopt 32-662] Processed net bdw/design_1_i/hier_0/csum_rx_rss_0/inst/CSUM_UNIT/byte_Counter/s00_axis_tdata[63]_2[11].  Did not re-place instance bdw/design_1_i/hier_0/csum_rx_rss_0/inst/CSUM_UNIT/byte_Counter/in2_reg[11]_i_1__4
INFO: [Physopt 32-662] Processed net bdw/design_1_i/hier_0/csum_rx_rss_0/inst/CSUM_UNIT/raw_csum_cal/genblk2[2].M1/in1_reg_reg_n_0_[5].  Did not re-place instance bdw/design_1_i/hier_0/csum_rx_rss_0/inst/CSUM_UNIT/raw_csum_cal/genblk2[2].M1/in1_reg_reg[5]
INFO: [Physopt 32-662] Processed net bdw/design_1_i/hier_0/csum_rx_rss_0/inst/CSUM_UNIT/raw_csum_cal/genblk2[2].M1/in2_reg_reg_n_0_[11].  Did not re-place instance bdw/design_1_i/hier_0/csum_rx_rss_0/inst/CSUM_UNIT/raw_csum_cal/genblk2[2].M1/in2_reg_reg[11]
INFO: [Physopt 32-662] Processed net bdw/design_1_i/hier_0/csum_rx_rss_0/inst/CSUM_UNIT/byte_Counter/s00_axis_tdata[15]_0[8].  Did not re-place instance bdw/design_1_i/hier_0/csum_rx_rss_0/inst/CSUM_UNIT/byte_Counter/in1_reg[8]_i_1__0
INFO: [Physopt 32-662] Processed net bdw/design_1_i/hier_0/csum_rx_rss_0/inst/CSUM_UNIT/byte_Counter/s00_axis_tdata[47][5].  Did not re-place instance bdw/design_1_i/hier_0/csum_rx_rss_0/inst/CSUM_UNIT/byte_Counter/in1_reg[5]_i_1__1
INFO: [Physopt 32-662] Processed net bdw/design_1_i/hier_0/csum_rx_rss_0/inst/CSUM_UNIT/byte_Counter/s00_axis_tdata[63]_2[1].  Did not re-place instance bdw/design_1_i/hier_0/csum_rx_rss_0/inst/CSUM_UNIT/byte_Counter/in2_reg[1]_i_1__4
INFO: [Physopt 32-662] Processed net bdw/design_1_i/hier_0/csum_rx_rss_0/inst/CSUM_UNIT/raw_csum_cal/genblk2[1].M1/in1_reg[8].  Did not re-place instance bdw/design_1_i/hier_0/csum_rx_rss_0/inst/CSUM_UNIT/raw_csum_cal/genblk2[1].M1/in1_reg_reg[8]
INFO: [Physopt 32-662] Processed net bdw/design_1_i/hier_0/csum_rx_rss_0/inst/CSUM_UNIT/tcp_csum_cal/genblk2[2].M1/in1_reg_reg_n_0_[5].  Did not re-place instance bdw/design_1_i/hier_0/csum_rx_rss_0/inst/CSUM_UNIT/tcp_csum_cal/genblk2[2].M1/in1_reg_reg[5]
INFO: [Physopt 32-662] Processed net bdw/design_1_i/hier_0/csum_rx_rss_0/inst/CSUM_UNIT/raw_csum_cal/genblk2[2].M1/in2_reg_reg_n_0_[1].  Did not re-place instance bdw/design_1_i/hier_0/csum_rx_rss_0/inst/CSUM_UNIT/raw_csum_cal/genblk2[2].M1/in2_reg_reg[1]
INFO: [Physopt 32-662] Processed net bdw/design_1_i/hier_0/csum_rx_rss_0/inst/CSUM_UNIT/byte_Counter/s00_axis_tdata[63]_2[3].  Did not re-place instance bdw/design_1_i/hier_0/csum_rx_rss_0/inst/CSUM_UNIT/byte_Counter/in2_reg[3]_i_1__4
INFO: [Physopt 32-662] Processed net bdw/design_1_i/hier_0/csum_rx_rss_0/inst/CSUM_UNIT/raw_csum_cal/genblk2[2].M1/in2_reg_reg_n_0_[3].  Did not re-place instance bdw/design_1_i/hier_0/csum_rx_rss_0/inst/CSUM_UNIT/raw_csum_cal/genblk2[2].M1/in2_reg_reg[3]
INFO: [Physopt 32-662] Processed net bdw/design_1_i/hier_0/csum_rx_rss_0/inst/CSUM_UNIT/byte_Counter/s00_axis_tdata[63]_2[4].  Did not re-place instance bdw/design_1_i/hier_0/csum_rx_rss_0/inst/CSUM_UNIT/byte_Counter/in2_reg[4]_i_1__4
INFO: [Physopt 32-662] Processed net bdw/design_1_i/hier_0/csum_rx_rss_0/inst/CSUM_UNIT/raw_csum_cal/genblk2[2].M1/in2_reg_reg_n_0_[4].  Did not re-place instance bdw/design_1_i/hier_0/csum_rx_rss_0/inst/CSUM_UNIT/raw_csum_cal/genblk2[2].M1/in2_reg_reg[4]
INFO: [Physopt 32-662] Processed net bdw/design_1_i/hier_0/csum_rx_rss_0/inst/CSUM_UNIT/byte_Counter/s00_axis_tdata[47]_0[9].  Did not re-place instance bdw/design_1_i/hier_0/csum_rx_rss_0/inst/CSUM_UNIT/byte_Counter/in1_reg[9]_i_1__2
INFO: [Physopt 32-662] Processed net bdw/design_1_i/hier_0/csum_rx_rss_0/inst/CSUM_UNIT/raw_csum_cal/genblk2[2].M1/in1_reg_reg_n_0_[9].  Did not re-place instance bdw/design_1_i/hier_0/csum_rx_rss_0/inst/CSUM_UNIT/raw_csum_cal/genblk2[2].M1/in1_reg_reg[9]
INFO: [Physopt 32-662] Processed net bdw/design_1_i/hier_0/csum_rx_rss_0/inst/CSUM_UNIT/byte_Counter/s00_axis_tdata[47]_0[3].  Did not re-place instance bdw/design_1_i/hier_0/csum_rx_rss_0/inst/CSUM_UNIT/byte_Counter/in1_reg[3]_i_1__2
INFO: [Physopt 32-662] Processed net bdw/design_1_i/hier_0/csum_rx_rss_0/inst/CSUM_UNIT/raw_csum_cal/genblk2[2].M1/in1_reg_reg_n_0_[3].  Did not re-place instance bdw/design_1_i/hier_0/csum_rx_rss_0/inst/CSUM_UNIT/raw_csum_cal/genblk2[2].M1/in1_reg_reg[3]
INFO: [Physopt 32-662] Processed net bdw/design_1_i/hier_0/csum_rx_rss_0/inst/CSUM_UNIT/byte_Counter/s00_axis_tdata[47]_0[11].  Did not re-place instance bdw/design_1_i/hier_0/csum_rx_rss_0/inst/CSUM_UNIT/byte_Counter/in1_reg[11]_i_1__2
INFO: [Physopt 32-662] Processed net bdw/design_1_i/hier_0/csum_rx_rss_0/inst/CSUM_UNIT/byte_Counter/s00_axis_tdata[47]_0[7].  Did not re-place instance bdw/design_1_i/hier_0/csum_rx_rss_0/inst/CSUM_UNIT/byte_Counter/in1_reg[7]_i_1__2
INFO: [Physopt 32-662] Processed net bdw/design_1_i/hier_0/csum_rx_rss_0/inst/CSUM_UNIT/raw_csum_cal/genblk2[2].M1/in1_reg_reg_n_0_[11].  Did not re-place instance bdw/design_1_i/hier_0/csum_rx_rss_0/inst/CSUM_UNIT/raw_csum_cal/genblk2[2].M1/in1_reg_reg[11]
INFO: [Physopt 32-662] Processed net bdw/design_1_i/hier_0/csum_rx_rss_0/inst/CSUM_UNIT/raw_csum_cal/genblk2[2].M1/in1_reg_reg_n_0_[7].  Did not re-place instance bdw/design_1_i/hier_0/csum_rx_rss_0/inst/CSUM_UNIT/raw_csum_cal/genblk2[2].M1/in1_reg_reg[7]
INFO: [Physopt 32-662] Processed net bdw/design_1_i/hier_0/csum_rx_rss_0/inst/CSUM_UNIT/byte_Counter/s00_axis_tdata[15]_0[10].  Did not re-place instance bdw/design_1_i/hier_0/csum_rx_rss_0/inst/CSUM_UNIT/byte_Counter/in1_reg[10]_i_1__0
INFO: [Physopt 32-662] Processed net bdw/design_1_i/hier_0/csum_rx_rss_0/inst/CSUM_UNIT/raw_csum_cal/genblk2[1].M1/in1_reg[10].  Did not re-place instance bdw/design_1_i/hier_0/csum_rx_rss_0/inst/CSUM_UNIT/raw_csum_cal/genblk2[1].M1/in1_reg_reg[10]
INFO: [Physopt 32-662] Processed net bdw/design_1_i/hier_0/csum_rx_rss_0/inst/CSUM_UNIT/byte_Counter/s00_axis_tdata[15]_0[4].  Did not re-place instance bdw/design_1_i/hier_0/csum_rx_rss_0/inst/CSUM_UNIT/byte_Counter/in1_reg[4]_i_1__0
INFO: [Physopt 32-662] Processed net bdw/design_1_i/hier_0/csum_rx_rss_0/inst/CSUM_UNIT/byte_Counter/s00_axis_tdata[15]_0[5].  Did not re-place instance bdw/design_1_i/hier_0/csum_rx_rss_0/inst/CSUM_UNIT/byte_Counter/in1_reg[5]_i_1__0
INFO: [Physopt 32-662] Processed net bdw/design_1_i/hier_0/csum_rx_rss_0/inst/CSUM_UNIT/raw_csum_cal/genblk2[1].M1/in1_reg[4].  Did not re-place instance bdw/design_1_i/hier_0/csum_rx_rss_0/inst/CSUM_UNIT/raw_csum_cal/genblk2[1].M1/in1_reg_reg[4]
INFO: [Physopt 32-662] Processed net bdw/design_1_i/hier_0/csum_rx_rss_0/inst/CSUM_UNIT/raw_csum_cal/genblk2[1].M1/in1_reg[5].  Did not re-place instance bdw/design_1_i/hier_0/csum_rx_rss_0/inst/CSUM_UNIT/raw_csum_cal/genblk2[1].M1/in1_reg_reg[5]
INFO: [Physopt 32-662] Processed net bdw/design_1_i/hier_0/csum_rx_rss_0/inst/CSUM_UNIT/byte_Counter/in2_reg[15]_i_2_n_0.  Did not re-place instance bdw/design_1_i/hier_0/csum_rx_rss_0/inst/CSUM_UNIT/byte_Counter/in2_reg[15]_i_2
INFO: [Physopt 32-662] Processed net bdw/design_1_i/hier_0/csum_rx_rss_0/inst/CSUM_UNIT/byte_Counter/s00_axis_tdata[63]_0[2].  Did not re-place instance bdw/design_1_i/hier_0/csum_rx_rss_0/inst/CSUM_UNIT/byte_Counter/in2_reg[2]_i_1__0
INFO: [Physopt 32-662] Processed net bdw/design_1_i/hier_0/csum_rx_rss_0/inst/CSUM_UNIT/ip_csum_cal/genblk2[2].M1/in2_reg_reg_n_0_[2].  Did not re-place instance bdw/design_1_i/hier_0/csum_rx_rss_0/inst/CSUM_UNIT/ip_csum_cal/genblk2[2].M1/in2_reg_reg[2]
INFO: [Physopt 32-663] Processed net bdw/design_1_i/hier_0/tx_csum_0/inst/data_fifo_i/gen_pf_ic_rc.gen_full_rst_val.ram_full_n_reg_repN.  Re-placed instance bdw/design_1_i/hier_0/tx_csum_0/inst/data_fifo_i/byte_cntr[15]_i_1_replica
INFO: [Physopt 32-662] Processed net bdw/design_1_i/hier_0/tx_csum_0/inst/data_fifo_i/S[1].  Did not re-place instance bdw/design_1_i/hier_0/tx_csum_0/inst/data_fifo_i/byte_cntr_with_delta_byte0_carry_i_5
INFO: [Physopt 32-662] Processed net bdw/design_1_i/hier_0/csum_rx_rss_0/inst/CSUM_UNIT/byte_Counter/doutb[72]_alias.  Did not re-place instance bdw/design_1_i/hier_0/csum_rx_rss_0/inst/CSUM_UNIT/byte_Counter/byte_cntr_with_delta_byte0_carry_i_10_psbram_5
INFO: [Physopt 32-662] Processed net bdw/design_1_i/hier_0/csum_rx_rss_0/inst/CSUM_UNIT/byte_Counter/s00_axis_tdata[15]_0[1].  Did not re-place instance bdw/design_1_i/hier_0/csum_rx_rss_0/inst/CSUM_UNIT/byte_Counter/in1_reg[1]_i_1__0
INFO: [Physopt 32-662] Processed net bdw/design_1_i/hier_0/csum_rx_rss_0/inst/CSUM_UNIT/raw_csum_cal/genblk2[1].M1/in1_reg[1].  Did not re-place instance bdw/design_1_i/hier_0/csum_rx_rss_0/inst/CSUM_UNIT/raw_csum_cal/genblk2[1].M1/in1_reg_reg[1]
INFO: [Physopt 32-662] Processed net bdw/design_1_i/hier_0/csum_rx_rss_0/inst/CSUM_UNIT/byte_Counter/s00_axis_tdata[15]_0[9].  Did not re-place instance bdw/design_1_i/hier_0/csum_rx_rss_0/inst/CSUM_UNIT/byte_Counter/in1_reg[9]_i_1__0
INFO: [Physopt 32-662] Processed net bdw/design_1_i/hier_0/csum_rx_rss_0/inst/CSUM_UNIT/raw_csum_cal/genblk2[1].M1/in1_reg[9].  Did not re-place instance bdw/design_1_i/hier_0/csum_rx_rss_0/inst/CSUM_UNIT/raw_csum_cal/genblk2[1].M1/in1_reg_reg[9]
INFO: [Physopt 32-662] Processed net bdw/design_1_i/hier_0/csum_rx_rss_0/inst/CSUM_UNIT/byte_Counter/s00_axis_tdata[47]_0[4].  Did not re-place instance bdw/design_1_i/hier_0/csum_rx_rss_0/inst/CSUM_UNIT/byte_Counter/in1_reg[4]_i_1__2
INFO: [Physopt 32-662] Processed net bdw/design_1_i/hier_0/csum_rx_rss_0/inst/CSUM_UNIT/raw_csum_cal/genblk2[2].M1/in1_reg_reg_n_0_[4].  Did not re-place instance bdw/design_1_i/hier_0/csum_rx_rss_0/inst/CSUM_UNIT/raw_csum_cal/genblk2[2].M1/in1_reg_reg[4]
INFO: [Physopt 32-662] Processed net bdw/design_1_i/hier_0/csum_rx_rss_0/inst/CSUM_UNIT/byte_Counter/s00_axis_tdata[31]_0[6].  Did not re-place instance bdw/design_1_i/hier_0/csum_rx_rss_0/inst/CSUM_UNIT/byte_Counter/in2_reg[6]_i_1__2
INFO: [Physopt 32-662] Processed net bdw/design_1_i/hier_0/csum_rx_rss_0/inst/CSUM_UNIT/raw_csum_cal/genblk2[1].M1/in2_reg[6].  Did not re-place instance bdw/design_1_i/hier_0/csum_rx_rss_0/inst/CSUM_UNIT/raw_csum_cal/genblk2[1].M1/in2_reg_reg[6]
INFO: [Physopt 32-662] Processed net bdw/design_1_i/hier_0/csum_rx_rss_0/inst/CSUM_UNIT/byte_Counter/s00_axis_tdata[47]_0[14].  Did not re-place instance bdw/design_1_i/hier_0/csum_rx_rss_0/inst/CSUM_UNIT/byte_Counter/in1_reg[14]_i_1__2
INFO: [Physopt 32-662] Processed net bdw/design_1_i/hier_0/csum_rx_rss_0/inst/CSUM_UNIT/raw_csum_cal/genblk2[2].M1/in1_reg_reg_n_0_[14].  Did not re-place instance bdw/design_1_i/hier_0/csum_rx_rss_0/inst/CSUM_UNIT/raw_csum_cal/genblk2[2].M1/in1_reg_reg[14]
INFO: [Physopt 32-662] Processed net bdw/design_1_i/hier_0/csum_rx_rss_0/inst/CSUM_UNIT/byte_Counter/s00_axis_tdata[31]_0[0].  Did not re-place instance bdw/design_1_i/hier_0/csum_rx_rss_0/inst/CSUM_UNIT/byte_Counter/in2_reg[0]_i_1__2
INFO: [Physopt 32-662] Processed net bdw/design_1_i/hier_0/csum_rx_rss_0/inst/CSUM_UNIT/raw_csum_cal/genblk2[1].M1/in2_reg[0].  Did not re-place instance bdw/design_1_i/hier_0/csum_rx_rss_0/inst/CSUM_UNIT/raw_csum_cal/genblk2[1].M1/in2_reg_reg[0]
INFO: [Physopt 32-662] Processed net bdw/design_1_i/hier_0/axis_data_fifo_1/inst/gen_fifo.xpm_fifo_axis_inst/xpm_fifo_base_inst/data_valid.  Did not re-place instance bdw/design_1_i/hier_0/axis_data_fifo_1/inst/gen_fifo.xpm_fifo_axis_inst/xpm_fifo_base_inst/gen_fwft.gdvld_fwft.data_valid_fwft_reg
INFO: [Physopt 32-662] Processed net bdw/design_1_i/hier_0/csum_rx_rss_0/inst/CSUM_UNIT/byte_Counter/s00_axis_tdata[15]_0[3].  Did not re-place instance bdw/design_1_i/hier_0/csum_rx_rss_0/inst/CSUM_UNIT/byte_Counter/in1_reg[3]_i_1__0
INFO: [Physopt 32-662] Processed net bdw/design_1_i/hier_0/csum_rx_rss_0/inst/CSUM_UNIT/raw_csum_cal/genblk2[1].M1/in1_reg[3].  Did not re-place instance bdw/design_1_i/hier_0/csum_rx_rss_0/inst/CSUM_UNIT/raw_csum_cal/genblk2[1].M1/in1_reg_reg[3]
INFO: [Physopt 32-662] Processed net bdw/design_1_i/hier_0/csum_rx_rss_0/inst/CSUM_UNIT/byte_Counter/s00_axis_tdata[47][8].  Did not re-place instance bdw/design_1_i/hier_0/csum_rx_rss_0/inst/CSUM_UNIT/byte_Counter/in1_reg[8]_i_1__1
INFO: [Physopt 32-662] Processed net bdw/design_1_i/hier_0/csum_rx_rss_0/inst/CSUM_UNIT/tcp_csum_cal/genblk2[2].M1/in1_reg_reg_n_0_[8].  Did not re-place instance bdw/design_1_i/hier_0/csum_rx_rss_0/inst/CSUM_UNIT/tcp_csum_cal/genblk2[2].M1/in1_reg_reg[8]
INFO: [Physopt 32-662] Processed net bdw/design_1_i/hier_0/csum_rx_rss_0/inst/CSUM_UNIT/byte_Counter/s00_axis_tdata[31]_0[3].  Did not re-place instance bdw/design_1_i/hier_0/csum_rx_rss_0/inst/CSUM_UNIT/byte_Counter/in2_reg[3]_i_1__2
INFO: [Physopt 32-662] Processed net bdw/design_1_i/hier_0/csum_rx_rss_0/inst/CSUM_UNIT/raw_csum_cal/genblk2[1].M1/in2_reg[3].  Did not re-place instance bdw/design_1_i/hier_0/csum_rx_rss_0/inst/CSUM_UNIT/raw_csum_cal/genblk2[1].M1/in2_reg_reg[3]
INFO: [Physopt 32-662] Processed net bdw/design_1_i/hier_0/csum_rx_rss_0/inst/CSUM_UNIT/byte_Counter/s00_axis_tdata[63]_1[6].  Did not re-place instance bdw/design_1_i/hier_0/csum_rx_rss_0/inst/CSUM_UNIT/byte_Counter/in2_reg[6]_i_1__3
INFO: [Physopt 32-662] Processed net bdw/design_1_i/hier_0/csum_rx_rss_0/inst/CSUM_UNIT/tcp_csum_cal/genblk2[2].M1/in2_reg_reg_n_0_[6].  Did not re-place instance bdw/design_1_i/hier_0/csum_rx_rss_0/inst/CSUM_UNIT/tcp_csum_cal/genblk2[2].M1/in2_reg_reg[6]
INFO: [Physopt 32-662] Processed net bdw/design_1_i/hier_0/csum_rx_rss_0/inst/CSUM_UNIT/byte_Counter/s00_axis_tdata[31]_0[2].  Did not re-place instance bdw/design_1_i/hier_0/csum_rx_rss_0/inst/CSUM_UNIT/byte_Counter/in2_reg[2]_i_1__2
INFO: [Physopt 32-662] Processed net bdw/design_1_i/hier_0/csum_rx_rss_0/inst/CSUM_UNIT/raw_csum_cal/genblk2[1].M1/in2_reg[2].  Did not re-place instance bdw/design_1_i/hier_0/csum_rx_rss_0/inst/CSUM_UNIT/raw_csum_cal/genblk2[1].M1/in2_reg_reg[2]
INFO: [Physopt 32-662] Processed net bdw/design_1_i/hier_0/csum_rx_rss_0/inst/CSUM_UNIT/byte_Counter/s00_axis_tdata[63]_1[0].  Did not re-place instance bdw/design_1_i/hier_0/csum_rx_rss_0/inst/CSUM_UNIT/byte_Counter/in2_reg[0]_i_1__3
INFO: [Physopt 32-662] Processed net bdw/design_1_i/hier_0/csum_rx_rss_0/inst/CSUM_UNIT/tcp_csum_cal/genblk2[2].M1/in2_reg_reg_n_0_[0].  Did not re-place instance bdw/design_1_i/hier_0/csum_rx_rss_0/inst/CSUM_UNIT/tcp_csum_cal/genblk2[2].M1/in2_reg_reg[0]
INFO: [Physopt 32-662] Processed net bdw/design_1_i/hier_0/csum_rx_rss_0/inst/CSUM_UNIT/byte_Counter/s00_axis_tdata[31]_0[7].  Did not re-place instance bdw/design_1_i/hier_0/csum_rx_rss_0/inst/CSUM_UNIT/byte_Counter/in2_reg[7]_i_1__2
INFO: [Physopt 32-662] Processed net bdw/design_1_i/hier_0/csum_rx_rss_0/inst/CSUM_UNIT/byte_Counter/s00_axis_tdata[63]_1[14].  Did not re-place instance bdw/design_1_i/hier_0/csum_rx_rss_0/inst/CSUM_UNIT/byte_Counter/in2_reg[14]_i_1__3
INFO: [Physopt 32-662] Processed net bdw/design_1_i/hier_0/csum_rx_rss_0/inst/CSUM_UNIT/byte_Counter/s00_axis_tdata[63]_1[5].  Did not re-place instance bdw/design_1_i/hier_0/csum_rx_rss_0/inst/CSUM_UNIT/byte_Counter/in2_reg[5]_i_1__3
INFO: [Physopt 32-662] Processed net bdw/design_1_i/hier_0/csum_rx_rss_0/inst/CSUM_UNIT/raw_csum_cal/genblk2[1].M1/in2_reg[7].  Did not re-place instance bdw/design_1_i/hier_0/csum_rx_rss_0/inst/CSUM_UNIT/raw_csum_cal/genblk2[1].M1/in2_reg_reg[7]
INFO: [Physopt 32-662] Processed net bdw/design_1_i/hier_0/csum_rx_rss_0/inst/CSUM_UNIT/tcp_csum_cal/genblk2[2].M1/in2_reg_reg_n_0_[14].  Did not re-place instance bdw/design_1_i/hier_0/csum_rx_rss_0/inst/CSUM_UNIT/tcp_csum_cal/genblk2[2].M1/in2_reg_reg[14]
INFO: [Physopt 32-662] Processed net bdw/design_1_i/hier_0/csum_rx_rss_0/inst/CSUM_UNIT/tcp_csum_cal/genblk2[2].M1/in2_reg_reg_n_0_[5].  Did not re-place instance bdw/design_1_i/hier_0/csum_rx_rss_0/inst/CSUM_UNIT/tcp_csum_cal/genblk2[2].M1/in2_reg_reg[5]
INFO: [Physopt 32-662] Processed net bdw/design_1_i/hier_0/csum_rx_rss_0/inst/CSUM_UNIT/byte_Counter/frame_has_protocol_tcp_0x06_i_4_n_0.  Did not re-place instance bdw/design_1_i/hier_0/csum_rx_rss_0/inst/CSUM_UNIT/byte_Counter/frame_has_protocol_tcp_0x06_i_4_rewire
INFO: [Physopt 32-662] Processed net bdw/design_1_i/hier_0/csum_rx_rss_0/inst/CSUM_UNIT/byte_Counter/doutb[74]_alias.  Did not re-place instance bdw/design_1_i/hier_0/csum_rx_rss_0/inst/CSUM_UNIT/byte_Counter/byte_cntr_with_delta_byte0_carry_i_10_psbram_3
INFO: [Physopt 32-662] Processed net bdw/design_1_i/hier_0/csum_rx_rss_0/inst/CSUM_UNIT/byte_Counter/in2_reg[15]_i_2__1_n_0.  Did not re-place instance bdw/design_1_i/hier_0/csum_rx_rss_0/inst/CSUM_UNIT/byte_Counter/in2_reg[15]_i_2__1
INFO: [Physopt 32-662] Processed net bdw/design_1_i/hier_0/csum_rx_rss_0/inst/CSUM_UNIT/byte_Counter/s00_axis_tdata[15]_0[11].  Did not re-place instance bdw/design_1_i/hier_0/csum_rx_rss_0/inst/CSUM_UNIT/byte_Counter/in1_reg[11]_i_1__0
INFO: [Physopt 32-662] Processed net bdw/design_1_i/hier_0/csum_rx_rss_0/inst/CSUM_UNIT/byte_Counter/s00_axis_tdata[15]_0[12].  Did not re-place instance bdw/design_1_i/hier_0/csum_rx_rss_0/inst/CSUM_UNIT/byte_Counter/in1_reg[12]_i_1__0
INFO: [Physopt 32-662] Processed net bdw/design_1_i/hier_0/csum_rx_rss_0/inst/CSUM_UNIT/byte_Counter/s00_axis_tdata[31]_0[8].  Did not re-place instance bdw/design_1_i/hier_0/csum_rx_rss_0/inst/CSUM_UNIT/byte_Counter/in2_reg[8]_i_1__2
INFO: [Physopt 32-662] Processed net bdw/design_1_i/hier_0/csum_rx_rss_0/inst/CSUM_UNIT/byte_Counter/s00_axis_tdata[63]_0[3].  Did not re-place instance bdw/design_1_i/hier_0/csum_rx_rss_0/inst/CSUM_UNIT/byte_Counter/in2_reg[3]_i_1__0
INFO: [Physopt 32-662] Processed net bdw/design_1_i/hier_0/csum_rx_rss_0/inst/CSUM_UNIT/raw_csum_cal/genblk2[1].M1/in1_reg[11].  Did not re-place instance bdw/design_1_i/hier_0/csum_rx_rss_0/inst/CSUM_UNIT/raw_csum_cal/genblk2[1].M1/in1_reg_reg[11]
INFO: [Physopt 32-662] Processed net bdw/design_1_i/hier_0/csum_rx_rss_0/inst/CSUM_UNIT/raw_csum_cal/genblk2[1].M1/in1_reg[12].  Did not re-place instance bdw/design_1_i/hier_0/csum_rx_rss_0/inst/CSUM_UNIT/raw_csum_cal/genblk2[1].M1/in1_reg_reg[12]
INFO: [Physopt 32-662] Processed net bdw/design_1_i/hier_0/csum_rx_rss_0/inst/CSUM_UNIT/ip_csum_cal/genblk2[2].M1/in2_reg_reg_n_0_[3].  Did not re-place instance bdw/design_1_i/hier_0/csum_rx_rss_0/inst/CSUM_UNIT/ip_csum_cal/genblk2[2].M1/in2_reg_reg[3]
INFO: [Physopt 32-662] Processed net bdw/design_1_i/hier_0/csum_rx_rss_0/inst/CSUM_UNIT/raw_csum_cal/genblk2[1].M1/in2_reg[8].  Did not re-place instance bdw/design_1_i/hier_0/csum_rx_rss_0/inst/CSUM_UNIT/raw_csum_cal/genblk2[1].M1/in2_reg_reg[8]
INFO: [Physopt 32-662] Processed net bdw/design_1_i/hier_0/csum_rx_rss_0/inst/CSUM_UNIT/byte_Counter/s00_axis_tdata[31]_0[12].  Did not re-place instance bdw/design_1_i/hier_0/csum_rx_rss_0/inst/CSUM_UNIT/byte_Counter/in2_reg[12]_i_1__2
INFO: [Physopt 32-662] Processed net bdw/design_1_i/hier_0/csum_rx_rss_0/inst/CSUM_UNIT/raw_csum_cal/genblk2[1].M1/in2_reg[12].  Did not re-place instance bdw/design_1_i/hier_0/csum_rx_rss_0/inst/CSUM_UNIT/raw_csum_cal/genblk2[1].M1/in2_reg_reg[12]
INFO: [Physopt 32-662] Processed net bdw/design_1_i/hier_0/tx_csum_0/inst/data_fifo_i/S[2].  Did not re-place instance bdw/design_1_i/hier_0/tx_csum_0/inst/data_fifo_i/byte_cntr_with_delta_byte0_carry_i_4
INFO: [Physopt 32-662] Processed net bdw/design_1_i/hier_0/csum_rx_rss_0/inst/CSUM_UNIT/byte_Counter/in2_reg[15]_i_2__0_n_0.  Did not re-place instance bdw/design_1_i/hier_0/csum_rx_rss_0/inst/CSUM_UNIT/byte_Counter/in2_reg[15]_i_2__0
INFO: [Physopt 32-662] Processed net bdw/design_1_i/hier_0/csum_rx_rss_0/inst/CSUM_UNIT/byte_Counter/s00_axis_tdata[31][15].  Did not re-place instance bdw/design_1_i/hier_0/csum_rx_rss_0/inst/CSUM_UNIT/byte_Counter/in2_reg[15]_i_1__1
INFO: [Physopt 32-662] Processed net bdw/design_1_i/hier_0/csum_rx_rss_0/inst/CSUM_UNIT/tcp_csum_cal/genblk2[1].M1/in2_reg[15].  Did not re-place instance bdw/design_1_i/hier_0/csum_rx_rss_0/inst/CSUM_UNIT/tcp_csum_cal/genblk2[1].M1/in2_reg_reg[15]
INFO: [Physopt 32-662] Processed net bdw/design_1_i/hier_0/csum_rx_rss_0/inst/CSUM_UNIT/byte_Counter/s00_axis_tdata[63]_0[10].  Did not re-place instance bdw/design_1_i/hier_0/csum_rx_rss_0/inst/CSUM_UNIT/byte_Counter/in2_reg[10]_i_1__0
INFO: [Physopt 32-662] Processed net bdw/design_1_i/hier_0/csum_rx_rss_0/inst/CSUM_UNIT/ip_csum_cal/genblk2[2].M1/in2_reg_reg_n_0_[10].  Did not re-place instance bdw/design_1_i/hier_0/csum_rx_rss_0/inst/CSUM_UNIT/ip_csum_cal/genblk2[2].M1/in2_reg_reg[10]
INFO: [Physopt 32-662] Processed net bdw/design_1_i/hier_0/csum_rx_rss_0/inst/CSUM_UNIT/byte_Counter/s00_axis_tdata[63]_0[14].  Did not re-place instance bdw/design_1_i/hier_0/csum_rx_rss_0/inst/CSUM_UNIT/byte_Counter/in2_reg[14]_i_1__0
INFO: [Physopt 32-662] Processed net bdw/design_1_i/hier_0/csum_rx_rss_0/inst/CSUM_UNIT/ip_csum_cal/genblk2[2].M1/in2_reg_reg_n_0_[14].  Did not re-place instance bdw/design_1_i/hier_0/csum_rx_rss_0/inst/CSUM_UNIT/ip_csum_cal/genblk2[2].M1/in2_reg_reg[14]
INFO: [Physopt 32-662] Processed net bdw/design_1_i/hier_0/csum_rx_rss_0/inst/CSUM_UNIT/byte_Counter/s00_axis_tdata[63]_1[13].  Did not re-place instance bdw/design_1_i/hier_0/csum_rx_rss_0/inst/CSUM_UNIT/byte_Counter/in2_reg[13]_i_1__3
INFO: [Physopt 32-662] Processed net bdw/design_1_i/hier_0/csum_rx_rss_0/inst/CSUM_UNIT/byte_Counter/s00_axis_tdata[63]_2[7].  Did not re-place instance bdw/design_1_i/hier_0/csum_rx_rss_0/inst/CSUM_UNIT/byte_Counter/in2_reg[7]_i_1__4
INFO: [Physopt 32-662] Processed net bdw/design_1_i/hier_0/csum_rx_rss_0/inst/CSUM_UNIT/raw_csum_cal/genblk2[2].M1/in2_reg_reg_n_0_[7].  Did not re-place instance bdw/design_1_i/hier_0/csum_rx_rss_0/inst/CSUM_UNIT/raw_csum_cal/genblk2[2].M1/in2_reg_reg[7]
INFO: [Physopt 32-662] Processed net bdw/design_1_i/hier_0/csum_rx_rss_0/inst/CSUM_UNIT/tcp_csum_cal/genblk2[2].M1/in2_reg_reg_n_0_[13].  Did not re-place instance bdw/design_1_i/hier_0/csum_rx_rss_0/inst/CSUM_UNIT/tcp_csum_cal/genblk2[2].M1/in2_reg_reg[13]
INFO: [Physopt 32-662] Processed net bdw/design_1_i/hier_0/csum_rx_rss_0/inst/CSUM_UNIT/byte_Counter/s00_axis_tdata[31][13].  Did not re-place instance bdw/design_1_i/hier_0/csum_rx_rss_0/inst/CSUM_UNIT/byte_Counter/in2_reg[13]_i_1__1
INFO: [Physopt 32-662] Processed net bdw/design_1_i/hier_0/csum_rx_rss_0/inst/CSUM_UNIT/tcp_csum_cal/genblk2[1].M1/in2_reg[13].  Did not re-place instance bdw/design_1_i/hier_0/csum_rx_rss_0/inst/CSUM_UNIT/tcp_csum_cal/genblk2[1].M1/in2_reg_reg[13]
INFO: [Physopt 32-662] Processed net bdw/design_1_i/hier_0/csum_rx_rss_0/inst/CSUM_UNIT/byte_Counter/s00_axis_tdata[31]_0[10].  Did not re-place instance bdw/design_1_i/hier_0/csum_rx_rss_0/inst/CSUM_UNIT/byte_Counter/in2_reg[10]_i_1__2
INFO: [Physopt 32-662] Processed net bdw/design_1_i/hier_0/csum_rx_rss_0/inst/CSUM_UNIT/byte_Counter/s00_axis_tdata[47]_0[1].  Did not re-place instance bdw/design_1_i/hier_0/csum_rx_rss_0/inst/CSUM_UNIT/byte_Counter/in1_reg[1]_i_1__2
INFO: [Physopt 32-662] Processed net bdw/design_1_i/hier_0/csum_rx_rss_0/inst/CSUM_UNIT/byte_Counter/s00_axis_tdata[63]_0[0].  Did not re-place instance bdw/design_1_i/hier_0/csum_rx_rss_0/inst/CSUM_UNIT/byte_Counter/in2_reg[0]_i_1__0
INFO: [Physopt 32-662] Processed net bdw/design_1_i/hier_0/csum_rx_rss_0/inst/CSUM_UNIT/raw_csum_cal/genblk2[2].M1/in1_reg_reg_n_0_[1].  Did not re-place instance bdw/design_1_i/hier_0/csum_rx_rss_0/inst/CSUM_UNIT/raw_csum_cal/genblk2[2].M1/in1_reg_reg[1]
INFO: [Physopt 32-662] Processed net bdw/design_1_i/hier_0/csum_rx_rss_0/inst/CSUM_UNIT/ip_csum_cal/genblk2[2].M1/in2_reg_reg_n_0_[0].  Did not re-place instance bdw/design_1_i/hier_0/csum_rx_rss_0/inst/CSUM_UNIT/ip_csum_cal/genblk2[2].M1/in2_reg_reg[0]
INFO: [Physopt 32-662] Processed net bdw/design_1_i/hier_0/csum_rx_rss_0/inst/CSUM_UNIT/raw_csum_cal/genblk2[1].M1/in2_reg[10].  Did not re-place instance bdw/design_1_i/hier_0/csum_rx_rss_0/inst/CSUM_UNIT/raw_csum_cal/genblk2[1].M1/in2_reg_reg[10]
INFO: [Physopt 32-663] Processed net bdw/design_1_i/hier_0/tx_csum_0/inst/cum_calc/byte_Counter/s00_axis_tkeep[7].  Re-placed instance bdw/design_1_i/hier_0/tx_csum_0/inst/cum_calc/byte_Counter/byte_cntr_with_delta_byte0_carry_i_9
INFO: [Physopt 32-662] Processed net bdw/design_1_i/hier_0/csum_rx_rss_0/inst/CSUM_UNIT/byte_Counter/s00_axis_tdata[63]_0[4].  Did not re-place instance bdw/design_1_i/hier_0/csum_rx_rss_0/inst/CSUM_UNIT/byte_Counter/in2_reg[4]_i_1__0
INFO: [Physopt 32-662] Processed net bdw/design_1_i/hier_0/csum_rx_rss_0/inst/CSUM_UNIT/byte_Counter/s00_axis_tdata[63]_2[9].  Did not re-place instance bdw/design_1_i/hier_0/csum_rx_rss_0/inst/CSUM_UNIT/byte_Counter/in2_reg[9]_i_1__4
INFO: [Physopt 32-662] Processed net bdw/design_1_i/hier_0/csum_rx_rss_0/inst/CSUM_UNIT/ip_csum_cal/genblk2[2].M1/in2_reg_reg_n_0_[4].  Did not re-place instance bdw/design_1_i/hier_0/csum_rx_rss_0/inst/CSUM_UNIT/ip_csum_cal/genblk2[2].M1/in2_reg_reg[4]
INFO: [Physopt 32-662] Processed net bdw/design_1_i/hier_0/csum_rx_rss_0/inst/CSUM_UNIT/raw_csum_cal/genblk2[2].M1/in2_reg_reg_n_0_[9].  Did not re-place instance bdw/design_1_i/hier_0/csum_rx_rss_0/inst/CSUM_UNIT/raw_csum_cal/genblk2[2].M1/in2_reg_reg[9]
INFO: [Physopt 32-662] Processed net bdw/design_1_i/hier_0/csum_rx_rss_0/inst/CSUM_UNIT/byte_Counter/in2_reg[7]_i_4_n_0.  Did not re-place instance bdw/design_1_i/hier_0/csum_rx_rss_0/inst/CSUM_UNIT/byte_Counter/in2_reg[7]_i_4
INFO: [Physopt 32-662] Processed net bdw/design_1_i/hier_0/csum_rx_rss_0/inst/CSUM_UNIT/byte_Counter/frame_has_protocol_tcp_0x06_i_4_n_0_repN.  Did not re-place instance bdw/design_1_i/hier_0/csum_rx_rss_0/inst/CSUM_UNIT/byte_Counter/frame_has_protocol_tcp_0x06_i_4_replica
INFO: [Physopt 32-662] Processed net bdw/design_1_i/hier_0/csum_rx_rss_0/inst/CSUM_UNIT/byte_Counter/s00_axis_tdata[31][11].  Did not re-place instance bdw/design_1_i/hier_0/csum_rx_rss_0/inst/CSUM_UNIT/byte_Counter/in2_reg[11]_i_1__1
INFO: [Physopt 32-662] Processed net bdw/design_1_i/hier_0/csum_rx_rss_0/inst/CSUM_UNIT/byte_Counter/s00_axis_tdata[31]_0[9].  Did not re-place instance bdw/design_1_i/hier_0/csum_rx_rss_0/inst/CSUM_UNIT/byte_Counter/in2_reg[9]_i_1__2
INFO: [Physopt 32-662] Processed net bdw/design_1_i/hier_0/csum_rx_rss_0/inst/CSUM_UNIT/raw_csum_cal/genblk2[1].M1/in2_reg[9].  Did not re-place instance bdw/design_1_i/hier_0/csum_rx_rss_0/inst/CSUM_UNIT/raw_csum_cal/genblk2[1].M1/in2_reg_reg[9]
INFO: [Physopt 32-662] Processed net bdw/design_1_i/hier_0/csum_rx_rss_0/inst/CSUM_UNIT/tcp_csum_cal/genblk2[1].M1/in2_reg[11].  Did not re-place instance bdw/design_1_i/hier_0/csum_rx_rss_0/inst/CSUM_UNIT/tcp_csum_cal/genblk2[1].M1/in2_reg_reg[11]
INFO: [Physopt 32-662] Processed net bdw/design_1_i/hier_0/csum_rx_rss_0/inst/CSUM_UNIT/byte_Counter/s00_axis_tdata[15]_0[6].  Did not re-place instance bdw/design_1_i/hier_0/csum_rx_rss_0/inst/CSUM_UNIT/byte_Counter/in1_reg[6]_i_1__0
INFO: [Physopt 32-662] Processed net bdw/design_1_i/hier_0/csum_rx_rss_0/inst/CSUM_UNIT/raw_csum_cal/genblk2[1].M1/in1_reg[6].  Did not re-place instance bdw/design_1_i/hier_0/csum_rx_rss_0/inst/CSUM_UNIT/raw_csum_cal/genblk2[1].M1/in1_reg_reg[6]
INFO: [Physopt 32-662] Processed net bdw/design_1_i/hier_0/csum_rx_rss_0/inst/CSUM_UNIT/byte_Counter/s00_axis_tdata[63]_0[8].  Did not re-place instance bdw/design_1_i/hier_0/csum_rx_rss_0/inst/CSUM_UNIT/byte_Counter/in2_reg[8]_i_1__0
INFO: [Physopt 32-662] Processed net bdw/design_1_i/hier_0/csum_rx_rss_0/inst/CSUM_UNIT/byte_Counter/s00_axis_tdata[63]_2[0].  Did not re-place instance bdw/design_1_i/hier_0/csum_rx_rss_0/inst/CSUM_UNIT/byte_Counter/in2_reg[0]_i_1__4
INFO: [Physopt 32-662] Processed net bdw/design_1_i/hier_0/csum_rx_rss_0/inst/CSUM_UNIT/ip_csum_cal/genblk2[2].M1/in2_reg_reg_n_0_[8].  Did not re-place instance bdw/design_1_i/hier_0/csum_rx_rss_0/inst/CSUM_UNIT/ip_csum_cal/genblk2[2].M1/in2_reg_reg[8]
INFO: [Physopt 32-662] Processed net bdw/design_1_i/hier_0/csum_rx_rss_0/inst/CSUM_UNIT/raw_csum_cal/genblk2[2].M1/in2_reg_reg_n_0_[0].  Did not re-place instance bdw/design_1_i/hier_0/csum_rx_rss_0/inst/CSUM_UNIT/raw_csum_cal/genblk2[2].M1/in2_reg_reg[0]
INFO: [Physopt 32-662] Processed net bdw/design_1_i/hier_0/csum_rx_rss_0/inst/CSUM_UNIT/byte_Counter/s00_axis_tdata[47]_0[15].  Did not re-place instance bdw/design_1_i/hier_0/csum_rx_rss_0/inst/CSUM_UNIT/byte_Counter/in1_reg[15]_i_1__2
INFO: [Physopt 32-662] Processed net bdw/design_1_i/hier_0/csum_rx_rss_0/inst/CSUM_UNIT/byte_Counter/s00_axis_tdata[47]_0[2].  Did not re-place instance bdw/design_1_i/hier_0/csum_rx_rss_0/inst/CSUM_UNIT/byte_Counter/in1_reg[2]_i_1__2
INFO: [Physopt 32-662] Processed net bdw/design_1_i/hier_0/csum_rx_rss_0/inst/CSUM_UNIT/byte_Counter/s00_axis_tdata[47]_0[6].  Did not re-place instance bdw/design_1_i/hier_0/csum_rx_rss_0/inst/CSUM_UNIT/byte_Counter/in1_reg[6]_i_1__2
INFO: [Physopt 32-662] Processed net bdw/design_1_i/hier_0/csum_rx_rss_0/inst/CSUM_UNIT/raw_csum_cal/genblk2[2].M1/in1_reg_reg_n_0_[15].  Did not re-place instance bdw/design_1_i/hier_0/csum_rx_rss_0/inst/CSUM_UNIT/raw_csum_cal/genblk2[2].M1/in1_reg_reg[15]
INFO: [Physopt 32-661] Optimized 20 nets.  Re-placed 20 instances.
INFO: [Physopt 32-775] End 1 Pass. Optimized 20 nets or cells. Created 0 new cell, deleted 0 existing cell and moved 20 existing cells
INFO: [Physopt 32-619] Estimated Timing Summary | WNS=-0.368 | TNS=-14.091 |
Netlist sorting complete. Time (s): cpu = 00:00:00.02 ; elapsed = 00:00:00.02 . Memory (MB): peak = 6843.258 ; gain = 0.000 ; free physical = 1736 ; free virtual = 10306
Phase 29 Single Cell Placement Optimization | Checksum: 2154b570a

Time (s): cpu = 00:09:06 ; elapsed = 00:02:54 . Memory (MB): peak = 6843.258 ; gain = 0.000 ; free physical = 1735 ; free virtual = 10305

Phase 30 Multi Cell Placement Optimization
INFO: [Physopt 32-660] Identified 100 candidate nets for placement-based optimization.
INFO: [Physopt 32-662] Processed net bdw/design_1_i/hier_0/tx_csum_0/inst/data_fifo_i/lastBeat.  Did not re-place instance bdw/design_1_i/hier_0/tx_csum_0/inst/data_fifo_i/lastBeat_reg_i_1_rewire/O
INFO: [Physopt 32-662] Processed net bdw/design_1_i/hier_0/tx_csum_0/inst/FSM_hamming2_data_state_reg_n_0_[1]_repN.  Did not re-place instance bdw/design_1_i/hier_0/tx_csum_0/inst/FSM_hamming2_data_state_reg[1]_replica/Q
INFO: [Physopt 32-662] Processed net bdw/design_1_i/hier_0/tx_csum_0/inst/data_fifo_i/gen_pf_ic_rc.gen_full_rst_val.ram_full_n_reg.  Did not re-place instance bdw/design_1_i/hier_0/tx_csum_0/inst/data_fifo_i/byte_cntr[15]_i_1_rewire/O
INFO: [Physopt 32-662] Processed net bdw/design_1_i/hier_0/tx_csum_0/inst/cum_calc/byte_Counter/checksum[15]_i_16_n_0.  Did not re-place instance bdw/design_1_i/hier_0/tx_csum_0/inst/cum_calc/byte_Counter/checksum[15]_i_16/O
INFO: [Physopt 32-662] Processed net bdw/design_1_i/hier_0/tx_csum_0/inst/cum_calc/byte_Counter/checksum[15]_i_15_n_0.  Did not re-place instance bdw/design_1_i/hier_0/tx_csum_0/inst/cum_calc/byte_Counter/checksum[15]_i_15/O
INFO: [Physopt 32-662] Processed net bdw/design_1_i/hier_0/tx_csum_0/inst/cum_calc/byte_Counter/checksum[15]_i_22_n_0.  Did not re-place instance bdw/design_1_i/hier_0/tx_csum_0/inst/cum_calc/byte_Counter/checksum[15]_i_22/O
INFO: [Physopt 32-662] Processed net bdw/design_1_i/hier_0/tx_csum_0/inst/FSM_hamming2_data_state_reg_n_0_[0]_repN.  Did not re-place instance bdw/design_1_i/hier_0/tx_csum_0/inst/FSM_hamming2_data_state_reg[0]_replica/Q
INFO: [Physopt 32-662] Processed net bdw/design_1_i/hier_0/tx_csum_0/inst/cum_calc/byte_Counter/checksum[15]_i_20_n_0.  Did not re-place instance bdw/design_1_i/hier_0/tx_csum_0/inst/cum_calc/byte_Counter/checksum[15]_i_20/O
INFO: [Physopt 32-662] Processed net bdw/design_1_i/hier_0/axis_data_fifo_5/inst/gen_fifo.xpm_fifo_axis_inst/xpm_fifo_base_inst/gen_sdpram.xpm_memory_base_inst/doutb[77].  Did not re-place instance bdw/design_1_i/hier_0/axis_data_fifo_5/inst/gen_fifo.xpm_fifo_axis_inst/xpm_fifo_base_inst/gen_sdpram.xpm_memory_base_inst/gen_rd_b.gen_doutb_pipe.gen_stage.doutb_pipe_reg[0][77]/Q
INFO: [Physopt 32-662] Processed net bdw/design_1_i/hier_0/tx_csum_0/inst/cum_calc/byte_Counter/s00_axis_tkeep_5_sn_1.  Did not re-place instance bdw/design_1_i/hier_0/tx_csum_0/inst/cum_calc/byte_Counter/byte_cntr_with_delta_byte0_carry_i_10/O
INFO: [Physopt 32-662] Processed net bdw/design_1_i/hier_0/axis_data_fifo_5/inst/gen_fifo.xpm_fifo_axis_inst/xpm_fifo_base_inst/gen_sdpram.xpm_memory_base_inst/doutb[73].  Did not re-place instance bdw/design_1_i/hier_0/axis_data_fifo_5/inst/gen_fifo.xpm_fifo_axis_inst/xpm_fifo_base_inst/gen_sdpram.xpm_memory_base_inst/gen_rd_b.gen_doutb_pipe.gen_stage.doutb_pipe_reg[0][73]/Q
INFO: [Physopt 32-662] Processed net bdw/design_1_i/hier_0/tx_csum_0/inst/cum_calc/byte_Counter/s00_axis_tkeep_1_sn_1.  Did not re-place instance bdw/design_1_i/hier_0/tx_csum_0/inst/cum_calc/byte_Counter/byte_cntr_with_delta_byte0_carry_i_7/O
INFO: [Physopt 32-662] Processed net bdw/design_1_i/hier_0/tx_csum_0/inst/cum_calc/byte_Counter/checksum[15]_i_18_n_0.  Did not re-place instance bdw/design_1_i/hier_0/tx_csum_0/inst/cum_calc/byte_Counter/checksum[15]_i_18/O
INFO: [Physopt 32-662] Processed net bdw/design_1_i/hier_0/axis_data_fifo_5/inst/gen_fifo.xpm_fifo_axis_inst/xpm_fifo_base_inst/data_valid.  Did not re-place instance bdw/design_1_i/hier_0/axis_data_fifo_5/inst/gen_fifo.xpm_fifo_axis_inst/xpm_fifo_base_inst/gen_fwft.gdvld_fwft.data_valid_fwft_reg/Q
INFO: [Physopt 32-662] Processed net bdw/design_1_i/hier_0/tx_csum_0/inst/FSM_hamming2_data_state_reg_n_0_[2]_repN.  Did not re-place instance bdw/design_1_i/hier_0/tx_csum_0/inst/FSM_hamming2_data_state_reg[2]_replica/Q
INFO: [Physopt 32-662] Processed net bdw/design_1_i/hier_0/tx_csum_0/inst/FSM_hamming2_data_state_reg_n_0_[3].  Did not re-place instance bdw/design_1_i/hier_0/tx_csum_0/inst/FSM_hamming2_data_state_reg[3]/Q
INFO: [Physopt 32-662] Processed net bdw/design_1_i/hier_0/axis_data_fifo_5/inst/gen_fifo.xpm_fifo_axis_inst/xpm_fifo_base_inst/gen_sdpram.xpm_memory_base_inst/doutb[78].  Did not re-place instance bdw/design_1_i/hier_0/axis_data_fifo_5/inst/gen_fifo.xpm_fifo_axis_inst/xpm_fifo_base_inst/gen_sdpram.xpm_memory_base_inst/gen_rd_b.gen_doutb_pipe.gen_stage.doutb_pipe_reg[0][78]/Q
INFO: [Physopt 32-663] Processed net bdw/design_1_i/hier_0/axis_data_fifo_5/inst/gen_fifo.xpm_fifo_axis_inst/xpm_fifo_base_inst/gen_sdpram.xpm_memory_base_inst/doutb[74]_repN.  Re-placed instance bdw/design_1_i/hier_0/axis_data_fifo_5/inst/gen_fifo.xpm_fifo_axis_inst/xpm_fifo_base_inst/gen_sdpram.xpm_memory_base_inst/gen_rd_b.gen_doutb_pipe.gen_stage.doutb_pipe_reg[0][74]_replica/Q
INFO: [Physopt 32-662] Processed net bdw/design_1_i/hier_0/tx_csum_0/inst/cum_calc/byte_Counter/checksum[15]_i_19_n_0.  Did not re-place instance bdw/design_1_i/hier_0/tx_csum_0/inst/cum_calc/byte_Counter/checksum[15]_i_19/O
INFO: [Physopt 32-662] Processed net bdw/design_1_i/hier_0/axis_data_fifo_5/inst/gen_fifo.xpm_fifo_axis_inst/xpm_fifo_base_inst/gen_sdpram.xpm_memory_base_inst/doutb[75].  Did not re-place instance bdw/design_1_i/hier_0/axis_data_fifo_5/inst/gen_fifo.xpm_fifo_axis_inst/xpm_fifo_base_inst/gen_sdpram.xpm_memory_base_inst/gen_rd_b.gen_doutb_pipe.gen_stage.doutb_pipe_reg[0][75]/Q
INFO: [Physopt 32-662] Processed net bdw/design_1_i/hier_0/axis_data_fifo_5/inst/gen_fifo.xpm_fifo_axis_inst/xpm_fifo_base_inst/gen_sdpram.xpm_memory_base_inst/doutb[108].  Did not re-place instance bdw/design_1_i/hier_0/axis_data_fifo_5/inst/gen_fifo.xpm_fifo_axis_inst/xpm_fifo_base_inst/gen_sdpram.xpm_memory_base_inst/gen_rd_b.gen_doutb_pipe.gen_stage.doutb_pipe_reg[0][108]/Q
INFO: [Physopt 32-662] Processed net bdw/design_1_i/hier_0/csum_rx_rss_0/inst/CSUM_UNIT/byte_Counter/in1_reg[7]_i_3_n_0.  Did not re-place instance bdw/design_1_i/hier_0/csum_rx_rss_0/inst/CSUM_UNIT/byte_Counter/in1_reg[7]_i_3/O
INFO: [Physopt 32-662] Processed net bdw/design_1_i/hier_0/csum_rx_rss_0/inst/CSUM_UNIT/byte_Counter/in2_reg[7]_i_2_n_0.  Did not re-place instance bdw/design_1_i/hier_0/csum_rx_rss_0/inst/CSUM_UNIT/byte_Counter/in2_reg[7]_i_2/O
INFO: [Physopt 32-663] Processed net bdw/design_1_i/hier_0/csum_rx_rss_0/inst/CSUM_UNIT/byte_Counter/doutb[79]_alias.  Re-placed instance bdw/design_1_i/hier_0/csum_rx_rss_0/inst/CSUM_UNIT/byte_Counter/byte_cntr_with_delta_byte0_carry_i_10_psbram/Q
INFO: [Physopt 32-662] Processed net bdw/design_1_i/hier_0/csum_rx_rss_0/inst/CSUM_UNIT/byte_Counter/in2_reg[15]_i_6_n_0.  Did not re-place instance bdw/design_1_i/hier_0/csum_rx_rss_0/inst/CSUM_UNIT/byte_Counter/in2_reg[15]_i_6/O
INFO: [Physopt 32-662] Processed net bdw/design_1_i/hier_0/csum_rx_rss_0/inst/CSUM_UNIT/byte_Counter/byte_cntr_with_delta_byte0_carry_i_10_n_0.  Did not re-place instance bdw/design_1_i/hier_0/csum_rx_rss_0/inst/CSUM_UNIT/byte_Counter/byte_cntr_with_delta_byte0_carry_i_10/O
INFO: [Physopt 32-662] Processed net bdw/design_1_i/hier_0/csum_rx_rss_0/inst/CSUM_UNIT/byte_Counter/in2_reg[15]_i_9_n_0.  Did not re-place instance bdw/design_1_i/hier_0/csum_rx_rss_0/inst/CSUM_UNIT/byte_Counter/in2_reg[15]_i_9/O
INFO: [Physopt 32-662] Processed net bdw/design_1_i/hier_0/csum_rx_rss_0/inst/CSUM_UNIT/byte_Counter/s00_axis_tdata[31][3].  Did not re-place instance bdw/design_1_i/hier_0/csum_rx_rss_0/inst/CSUM_UNIT/byte_Counter/in2_reg[3]_i_1__1/O
INFO: [Physopt 32-663] Processed net bdw/design_1_i/hier_0/axis_data_fifo_5/inst/gen_fifo.xpm_fifo_axis_inst/xpm_fifo_base_inst/gen_sdpram.xpm_memory_base_inst/doutb[79]_repN.  Re-placed instance bdw/design_1_i/hier_0/axis_data_fifo_5/inst/gen_fifo.xpm_fifo_axis_inst/xpm_fifo_base_inst/gen_sdpram.xpm_memory_base_inst/gen_rd_b.gen_doutb_pipe.gen_stage.doutb_pipe_reg[0][79]_replica/Q
INFO: [Physopt 32-662] Processed net bdw/design_1_i/hier_0/tx_csum_0/inst/data_fifo_i/axis_data_fifo_0/inst/gen_fifo.xpm_fifo_axis_inst/xpm_fifo_base_inst/full_n_repN.  Did not re-place instance bdw/design_1_i/hier_0/tx_csum_0/inst/data_fifo_i/axis_data_fifo_0/inst/gen_fifo.xpm_fifo_axis_inst/xpm_fifo_base_inst/gen_pf_ic_rc.gen_full_rst_val.ram_full_n_reg_replica/Q
INFO: [Physopt 32-662] Processed net bdw/design_1_i/hier_0/csum_rx_rss_0/inst/CSUM_UNIT/byte_Counter/s00_axis_tdata[31][0].  Did not re-place instance bdw/design_1_i/hier_0/csum_rx_rss_0/inst/CSUM_UNIT/byte_Counter/in2_reg[0]_i_1__1/O
INFO: [Physopt 32-662] Processed net bdw/design_1_i/hier_0/tx_csum_0/inst/cum_calc/byte_Counter/bytePtr_reg[2]_i_9__0_n_0.  Did not re-place instance bdw/design_1_i/hier_0/tx_csum_0/inst/cum_calc/byte_Counter/bytePtr_reg[2]_i_9__0/O
INFO: [Physopt 32-662] Processed net bdw/design_1_i/hier_0/csum_rx_rss_0/inst/CSUM_UNIT/byte_Counter/in2_reg[15]_i_3_n_0.  Did not re-place instance bdw/design_1_i/hier_0/csum_rx_rss_0/inst/CSUM_UNIT/byte_Counter/in2_reg[15]_i_3/O
INFO: [Physopt 32-662] Processed net bdw/design_1_i/hier_0/csum_rx_rss_0/inst/CSUM_UNIT/byte_Counter/csumEn_stg1_i_3__0_n_0.  Did not re-place instance bdw/design_1_i/hier_0/csum_rx_rss_0/inst/CSUM_UNIT/byte_Counter/csumEn_stg1_i_3__0/O
INFO: [Physopt 32-662] Processed net bdw/design_1_i/hier_0/csum_rx_rss_0/inst/CSUM_UNIT/byte_Counter/csumEn_stg1_i_7_n_0.  Did not re-place instance bdw/design_1_i/hier_0/csum_rx_rss_0/inst/CSUM_UNIT/byte_Counter/csumEn_stg1_i_7/O
INFO: [Physopt 32-662] Processed net bdw/design_1_i/hier_0/csum_rx_rss_0/inst/CSUM_UNIT/byte_Counter/csumEn_stg1_i_6_n_0.  Did not re-place instance bdw/design_1_i/hier_0/csum_rx_rss_0/inst/CSUM_UNIT/byte_Counter/csumEn_stg1_i_6/O
INFO: [Physopt 32-662] Processed net bdw/design_1_i/hier_0/csum_rx_rss_0/inst/CSUM_UNIT/byte_Counter/s00_axis_tdata[47][4].  Did not re-place instance bdw/design_1_i/hier_0/csum_rx_rss_0/inst/CSUM_UNIT/byte_Counter/in1_reg[4]_i_1__1/O
INFO: [Physopt 32-662] Processed net bdw/design_1_i/hier_0/csum_rx_rss_0/inst/CSUM_UNIT/byte_Counter/s00_axis_tdata[31][1].  Did not re-place instance bdw/design_1_i/hier_0/csum_rx_rss_0/inst/CSUM_UNIT/byte_Counter/in2_reg[1]_i_1__1/O
INFO: [Physopt 32-662] Processed net bdw/design_1_i/hier_0/axis_data_fifo_5/inst/gen_fifo.xpm_fifo_axis_inst/xpm_fifo_base_inst/gen_sdpram.xpm_memory_base_inst/doutb[76].  Did not re-place instance bdw/design_1_i/hier_0/axis_data_fifo_5/inst/gen_fifo.xpm_fifo_axis_inst/xpm_fifo_base_inst/gen_sdpram.xpm_memory_base_inst/gen_rd_b.gen_doutb_pipe.gen_stage.doutb_pipe_reg[0][76]/Q
INFO: [Physopt 32-662] Processed net bdw/design_1_i/hier_0/csum_rx_rss_0/inst/CSUM_UNIT/byte_Counter/in2_reg[15]_i_4__0_n_0.  Did not re-place instance bdw/design_1_i/hier_0/csum_rx_rss_0/inst/CSUM_UNIT/byte_Counter/in2_reg[15]_i_4__0/O
INFO: [Physopt 32-662] Processed net bdw/design_1_i/hier_0/csum_rx_rss_0/inst/CSUM_UNIT/byte_Counter/doutb[72]_alias.  Did not re-place instance bdw/design_1_i/hier_0/csum_rx_rss_0/inst/CSUM_UNIT/byte_Counter/byte_cntr_with_delta_byte0_carry_i_10_psbram_5/Q
INFO: [Physopt 32-663] Processed net bdw/design_1_i/hier_0/csum_rx_rss_0/inst/CSUM_UNIT/byte_Counter/s00_axis_tdata[47]_0[8].  Re-placed instance bdw/design_1_i/hier_0/csum_rx_rss_0/inst/CSUM_UNIT/byte_Counter/in1_reg[8]_i_1__2/O
INFO: [Physopt 32-663] Processed net bdw/design_1_i/hier_0/csum_rx_rss_0/inst/CSUM_UNIT/byte_Counter/s00_axis_tdata[47]_0[0].  Re-placed instance bdw/design_1_i/hier_0/csum_rx_rss_0/inst/CSUM_UNIT/byte_Counter/in1_reg[0]_i_1__2/O
INFO: [Physopt 32-662] Processed net bdw/design_1_i/hier_0/csum_rx_rss_0/inst/CSUM_UNIT/byte_Counter/s00_axis_tdata[47]_0[10].  Did not re-place instance bdw/design_1_i/hier_0/csum_rx_rss_0/inst/CSUM_UNIT/byte_Counter/in1_reg[10]_i_1__2/O
INFO: [Physopt 32-662] Processed net bdw/design_1_i/hier_0/csum_rx_rss_0/inst/CSUM_UNIT/byte_Counter/s00_axis_tdata[15]_0[2].  Did not re-place instance bdw/design_1_i/hier_0/csum_rx_rss_0/inst/CSUM_UNIT/byte_Counter/in1_reg[2]_i_1__0/O
INFO: [Physopt 32-662] Processed net bdw/design_1_i/hier_0/csum_rx_rss_0/inst/CSUM_UNIT/byte_Counter/s00_axis_tdata[31][5].  Did not re-place instance bdw/design_1_i/hier_0/csum_rx_rss_0/inst/CSUM_UNIT/byte_Counter/in2_reg[5]_i_1__1/O
INFO: [Physopt 32-662] Processed net bdw/design_1_i/hier_0/csum_rx_rss_0/inst/CSUM_UNIT/byte_Counter/frame_has_protocol_tcp_0x06_i_9_n_0.  Did not re-place instance bdw/design_1_i/hier_0/csum_rx_rss_0/inst/CSUM_UNIT/byte_Counter/frame_has_protocol_tcp_0x06_i_9/O
INFO: [Physopt 32-662] Processed net bdw/design_1_i/hier_0/csum_rx_rss_0/inst/CSUM_UNIT/byte_Counter/ip_header_length[5]_i_4_n_0.  Did not re-place instance bdw/design_1_i/hier_0/csum_rx_rss_0/inst/CSUM_UNIT/byte_Counter/ip_header_length[5]_i_4_rewire/O
INFO: [Physopt 32-662] Processed net bdw/design_1_i/hier_0/csum_rx_rss_0/inst/CSUM_UNIT/byte_Counter/s00_axis_tlast_0.  Did not re-place instance bdw/design_1_i/hier_0/csum_rx_rss_0/inst/CSUM_UNIT/byte_Counter/valid_out_stg1_i_1/O
INFO: [Physopt 32-661] Optimized 5 nets.  Re-placed 11 instances.
INFO: [Physopt 32-775] End 1 Pass. Optimized 5 nets or cells. Created 0 new cell, deleted 0 existing cell and moved 11 existing cells
INFO: [Physopt 32-619] Estimated Timing Summary | WNS=-0.368 | TNS=-14.027 |
Netlist sorting complete. Time (s): cpu = 00:00:00.02 ; elapsed = 00:00:00.02 . Memory (MB): peak = 6843.258 ; gain = 0.000 ; free physical = 1737 ; free virtual = 10307
Phase 30 Multi Cell Placement Optimization | Checksum: 24e0348f7

Time (s): cpu = 00:09:56 ; elapsed = 00:03:07 . Memory (MB): peak = 6843.258 ; gain = 0.000 ; free physical = 1737 ; free virtual = 10307

Phase 31 SLR Crossing Optimization
Phase 31 SLR Crossing Optimization | Checksum: 24e0348f7

Time (s): cpu = 00:09:56 ; elapsed = 00:03:07 . Memory (MB): peak = 6843.258 ; gain = 0.000 ; free physical = 1737 ; free virtual = 10307

Phase 32 Critical Path Optimization
INFO: [Physopt 32-619] Estimated Timing Summary | WNS=-0.368 | TNS=-14.027 |
INFO: [Physopt 32-702] Processed net bdw/design_1_i/hier_0/tx_csum_0/inst/cum_calc/raw_csum_cal/M3/checksum_reg_n_0_[16]. Optimizations did not improve timing on the net.
INFO: [Physopt 32-702] Processed net bdw/design_1_i/hier_0/tx_csum_0/inst/FSM_hamming2_data_state_reg_n_0_[1]_repN. Optimizations did not improve timing on the net.
INFO: [Physopt 32-702] Processed net bdw/design_1_i/hier_0/tx_csum_0/inst/cum_calc/raw_csum_cal/M3/checksum_reg[15]_i_1_n_0. Optimizations did not improve timing on the net.
INFO: [Physopt 32-702] Processed net bdw/design_1_i/hier_0/tx_csum_0/inst/cum_calc/raw_csum_cal/M3/checksum_reg[7]_i_1_n_0. Optimizations did not improve timing on the net.
INFO: [Physopt 32-702] Processed net bdw/design_1_i/hier_0/tx_csum_0/inst/cum_calc/raw_csum_cal/M3/checksum[7]_i_3_n_0. Optimizations did not improve timing on the net.
INFO: [Physopt 32-702] Processed net bdw/design_1_i/hier_0/tx_csum_0/inst/cum_calc/raw_csum_cal/M3/p_0_in. Optimizations did not improve timing on the net.
INFO: [Physopt 32-702] Processed net bdw/design_1_i/hier_0/tx_csum_0/inst/cum_calc/raw_csum_cal/M3/checksum_reg[15]_i_2_n_0. Optimizations did not improve timing on the net.
INFO: [Physopt 32-702] Processed net bdw/design_1_i/hier_0/tx_csum_0/inst/cum_calc/raw_csum_cal/M3/checksum_reg[7]_i_2_n_0. Optimizations did not improve timing on the net.
INFO: [Physopt 32-702] Processed net bdw/design_1_i/hier_0/tx_csum_0/inst/cum_calc/raw_csum_cal/M3/checksum[7]_i_8_n_0. Optimizations did not improve timing on the net.
INFO: [Physopt 32-702] Processed net bdw/design_1_i/hier_0/tx_csum_0/inst/cum_calc/byte_Counter/csum_begin_app_7_sn_1. Optimizations did not improve timing on the net.
INFO: [Physopt 32-702] Processed net bdw/design_1_i/hier_0/tx_csum_0/inst/cum_calc/byte_Counter/checksum[15]_i_16_n_0. Optimizations did not improve timing on the net.
INFO: [Physopt 32-702] Processed net bdw/design_1_i/hier_0/tx_csum_0/inst/cum_calc/byte_Counter/byte_count_per_packet[10]. Optimizations did not improve timing on the net.
INFO: [Physopt 32-702] Processed net bdw/design_1_i/hier_0/tx_csum_0/inst/cum_calc/byte_Counter/byte_cntr_with_delta_byte0_carry_n_0. Optimizations did not improve timing on the net.
INFO: [Physopt 32-702] Processed net bdw/design_1_i/hier_0/tx_csum_0/inst/data_fifo_i/S[0]. Optimizations did not improve timing on the net.
INFO: [Physopt 32-702] Processed net bdw/design_1_i/hier_0/tx_csum_0/inst/data_fifo_i/lastBeat. Optimizations did not improve timing on the net.
INFO: [Physopt 32-702] Processed net bdw/design_1_i/hier_0/tx_csum_0/inst/data_fifo_i/gen_pf_ic_rc.gen_full_rst_val.ram_full_n_reg. Optimizations did not improve timing on the net.
INFO: [Physopt 32-702] Processed net bdw/design_1_i/hier_0/tx_csum_0/inst/cum_calc/raw_csum_cal/M3/checksum[16]. Optimizations did not improve timing on the net.
INFO: [Physopt 32-702] Processed net bdw/design_1_i/hier_0/tx_csum_0/inst/cum_calc/raw_csum_cal/M3/checksum_reg_n_0_[16]. Optimizations did not improve timing on the net.
INFO: [Physopt 32-702] Processed net bdw/design_1_i/hier_0/tx_csum_0/inst/FSM_hamming2_data_state_reg_n_0_[1]_repN. Optimizations did not improve timing on the net.
INFO: [Physopt 32-702] Processed net bdw/design_1_i/hier_0/tx_csum_0/inst/cum_calc/raw_csum_cal/M3/checksum[7]_i_3_n_0. Optimizations did not improve timing on the net.
INFO: [Physopt 32-702] Processed net bdw/design_1_i/hier_0/tx_csum_0/inst/cum_calc/raw_csum_cal/M3/p_0_in. Optimizations did not improve timing on the net.
INFO: [Physopt 32-702] Processed net bdw/design_1_i/hier_0/tx_csum_0/inst/cum_calc/raw_csum_cal/M3/checksum[7]_i_8_n_0. Optimizations did not improve timing on the net.
INFO: [Physopt 32-702] Processed net bdw/design_1_i/hier_0/tx_csum_0/inst/cum_calc/byte_Counter/csum_begin_app_7_sn_1. Optimizations did not improve timing on the net.
INFO: [Physopt 32-702] Processed net bdw/design_1_i/hier_0/tx_csum_0/inst/cum_calc/byte_Counter/checksum[15]_i_16_n_0. Optimizations did not improve timing on the net.
INFO: [Physopt 32-702] Processed net bdw/design_1_i/hier_0/tx_csum_0/inst/cum_calc/byte_Counter/byte_count_per_packet[10]. Optimizations did not improve timing on the net.
INFO: [Physopt 32-702] Processed net bdw/design_1_i/hier_0/tx_csum_0/inst/data_fifo_i/S[0]. Optimizations did not improve timing on the net.
INFO: [Physopt 32-702] Processed net bdw/design_1_i/hier_0/tx_csum_0/inst/data_fifo_i/lastBeat. Optimizations did not improve timing on the net.
INFO: [Physopt 32-702] Processed net bdw/design_1_i/hier_0/tx_csum_0/inst/data_fifo_i/gen_pf_ic_rc.gen_full_rst_val.ram_full_n_reg. Optimizations did not improve timing on the net.
INFO: [Physopt 32-702] Processed net bdw/design_1_i/hier_0/tx_csum_0/inst/cum_calc/raw_csum_cal/M3/checksum[16]. Optimizations did not improve timing on the net.
INFO: [Physopt 32-619] Estimated Timing Summary | WNS=-0.368 | TNS=-14.027 |
Phase 32 Critical Path Optimization | Checksum: 24e0348f7

Time (s): cpu = 00:10:23 ; elapsed = 00:03:16 . Memory (MB): peak = 6843.258 ; gain = 0.000 ; free physical = 1732 ; free virtual = 10302

Phase 33 BRAM Enable Optimization
Phase 33 BRAM Enable Optimization | Checksum: 24e0348f7

Time (s): cpu = 00:10:23 ; elapsed = 00:03:16 . Memory (MB): peak = 6843.258 ; gain = 0.000 ; free physical = 1732 ; free virtual = 10302
INFO: [Physopt 32-960] Skip hold-fix as initial WHS does not violate hold threshold 250 ps
Netlist sorting complete. Time (s): cpu = 00:00:00.02 ; elapsed = 00:00:00.02 . Memory (MB): peak = 6843.258 ; gain = 0.000 ; free physical = 1737 ; free virtual = 10307
Netlist sorting complete. Time (s): cpu = 00:00:00.02 ; elapsed = 00:00:00.02 . Memory (MB): peak = 6843.258 ; gain = 0.000 ; free physical = 1738 ; free virtual = 10308
INFO: [Physopt 32-603] Post Physical Optimization Timing Summary | WNS=-0.368 | TNS=-14.027 |

Summary of Physical Synthesis Optimizations
============================================


----------------------------------------------------------------------------------------------------------------------------------------------------------------------
|  Optimization            |  WNS Gain (ns)  |  TNS Gain (ns)  |  Added Cells  |  Removed Cells  |  Optimized Cells/Nets  |  Dont Touch  |  Iterations  |  Elapsed   |
----------------------------------------------------------------------------------------------------------------------------------------------------------------------
|  Fanout                  |          0.000  |          0.000  |            0  |              0  |                     0  |           0  |           3  |  00:00:08  |
|  Single Cell Placement   |          0.197  |         24.326  |            0  |              0  |                    66  |           0  |           4  |  00:00:60  |
|  Multi Cell Placement    |          0.117  |         12.855  |            0  |              0  |                    11  |           0  |           4  |  00:00:53  |
|  Rewire                  |          0.007  |         15.687  |            4  |              0  |                     4  |           0  |           3  |  00:00:05  |
|  Critical Cell           |          0.000  |          9.962  |           12  |              0  |                    14  |           0  |           3  |  00:00:35  |
|  SLR Crossing            |          0.000  |          0.000  |            0  |              0  |                     0  |           0  |           3  |  00:00:00  |
|  DSP Register            |          0.000  |          0.000  |            0  |              0  |                     0  |           0  |           2  |  00:00:00  |
|  BRAM Register           |          0.212  |         92.235  |           46  |              0  |                     5  |           0  |           2  |  00:00:04  |
|  URAM Register           |          0.000  |          0.000  |            0  |              0  |                     0  |           0  |           2  |  00:00:00  |
|  Shift Register          |          0.000  |          0.000  |            0  |              0  |                     0  |           0  |           2  |  00:00:00  |
|  Critical Pin            |          0.048  |          1.599  |            0  |              0  |                     4  |           0  |           1  |  00:00:02  |
|  Very High Fanout        |          0.000  |          0.000  |            0  |              0  |                     3  |           0  |           1  |  00:00:04  |
|  BRAM Enable             |          0.000  |          0.000  |            0  |              0  |                     0  |           0  |           1  |  00:00:00  |
|  Critical Path           |          0.000  |          0.000  |            0  |              0  |                     0  |           0  |           1  |  00:00:09  |
|  Total                   |          0.581  |        156.663  |           62  |              0  |                   107  |           0  |          32  |  00:03:01  |
----------------------------------------------------------------------------------------------------------------------------------------------------------------------


Netlist sorting complete. Time (s): cpu = 00:00:00.01 ; elapsed = 00:00:00.02 . Memory (MB): peak = 6843.258 ; gain = 0.000 ; free physical = 1736 ; free virtual = 10306
Ending Physical Synthesis Task | Checksum: 2c43e8c4d

Time (s): cpu = 00:10:25 ; elapsed = 00:03:18 . Memory (MB): peak = 6843.258 ; gain = 0.000 ; free physical = 1736 ; free virtual = 10306
INFO: [Common 17-83] Releasing license: Implementation
1667 Infos, 242 Warnings, 5 Critical Warnings and 0 Errors encountered.
phys_opt_design completed successfully
phys_opt_design: Time (s): cpu = 00:11:33 ; elapsed = 00:03:34 . Memory (MB): peak = 6843.258 ; gain = 0.000 ; free physical = 1864 ; free virtual = 10434
INFO: [Timing 38-480] Writing timing data to binary archive.
Writing XDEF routing.
Writing XDEF routing logical nets.
Writing XDEF routing special nets.
Write XDEF Complete: Time (s): cpu = 00:00:23 ; elapsed = 00:00:09 . Memory (MB): peak = 6843.258 ; gain = 0.000 ; free physical = 1659 ; free virtual = 10406
INFO: [Common 17-1381] The checkpoint '/home/agreshil/vivado_projects/i2c-master/x2o-vivado-usplus-control-i2c-master-pl/control/apex_kria/apex_kria.runs/impl_1/apex_control_mgt_top_physopt.dcp' has been generated.
write_checkpoint: Time (s): cpu = 00:00:36 ; elapsed = 00:00:17 . Memory (MB): peak = 6843.258 ; gain = 0.000 ; free physical = 1788 ; free virtual = 10418
Command: route_design -directive NoTimingRelaxation
Attempting to get a license for feature 'Implementation' and/or device 'xck26'
INFO: [Common 17-349] Got license for feature 'Implementation' and/or device 'xck26'
INFO: [DRC 23-27] Running DRC with 8 threads
INFO: [Vivado_Tcl 4-198] DRC finished with 0 Errors
INFO: [Vivado_Tcl 4-199] Please refer to the DRC report (report_drc) for more information.
Running DRC as a precondition to command route_design
INFO: [DRC 23-27] Running DRC with 8 threads
INFO: [Vivado_Tcl 4-198] DRC finished with 0 Errors
INFO: [Vivado_Tcl 4-199] Please refer to the DRC report (report_drc) for more information.


Starting Routing Task
INFO: [Route 35-270] Using Router directive 'NoTimingRelaxation'.
INFO: [Route 35-254] Multithreading enabled for route_design using a maximum of 8 CPUs

Phase 1 Build RT Design
Checksum: PlaceDB: ce18b4e8 ConstDB: 0 ShapeSum: 6bd18c19 RouteDB: f0e0bb10
Nodegraph reading from file.  Time (s): cpu = 00:00:00.47 ; elapsed = 00:00:00.49 . Memory (MB): peak = 6843.258 ; gain = 0.000 ; free physical = 1620 ; free virtual = 10250
Post Restoration Checksum: NetGraph: 2b435f05 NumContArr: 597ee318 Constraints: 7e5ee96b Timing: 0
Phase 1 Build RT Design | Checksum: 103212b88

Time (s): cpu = 00:01:17 ; elapsed = 00:00:16 . Memory (MB): peak = 6843.258 ; gain = 0.000 ; free physical = 1637 ; free virtual = 10267

Phase 2 Router Initialization

Phase 2.1 Fix Topology Constraints
Phase 2.1 Fix Topology Constraints | Checksum: 103212b88

Time (s): cpu = 00:01:17 ; elapsed = 00:00:16 . Memory (MB): peak = 6843.258 ; gain = 0.000 ; free physical = 1583 ; free virtual = 10212

Phase 2.2 Pre Route Cleanup
Phase 2.2 Pre Route Cleanup | Checksum: 103212b88

Time (s): cpu = 00:01:18 ; elapsed = 00:00:17 . Memory (MB): peak = 6843.258 ; gain = 0.000 ; free physical = 1583 ; free virtual = 10212

Phase 2.3 Global Clock Net Routing
 Number of Nodes with overlaps = 0
Phase 2.3 Global Clock Net Routing | Checksum: 13057d35f

Time (s): cpu = 00:01:26 ; elapsed = 00:00:22 . Memory (MB): peak = 6843.258 ; gain = 0.000 ; free physical = 1567 ; free virtual = 10197

Phase 2.4 Update Timing
Phase 2.4 Update Timing | Checksum: 2003ba85b

Time (s): cpu = 00:02:13 ; elapsed = 00:00:36 . Memory (MB): peak = 6843.258 ; gain = 0.000 ; free physical = 1470 ; free virtual = 10100
INFO: [Route 35-416] Intermediate Timing Summary | WNS=-0.194 | TNS=-1.817 | WHS=-0.284 | THS=-220.273|


Phase 2.5 Update Timing for Bus Skew

Phase 2.5.1 Update Timing
Phase 2.5.1 Update Timing | Checksum: 1dc187ff6

Time (s): cpu = 00:03:57 ; elapsed = 00:00:58 . Memory (MB): peak = 6843.258 ; gain = 0.000 ; free physical = 1375 ; free virtual = 10074
INFO: [Route 35-416] Intermediate Timing Summary | WNS=-0.194 | TNS=-3.784 | WHS=N/A    | THS=N/A    |

Phase 2.5 Update Timing for Bus Skew | Checksum: 2221239d5

Time (s): cpu = 00:03:58 ; elapsed = 00:00:59 . Memory (MB): peak = 6843.258 ; gain = 0.000 ; free physical = 1367 ; free virtual = 10066

Router Utilization Summary
  Global Vertical Routing Utilization    = 0.00875735 %
  Global Horizontal Routing Utilization  = 0.000519181 %
  Routable Net Status*
  *Does not include unroutable nets such as driverless and loadless.
  Run report_route_status for detailed report.
  Number of Failed Nets               = 135670
    (Failed Nets is the sum of unrouted and partially routed nets)
  Number of Unrouted Nets             = 114843
  Number of Partially Routed Nets     = 20827
  Number of Node Overlaps             = 2

Phase 2 Router Initialization | Checksum: 2651a51b2

Time (s): cpu = 00:04:03 ; elapsed = 00:01:00 . Memory (MB): peak = 6843.258 ; gain = 0.000 ; free physical = 1365 ; free virtual = 10065

Phase 3 Initial Routing

Phase 3.1 Global Routing
Phase 3.1 Global Routing | Checksum: 2651a51b2

Time (s): cpu = 00:04:03 ; elapsed = 00:01:00 . Memory (MB): peak = 6843.258 ; gain = 0.000 ; free physical = 1365 ; free virtual = 10065
Phase 3 Initial Routing | Checksum: 2314d5df8

Time (s): cpu = 00:05:05 ; elapsed = 00:01:18 . Memory (MB): peak = 6843.258 ; gain = 0.000 ; free physical = 1317 ; free virtual = 10016

INFO: [Route 35-449] Initial Estimated Congestion
 ________________________________________________________________________
|           | Global Congestion | Long Congestion   | Short Congestion  |
|           |___________________|___________________|___________________|
| Direction | Size   | % Tiles  | Size   | % Tiles  | Size   | % Tiles  |
|___________|________|__________|________|__________|________|__________|
|      NORTH|     4x4|      0.43|     4x4|      1.40|     4x4|      1.04|
|___________|________|__________|________|__________|________|__________|
|      SOUTH|   16x16|      2.51|   32x32|      5.44|   16x16|      1.88|
|___________|________|__________|________|__________|________|__________|
|       EAST|     4x4|      0.74|     2x2|      0.42|   16x16|      2.48|
|___________|________|__________|________|__________|________|__________|
|       WEST|     4x4|      0.52|     4x4|      0.47|   16x16|      1.68|
|___________|________|__________|________|__________|________|__________|
Congestion Report
GLOBAL Congestion bounded by tiles (Lower Left Tile -> Upper Right Tile):
SOUTH
	INT_X9Y72->INT_X24Y95 (CLEM_X9Y72->DSP_X24Y95)
	INT_X8Y80->INT_X23Y95 (INT_X8Y80->CLEL_R_X23Y95)
	INT_X8Y79->INT_X23Y94 (INT_X8Y79->CLEL_R_X23Y94)
	INT_X8Y78->INT_X23Y93 (INT_X8Y78->CLEL_R_X23Y93)
	INT_X8Y77->INT_X23Y92 (INT_X8Y77->CLEL_R_X23Y92)
LONG Congestion bounded by tiles (Lower Left Tile -> Upper Right Tile):
SOUTH
	INT_X16Y64->INT_X31Y95 (CMT_L_X16Y60->CLEL_R_X31Y95)
	INT_X16Y80->INT_X31Y95 (CMT_L_X16Y60->CLEL_R_X31Y95)
	INT_X16Y64->INT_X31Y79 (CMT_L_X16Y60->CLEL_R_X31Y79)
	INT_X16Y79->INT_X31Y94 (CMT_L_X16Y60->CLEL_R_X31Y94)
	INT_X16Y78->INT_X31Y93 (CMT_L_X16Y60->CLEL_R_X31Y93)
SHORT Congestion bounded by tiles (Lower Left Tile -> Upper Right Tile):
SOUTH
	INT_X15Y78->INT_X26Y105 (CLEM_X15Y78->DSP_X26Y105)
	INT_X16Y96->INT_X23Y103 (XIPHY_BYTE_L_X16Y90->CLEL_R_X23Y103)
	INT_X16Y95->INT_X23Y102 (XIPHY_BYTE_L_X16Y90->CLEL_R_X23Y102)
	INT_X16Y87->INT_X23Y94 (CMT_L_X16Y60->CLEL_R_X23Y94)
	INT_X16Y94->INT_X23Y101 (XIPHY_BYTE_L_X16Y90->CLEL_R_X23Y101)
EAST
	INT_X10Y79->INT_X21Y114 (CLEM_X10Y79->CLEL_R_X21Y114)
	INT_X8Y104->INT_X15Y111 (INT_X8Y104->CLEL_R_X15Y111)
	INT_X8Y96->INT_X15Y103 (INT_X8Y96->CLEL_R_X15Y103)
	INT_X8Y103->INT_X15Y110 (INT_X8Y103->CLEL_R_X15Y110)
	INT_X8Y95->INT_X15Y102 (INT_X8Y95->CLEL_R_X15Y102)
WEST
	INT_X12Y84->INT_X27Y103 (CLEM_X12Y84->CLEL_R_X27Y103)
	INT_X24Y96->INT_X27Y99 (CLEM_X24Y96->CLEL_R_X27Y99)
	INT_X24Y92->INT_X27Y95 (CLEM_X24Y92->CLEL_R_X27Y95)
	INT_X24Y88->INT_X27Y91 (CLEM_X24Y88->CLEL_R_X27Y91)
	INT_X12Y84->INT_X15Y87 (CLEM_X12Y84->CLEL_R_X15Y87)

INFO: [Route 35-581] Estimated Timing congestion is level 5 (32x32). Congestion levels of 5 and greater may impact timing closure.

Phase 4 Rip-up And Reroute

Phase 4.1 Global Iteration 0
 Number of Nodes with overlaps = 32036
 Number of Nodes with overlaps = 4071
 Number of Nodes with overlaps = 1092
 Number of Nodes with overlaps = 536
 Number of Nodes with overlaps = 291
 Number of Nodes with overlaps = 159
 Number of Nodes with overlaps = 112
 Number of Nodes with overlaps = 85
 Number of Nodes with overlaps = 57
 Number of Nodes with overlaps = 53
 Number of Nodes with overlaps = 32
 Number of Nodes with overlaps = 33
 Number of Nodes with overlaps = 31
 Number of Nodes with overlaps = 23
 Number of Nodes with overlaps = 15
 Number of Nodes with overlaps = 16
 Number of Nodes with overlaps = 10
 Number of Nodes with overlaps = 8
 Number of Nodes with overlaps = 4
 Number of Nodes with overlaps = 4
INFO: [Route 35-443] CLB routing congestion detected. Several CLBs have high routing utilization, which can impact timing closure. Congested CLBs and Nets are dumped in: iter_100_CongestedCLBsAndNets.txt
 Number of Nodes with overlaps = 3
 Number of Nodes with overlaps = 2
 Number of Nodes with overlaps = 1
 Number of Nodes with overlaps = 1
 Number of Nodes with overlaps = 1
 Number of Nodes with overlaps = 1
 Number of Nodes with overlaps = 1
 Number of Nodes with overlaps = 1
INFO: [Route 35-443] CLB routing congestion detected. Several CLBs have high routing utilization, which can impact timing closure. Congested CLBs and Nets are dumped in: iter_140_CongestedCLBsAndNets.txt
 Number of Nodes with overlaps = 0
INFO: [Route 35-416] Intermediate Timing Summary | WNS=-0.430 | TNS=-21.279| WHS=-0.039 | THS=-1.649 |

Phase 4.1 Global Iteration 0 | Checksum: 2f7ddd663

Time (s): cpu = 00:20:32 ; elapsed = 00:08:30 . Memory (MB): peak = 6843.258 ; gain = 0.000 ; free physical = 1315 ; free virtual = 10015

Phase 4.2 Global Iteration 1
 Number of Nodes with overlaps = 1264
 Number of Nodes with overlaps = 195
 Number of Nodes with overlaps = 69
 Number of Nodes with overlaps = 27
 Number of Nodes with overlaps = 12
 Number of Nodes with overlaps = 6
 Number of Nodes with overlaps = 8
 Number of Nodes with overlaps = 6
 Number of Nodes with overlaps = 7
 Number of Nodes with overlaps = 3
 Number of Nodes with overlaps = 3
 Number of Nodes with overlaps = 1
 Number of Nodes with overlaps = 2
 Number of Nodes with overlaps = 0
INFO: [Route 35-416] Intermediate Timing Summary | WNS=-0.404 | TNS=-10.279| WHS=N/A    | THS=N/A    |

Phase 4.2 Global Iteration 1 | Checksum: ca6f84a7

Time (s): cpu = 00:22:41 ; elapsed = 00:10:01 . Memory (MB): peak = 6843.258 ; gain = 0.000 ; free physical = 1244 ; free virtual = 9944

Phase 4.3 Global Iteration 2
 Number of Nodes with overlaps = 669
 Number of Nodes with overlaps = 96
 Number of Nodes with overlaps = 45
 Number of Nodes with overlaps = 17
 Number of Nodes with overlaps = 9
 Number of Nodes with overlaps = 5
 Number of Nodes with overlaps = 3
 Number of Nodes with overlaps = 1
 Number of Nodes with overlaps = 0
INFO: [Route 35-416] Intermediate Timing Summary | WNS=-0.363 | TNS=-8.691 | WHS=N/A    | THS=N/A    |

Phase 4.3 Global Iteration 2 | Checksum: 2871b8ff0

Time (s): cpu = 00:24:03 ; elapsed = 00:11:03 . Memory (MB): peak = 6843.258 ; gain = 0.000 ; free physical = 1303 ; free virtual = 10004

Phase 4.4 Global Iteration 3
 Number of Nodes with overlaps = 428
 Number of Nodes with overlaps = 49
 Number of Nodes with overlaps = 17
 Number of Nodes with overlaps = 7
 Number of Nodes with overlaps = 2
 Number of Nodes with overlaps = 1
 Number of Nodes with overlaps = 0
INFO: [Route 35-416] Intermediate Timing Summary | WNS=-0.392 | TNS=-9.452 | WHS=N/A    | THS=N/A    |

Phase 4.4 Global Iteration 3 | Checksum: 287d71c59

Time (s): cpu = 00:24:37 ; elapsed = 00:11:29 . Memory (MB): peak = 6843.258 ; gain = 0.000 ; free physical = 1313 ; free virtual = 10013
Phase 4 Rip-up And Reroute | Checksum: 287d71c59

Time (s): cpu = 00:24:38 ; elapsed = 00:11:29 . Memory (MB): peak = 6843.258 ; gain = 0.000 ; free physical = 1313 ; free virtual = 10013

Phase 5 Delay and Skew Optimization

Phase 5.1 Delay CleanUp

Phase 5.1.1 Update Timing
Phase 5.1.1 Update Timing | Checksum: 2b717a975

Time (s): cpu = 00:25:20 ; elapsed = 00:11:41 . Memory (MB): peak = 6843.258 ; gain = 0.000 ; free physical = 1305 ; free virtual = 10006
INFO: [Route 35-416] Intermediate Timing Summary | WNS=-0.363 | TNS=-8.691 | WHS=0.010  | THS=0.000  |


Phase 5.1.2 Update Timing
Phase 5.1.2 Update Timing | Checksum: 14befa654

Time (s): cpu = 00:25:50 ; elapsed = 00:11:49 . Memory (MB): peak = 6843.258 ; gain = 0.000 ; free physical = 1291 ; free virtual = 9991
INFO: [Route 35-416] Intermediate Timing Summary | WNS=-0.363 | TNS=-8.691 | WHS=0.010  | THS=0.000  |

 Number of Nodes with overlaps = 0
Phase 5.1 Delay CleanUp | Checksum: 1e033fc72

Time (s): cpu = 00:25:54 ; elapsed = 00:11:50 . Memory (MB): peak = 6843.258 ; gain = 0.000 ; free physical = 1278 ; free virtual = 9979

Phase 5.2 Clock Skew Optimization
Phase 5.2 Clock Skew Optimization | Checksum: 1e033fc72

Time (s): cpu = 00:25:55 ; elapsed = 00:11:51 . Memory (MB): peak = 6843.258 ; gain = 0.000 ; free physical = 1278 ; free virtual = 9979
Phase 5 Delay and Skew Optimization | Checksum: 1e033fc72

Time (s): cpu = 00:25:55 ; elapsed = 00:11:51 . Memory (MB): peak = 6843.258 ; gain = 0.000 ; free physical = 1278 ; free virtual = 9979

Phase 6 Post Hold Fix

Phase 6.1 Hold Fix Iter

Phase 6.1.1 Update Timing
Phase 6.1.1 Update Timing | Checksum: 14706954e

Time (s): cpu = 00:26:25 ; elapsed = 00:11:59 . Memory (MB): peak = 6843.258 ; gain = 0.000 ; free physical = 1279 ; free virtual = 9979
INFO: [Route 35-416] Intermediate Timing Summary | WNS=-0.360 | TNS=-8.262 | WHS=0.010  | THS=0.000  |

Phase 6.1 Hold Fix Iter | Checksum: 22fb85a32

Time (s): cpu = 00:26:25 ; elapsed = 00:12:00 . Memory (MB): peak = 6843.258 ; gain = 0.000 ; free physical = 1279 ; free virtual = 9979
Phase 6 Post Hold Fix | Checksum: 22fb85a32

Time (s): cpu = 00:26:26 ; elapsed = 00:12:00 . Memory (MB): peak = 6843.258 ; gain = 0.000 ; free physical = 1279 ; free virtual = 9979

Phase 7 Route finalize

Router Utilization Summary
  Global Vertical Routing Utilization    = 23.5308 %
  Global Horizontal Routing Utilization  = 21.3933 %
  Routable Net Status*
  *Does not include unroutable nets such as driverless and loadless.
  Run report_route_status for detailed report.
  Number of Failed Nets               = 0
    (Failed Nets is the sum of unrouted and partially routed nets)
  Number of Unrouted Nets             = 0
  Number of Partially Routed Nets     = 0
  Number of Node Overlaps             = 0

Congestion Report
North Dir 1x1 Area, Max Cong = 91.5493%, Congestion bounded by tiles (Lower Left Tile -> Upper Right Tile):
   INT_X19Y114 -> INT_X19Y114
   INT_X19Y112 -> INT_X19Y112
   INT_X21Y107 -> INT_X21Y107
   INT_X21Y105 -> INT_X21Y105
South Dir 4x4 Area, Max Cong = 88.8329%, Congestion bounded by tiles (Lower Left Tile -> Upper Right Tile):
   INT_X16Y88 -> INT_X19Y91
   INT_X16Y84 -> INT_X19Y87
   INT_X20Y84 -> INT_X23Y87
East Dir 2x2 Area, Max Cong = 87.0192%, Congestion bounded by tiles (Lower Left Tile -> Upper Right Tile):
   INT_X16Y96 -> INT_X17Y97
   INT_X16Y92 -> INT_X17Y93
West Dir 2x2 Area, Max Cong = 87.7404%, Congestion bounded by tiles (Lower Left Tile -> Upper Right Tile):
   INT_X24Y96 -> INT_X25Y97
   INT_X26Y92 -> INT_X27Y93

------------------------------
Reporting congestion hotspots
------------------------------
Direction: North
----------------
Congested clusters found at Level 0
Effective congestion level: 1 Aspect Ratio: 1 Sparse Ratio: 0.75
Direction: South
----------------
Congested clusters found at Level 2
Effective congestion level: 3 Aspect Ratio: 0.5 Sparse Ratio: 1.75
Direction: East
----------------
Congested clusters found at Level 1
Effective congestion level: 2 Aspect Ratio: 0.5 Sparse Ratio: 0.5
Direction: West
----------------
Congested clusters found at Level 1
Effective congestion level: 2 Aspect Ratio: 0.5 Sparse Ratio: 1.25

Phase 7 Route finalize | Checksum: 205c59d76

Time (s): cpu = 00:26:27 ; elapsed = 00:12:01 . Memory (MB): peak = 6843.258 ; gain = 0.000 ; free physical = 1277 ; free virtual = 9978

Phase 8 Verifying routed nets

 Verification completed successfully
Phase 8 Verifying routed nets | Checksum: 205c59d76

Time (s): cpu = 00:26:28 ; elapsed = 00:12:01 . Memory (MB): peak = 6843.258 ; gain = 0.000 ; free physical = 1274 ; free virtual = 9974

Phase 9 Depositing Routes
Phase 9 Depositing Routes | Checksum: 205c59d76

Time (s): cpu = 00:26:39 ; elapsed = 00:12:08 . Memory (MB): peak = 6846.270 ; gain = 3.012 ; free physical = 1270 ; free virtual = 9970

Phase 10 Leaf Clock Prog Delay Opt

Phase 10.1 Delay CleanUp

Phase 10.1.1 Update Timing
Phase 10.1.1 Update Timing | Checksum: 11a477197

Time (s): cpu = 00:28:47 ; elapsed = 00:12:46 . Memory (MB): peak = 7469.027 ; gain = 625.770 ; free physical = 758 ; free virtual = 9458
INFO: [Route 35-416] Intermediate Timing Summary | WNS=-0.109 | TNS=-0.826 | WHS=0.010  | THS=0.000  |


Phase 10.1.2 Update Timing
Phase 10.1.2 Update Timing | Checksum: b5440a62

Time (s): cpu = 00:29:17 ; elapsed = 00:12:55 . Memory (MB): peak = 7469.027 ; gain = 625.770 ; free physical = 758 ; free virtual = 9458
INFO: [Route 35-416] Intermediate Timing Summary | WNS=-0.109 | TNS=-0.826 | WHS=0.010  | THS=0.000  |

 Number of Nodes with overlaps = 0
Phase 10.1 Delay CleanUp | Checksum: 12a2f47b7

Time (s): cpu = 00:29:21 ; elapsed = 00:12:56 . Memory (MB): peak = 7469.027 ; gain = 625.770 ; free physical = 730 ; free virtual = 9430

Phase 10.2 Hold Fix Iter

Phase 10.2.1 Update Timing
Phase 10.2.1 Update Timing | Checksum: f37c9284

Time (s): cpu = 00:30:23 ; elapsed = 00:13:12 . Memory (MB): peak = 7469.027 ; gain = 625.770 ; free physical = 778 ; free virtual = 9478
INFO: [Route 35-416] Intermediate Timing Summary | WNS=-0.109 | TNS=-0.826 | WHS=0.010  | THS=0.000  |

Phase 10.2 Hold Fix Iter | Checksum: b445619c

Time (s): cpu = 00:30:23 ; elapsed = 00:13:12 . Memory (MB): peak = 7469.027 ; gain = 625.770 ; free physical = 777 ; free virtual = 9478
Phase 10 Leaf Clock Prog Delay Opt | Checksum: c8ddd3bc

Time (s): cpu = 00:31:27 ; elapsed = 00:13:29 . Memory (MB): peak = 7469.027 ; gain = 625.770 ; free physical = 1119 ; free virtual = 9820

Phase 11 Depositing Routes
Phase 11 Depositing Routes | Checksum: c8ddd3bc

Time (s): cpu = 00:31:38 ; elapsed = 00:13:36 . Memory (MB): peak = 7485.035 ; gain = 641.777 ; free physical = 1109 ; free virtual = 9810

Phase 12 Resolve XTalk
Phase 12 Resolve XTalk | Checksum: c8ddd3bc

Time (s): cpu = 00:31:38 ; elapsed = 00:13:37 . Memory (MB): peak = 7485.035 ; gain = 641.777 ; free physical = 1109 ; free virtual = 9809

Phase 13 Post Router Timing
INFO: [Route 35-20] Post Routing Timing Summary | WNS=-0.108 | TNS=-0.827 | WHS=0.010  | THS=0.000  |

Phase 13 Post Router Timing | Checksum: 147457060

Time (s): cpu = 00:32:56 ; elapsed = 00:13:51 . Memory (MB): peak = 7485.035 ; gain = 641.777 ; free physical = 1106 ; free virtual = 9806
Time taken to check if laguna hold fix is required (in secs): 0

Phase 14 Physical Synthesis in Router

Phase 14.1 Physical Synthesis Initialization
INFO: [Physopt 32-668] Current Timing Summary | WNS=-0.108 | TNS=-0.827 | WHS=0.010 | THS=0.000 |
Phase 14.1 Physical Synthesis Initialization | Checksum: 147457060

Time (s): cpu = 00:33:33 ; elapsed = 00:14:06 . Memory (MB): peak = 7485.035 ; gain = 641.777 ; free physical = 964 ; free virtual = 9664

Phase 14.2 Critical Path Optimization
INFO: [Physopt 32-668] Current Timing Summary | WNS=-0.108 | TNS=-0.827 | WHS=0.010 | THS=0.000 |
INFO: [Physopt 32-953] Path group WNS did not improve. Path group: clk_out1_design_1_clk_wiz_0_0. Processed net: bdw/design_1_i/hier_0/tx_csum_0/inst/cum_calc/raw_csum_cal/M3/checksum_reg_n_0_[16].
INFO: [Physopt 32-952] Improved path group WNS = -0.082. Path group: clk_out1_design_1_clk_wiz_0_0. Processed net: bdw/design_1_i/hier_0/tx_csum_0/inst/FSM_hamming2_data_state_reg_n_0_[3].
INFO: [Physopt 32-953] Path group WNS did not improve. Path group: clk_out1_design_1_clk_wiz_0_0. Processed net: bdw/design_1_i/hier_0/tx_csum_0/inst/cum_calc/raw_csum_cal/genblk2[2].M1/csumEn_reg0_reg_n_0.
INFO: [Physopt 32-953] Path group WNS did not improve. Path group: clk_out1_design_1_clk_wiz_0_0. Processed net: bdw/design_1_i/hier_0/axis_data_fifo_5/inst/gen_fifo.xpm_fifo_axis_inst/xpm_fifo_base_inst/data_valid.
INFO: [Physopt 32-953] Path group WNS did not improve. Path group: clk_out1_design_1_clk_wiz_0_0. Processed net: bdw/design_1_i/hier_0/tx_csum_0/inst/cum_calc/raw_csum_cal/genblk1[1].M0/csum_begin_app[15][0].
INFO: [Physopt 32-668] Current Timing Summary | WNS=-0.082 | TNS=-0.292 | WHS=0.010 | THS=0.000 |
Phase 14.2 Critical Path Optimization | Checksum: 16922170a

Time (s): cpu = 00:34:08 ; elapsed = 00:14:20 . Memory (MB): peak = 7485.035 ; gain = 641.777 ; free physical = 960 ; free virtual = 9661
Netlist sorting complete. Time (s): cpu = 00:00:00.02 ; elapsed = 00:00:00.02 . Memory (MB): peak = 7485.035 ; gain = 0.000 ; free physical = 960 ; free virtual = 9660
INFO: [Physopt 32-669] Post Physical Optimization Timing Summary | WNS=-0.082 | TNS=-0.292 | WHS=0.010 | THS=0.000 |
Netlist sorting complete. Time (s): cpu = 00:00:00.02 ; elapsed = 00:00:00.02 . Memory (MB): peak = 7485.035 ; gain = 0.000 ; free physical = 960 ; free virtual = 9660
Phase 14 Physical Synthesis in Router | Checksum: 16922170a

Time (s): cpu = 00:34:11 ; elapsed = 00:14:22 . Memory (MB): peak = 7485.035 ; gain = 641.777 ; free physical = 1098 ; free virtual = 9798

Phase 15 Route finalize
Phase 15 Route finalize | Checksum: 16922170a

Time (s): cpu = 00:34:11 ; elapsed = 00:14:23 . Memory (MB): peak = 7485.035 ; gain = 641.777 ; free physical = 1098 ; free virtual = 9799
CRITICAL WARNING: [Route 35-39] The design did not meet timing requirements. Please run report_timing_summary for detailed reports.
Resolution: Verify that the timing was met or had small violations at all previous steps (synthesis, placement, power_opt, and phys_opt). Run report_timing_summary and analyze individual timing paths.
INFO: [Route 35-253] TNS is the sum of the worst slack violation on every endpoint in the design. Review the paths with the biggest WNS violations in the timing reports and modify your constraints or your design to improve both WNS and TNS.
INFO: [Route 35-16] Router Completed Successfully

Time (s): cpu = 00:34:11 ; elapsed = 00:14:23 . Memory (MB): peak = 7485.035 ; gain = 641.777 ; free physical = 1415 ; free virtual = 10115
INFO: [Common 17-83] Releasing license: Implementation
1707 Infos, 242 Warnings, 6 Critical Warnings and 0 Errors encountered.
route_design completed successfully
route_design: Time (s): cpu = 00:34:46 ; elapsed = 00:14:35 . Memory (MB): peak = 7485.035 ; gain = 641.777 ; free physical = 1415 ; free virtual = 10115
INFO: [Timing 38-480] Writing timing data to binary archive.
Writing XDEF routing.
Writing XDEF routing logical nets.
Writing XDEF routing special nets.
Write XDEF Complete: Time (s): cpu = 00:00:24 ; elapsed = 00:00:10 . Memory (MB): peak = 7485.035 ; gain = 0.000 ; free physical = 1199 ; free virtual = 10102
report_design_analysis: Time (s): cpu = 00:00:15 ; elapsed = 00:00:07 . Memory (MB): peak = 7485.035 ; gain = 0.000 ; free physical = 1172 ; free virtual = 10099
INFO: [Common 17-1381] The checkpoint '/home/agreshil/vivado_projects/i2c-master/x2o-vivado-usplus-control-i2c-master-pl/control/apex_kria/apex_kria.runs/impl_1/apex_control_mgt_top_routed.dcp' has been generated.
write_checkpoint: Time (s): cpu = 00:00:45 ; elapsed = 00:00:23 . Memory (MB): peak = 7485.035 ; gain = 0.000 ; free physical = 1307 ; free virtual = 10103
INFO: [runtcl-4] Executing : report_drc -file apex_control_mgt_top_drc_routed.rpt -pb apex_control_mgt_top_drc_routed.pb -rpx apex_control_mgt_top_drc_routed.rpx
Command: report_drc -file apex_control_mgt_top_drc_routed.rpt -pb apex_control_mgt_top_drc_routed.pb -rpx apex_control_mgt_top_drc_routed.rpx
INFO: [IP_Flow 19-1839] IP Catalog is up to date.
INFO: [DRC 23-27] Running DRC with 8 threads
INFO: [Vivado_Tcl 2-168] The results of DRC are in file /home/agreshil/vivado_projects/i2c-master/x2o-vivado-usplus-control-i2c-master-pl/control/apex_kria/apex_kria.runs/impl_1/apex_control_mgt_top_drc_routed.rpt.
report_drc completed successfully
report_drc: Time (s): cpu = 00:00:38 ; elapsed = 00:00:10 . Memory (MB): peak = 7485.035 ; gain = 0.000 ; free physical = 1324 ; free virtual = 10119
INFO: [runtcl-4] Executing : report_methodology -file apex_control_mgt_top_methodology_drc_routed.rpt -pb apex_control_mgt_top_methodology_drc_routed.pb -rpx apex_control_mgt_top_methodology_drc_routed.rpx
Command: report_methodology -file apex_control_mgt_top_methodology_drc_routed.rpt -pb apex_control_mgt_top_methodology_drc_routed.pb -rpx apex_control_mgt_top_methodology_drc_routed.rpx
INFO: [Timing 38-35] Done setting XDC timing constraints.
WARNING: [Timing 38-3] User defined clock exists on pin c2c_mgt/c2c_gth/inst/gen_gtwizard_gthe4_top.c2c_gth_7p8125g_gtwizard_gthe4_inst/gen_gtwizard_gthe4.gen_channel_container[1].gen_enabled_channel.gthe4_channel_wrapper_inst/channel_inst/gthe4_channel_gen.gen_gthe4_channel_inst[0].GTHE4_CHANNEL_PRIM_INST/TXOUTCLK [See /home/agreshil/vivado_projects/i2c-master/x2o-vivado-usplus-control-i2c-master-pl/control/apex_kria/apex_kria.srcs/constrs_1/imports/new/7015_primary.xdc:107] and will prevent any subsequent automatic derivation of generated clocks on that pin. If the user defined clock specifies '-add', any existing auto-derived clocks on that pin are retained.
WARNING: [Timing 38-3] User defined clock exists on pin c2c_mgt/c2c_gth/inst/gen_gtwizard_gthe4_top.c2c_gth_7p8125g_gtwizard_gthe4_inst/gen_gtwizard_gthe4.gen_channel_container[1].gen_enabled_channel.gthe4_channel_wrapper_inst/channel_inst/gthe4_channel_gen.gen_gthe4_channel_inst[1].GTHE4_CHANNEL_PRIM_INST/TXOUTCLK [See /home/agreshil/vivado_projects/i2c-master/x2o-vivado-usplus-control-i2c-master-pl/control/apex_kria/apex_kria.srcs/constrs_1/imports/new/7015_primary.xdc:108] and will prevent any subsequent automatic derivation of generated clocks on that pin. If the user defined clock specifies '-add', any existing auto-derived clocks on that pin are retained.
INFO: [DRC 23-133] Running Methodology with 8 threads
INFO: [Vivado_Tcl 2-1520] The results of Report Methodology are in file /home/agreshil/vivado_projects/i2c-master/x2o-vivado-usplus-control-i2c-master-pl/control/apex_kria/apex_kria.runs/impl_1/apex_control_mgt_top_methodology_drc_routed.rpt.
report_methodology completed successfully
report_methodology: Time (s): cpu = 00:01:31 ; elapsed = 00:00:21 . Memory (MB): peak = 7485.035 ; gain = 0.000 ; free physical = 1341 ; free virtual = 10137
INFO: [runtcl-4] Executing : report_power -file apex_control_mgt_top_power_routed.rpt -pb apex_control_mgt_top_power_summary_routed.pb -rpx apex_control_mgt_top_power_routed.rpx
Command: report_power -file apex_control_mgt_top_power_routed.rpt -pb apex_control_mgt_top_power_summary_routed.pb -rpx apex_control_mgt_top_power_routed.rpx
INFO: [Timing 38-35] Done setting XDC timing constraints.
WARNING: [Timing 38-3] User defined clock exists on pin c2c_mgt/c2c_gth/inst/gen_gtwizard_gthe4_top.c2c_gth_7p8125g_gtwizard_gthe4_inst/gen_gtwizard_gthe4.gen_channel_container[1].gen_enabled_channel.gthe4_channel_wrapper_inst/channel_inst/gthe4_channel_gen.gen_gthe4_channel_inst[0].GTHE4_CHANNEL_PRIM_INST/TXOUTCLK [See /home/agreshil/vivado_projects/i2c-master/x2o-vivado-usplus-control-i2c-master-pl/control/apex_kria/apex_kria.srcs/constrs_1/imports/new/7015_primary.xdc:107] and will prevent any subsequent automatic derivation of generated clocks on that pin. If the user defined clock specifies '-add', any existing auto-derived clocks on that pin are retained.
WARNING: [Timing 38-3] User defined clock exists on pin c2c_mgt/c2c_gth/inst/gen_gtwizard_gthe4_top.c2c_gth_7p8125g_gtwizard_gthe4_inst/gen_gtwizard_gthe4.gen_channel_container[1].gen_enabled_channel.gthe4_channel_wrapper_inst/channel_inst/gthe4_channel_gen.gen_gthe4_channel_inst[1].GTHE4_CHANNEL_PRIM_INST/TXOUTCLK [See /home/agreshil/vivado_projects/i2c-master/x2o-vivado-usplus-control-i2c-master-pl/control/apex_kria/apex_kria.srcs/constrs_1/imports/new/7015_primary.xdc:108] and will prevent any subsequent automatic derivation of generated clocks on that pin. If the user defined clock specifies '-add', any existing auto-derived clocks on that pin are retained.
Running Vector-less Activity Propagation...

Finished Running Vector-less Activity Propagation
WARNING: [Power 33-332] Found switching activity that implies high-fanout reset nets being asserted for excessive periods of time which may result in inaccurate power analysis.
Resolution: To review and fix problems, please run Power Constraints Advisor in the GUI from Tools > Power Constraints Advisor or run report_power with the -advisory option to generate a text report.
1719 Infos, 247 Warnings, 6 Critical Warnings and 0 Errors encountered.
report_power completed successfully
report_power: Time (s): cpu = 00:01:09 ; elapsed = 00:00:25 . Memory (MB): peak = 7509.047 ; gain = 24.012 ; free physical = 1216 ; free virtual = 10028
INFO: [runtcl-4] Executing : report_route_status -file apex_control_mgt_top_route_status.rpt -pb apex_control_mgt_top_route_status.pb
INFO: [runtcl-4] Executing : report_timing_summary -max_paths 10 -report_unconstrained -file apex_control_mgt_top_timing_summary_routed.rpt -pb apex_control_mgt_top_timing_summary_routed.pb -rpx apex_control_mgt_top_timing_summary_routed.rpx -warn_on_violation 
INFO: [Timing 38-91] UpdateTimingParams: Speed grade: -2LV, Temperature grade: C, Delay Type: min_max.
INFO: [Timing 38-191] Multithreading enabled for timing update using a maximum of 8 CPUs
CRITICAL WARNING: [Timing 38-282] The design failed to meet the timing requirements. Please see the timing summary report for details on the timing violations.
WARNING: [Timing 38-436] There are set_bus_skew constraint(s) in this design. Please run report_bus_skew to ensure that bus skew requirements are met.
report_timing_summary: Time (s): cpu = 00:00:19 ; elapsed = 00:00:05 . Memory (MB): peak = 7509.047 ; gain = 0.000 ; free physical = 1145 ; free virtual = 9972
INFO: [runtcl-4] Executing : report_incremental_reuse -file apex_control_mgt_top_incremental_reuse_routed.rpt
INFO: [Vivado_Tcl 4-1062] Incremental flow is disabled. No incremental reuse Info to report.
INFO: [runtcl-4] Executing : report_clock_utilization -file apex_control_mgt_top_clock_utilization_routed.rpt
report_clock_utilization: Time (s): cpu = 00:00:07 ; elapsed = 00:00:07 . Memory (MB): peak = 7509.047 ; gain = 0.000 ; free physical = 1130 ; free virtual = 9957
INFO: [runtcl-4] Executing : report_bus_skew -warn_on_violation -file apex_control_mgt_top_bus_skew_routed.rpt -pb apex_control_mgt_top_bus_skew_routed.pb -rpx apex_control_mgt_top_bus_skew_routed.rpx
INFO: [Timing 38-91] UpdateTimingParams: Speed grade: -2LV, Temperature grade: C, Delay Type: min_max.
INFO: [Timing 38-191] Multithreading enabled for timing update using a maximum of 8 CPUs

WARNING::74 - Unsupported FPGA device name 'xck26-sfvc784-2LV-c'. Verify that the specified device is a valid customer supported device.
-p xck26-sfvc784-2LV-c
   ^

INFO: [Memdata 28-208] The XPM instance: <bdw/design_1_i/hier_0/tx_csum_0/inst/data_fifo_i/axis_data_fifo_0/inst/gen_fifo.xpm_fifo_axis_inst/xpm_fifo_base_inst/gen_sdpram.xpm_memory_base_inst> is part of IP: <bdw/design_1_i/hier_0/tx_csum_0/inst/data_fifo_i/axis_data_fifo_0>. This XPM instance will be excluded from the .mmi because updatemem is prohibited from making changes to an XPM that is part of an IP.
INFO: [Memdata 28-167] Found XPM memory block bdw/design_1_i/hier_0/axis_data_fifo_5/inst/gen_fifo.xpm_fifo_axis_inst/xpm_fifo_base_inst/gen_sdpram.xpm_memory_base_inst with a P_MEMORY_PRIMITIVE property set to auto. A value of block is required. You will not be able to use the updatemem program to update the bitstream with new data for the bdw/design_1_i/hier_0/axis_data_fifo_5/inst/gen_fifo.xpm_fifo_axis_inst/xpm_fifo_base_inst/gen_sdpram.xpm_memory_base_inst block.
INFO: [Memdata 28-208] The XPM instance: <bdw/design_1_i/hier_0/axis_data_fifo_4/inst/gen_fifo.xpm_fifo_axis_inst/xpm_fifo_base_inst/gen_sdpram.xpm_memory_base_inst> is part of IP: <bdw/design_1_i/hier_0/axis_data_fifo_4>. This XPM instance will be excluded from the .mmi because updatemem is prohibited from making changes to an XPM that is part of an IP.
INFO: [Memdata 28-208] The XPM instance: <bdw/design_1_i/hier_0/axis_data_fifo_3/inst/gen_fifo.xpm_fifo_axis_inst/xpm_fifo_base_inst/gen_sdpram.xpm_memory_base_inst> is part of IP: <bdw/design_1_i/hier_0/axis_data_fifo_3>. This XPM instance will be excluded from the .mmi because updatemem is prohibited from making changes to an XPM that is part of an IP.
INFO: [Memdata 28-208] The XPM instance: <bdw/design_1_i/hier_0/axis_data_fifo_2/inst/gen_fifo.xpm_fifo_axis_inst/xpm_fifo_base_inst/gen_sdpram.xpm_memory_base_inst> is part of IP: <bdw/design_1_i/hier_0/axis_data_fifo_2>. This XPM instance will be excluded from the .mmi because updatemem is prohibited from making changes to an XPM that is part of an IP.
INFO: [Memdata 28-208] The XPM instance: <bdw/design_1_i/hier_0/axis_data_fifo_1/inst/gen_fifo.xpm_fifo_axis_inst/xpm_fifo_base_inst/gen_sdpram.xpm_memory_base_inst> is part of IP: <bdw/design_1_i/hier_0/axis_data_fifo_1>. This XPM instance will be excluded from the .mmi because updatemem is prohibited from making changes to an XPM that is part of an IP.
INFO: [Memdata 28-208] The XPM instance: <bdw/design_1_i/hier_0/axi_mcdma_0/U0/I_PRMRY_DATAMOVER/GEN_S2MM_FULL.I_S2MM_FULL_WRAPPER/I_CMD_STATUS/I_CMD_FIFO/USE_ASYNC_FIFO.I_ASYNC_FIFO/I_ASYNC_FIFOGEN_FIFO/xpm_fifo_instance.xpm_fifo_async_inst/gnuram_async_fifo.xpm_fifo_base_inst/gen_sdpram.xpm_memory_base_inst> is part of IP: <bdw/design_1_i/hier_0/axi_mcdma_0>. This XPM instance will be excluded from the .mmi because updatemem is prohibited from making changes to an XPM that is part of an IP.
INFO: [Memdata 28-208] The XPM instance: <bdw/design_1_i/hier_0/axi_mcdma_0/U0/I_PRMRY_DATAMOVER/GEN_S2MM_FULL.I_S2MM_FULL_WRAPPER/I_CMD_STATUS/GEN_INCLUDE_STATUS_FIFO.I_STS_FIFO/USE_ASYNC_FIFO.I_ASYNC_FIFO/I_ASYNC_FIFOGEN_FIFO/xpm_fifo_instance.xpm_fifo_async_inst/gnuram_async_fifo.xpm_fifo_base_inst/gen_sdpram.xpm_memory_base_inst> is part of IP: <bdw/design_1_i/hier_0/axi_mcdma_0>. This XPM instance will be excluded from the .mmi because updatemem is prohibited from making changes to an XPM that is part of an IP.
INFO: [Memdata 28-167] Found XPM memory block bdw/design_1_i/hier_0/axi_mcdma_0/U0/I_PRMRY_DATAMOVER/GEN_S2MM_FULL.I_S2MM_FULL_WRAPPER/GEN_ENABLE_INDET_BTT_SF.I_INDET_BTT/I_XD_FIFO/NON_BLK_MEM.I_SYNC_FIFOGEN_FIFO/xpm_fifo_instance.xpm_fifo_sync_inst/xpm_fifo_base_inst/gen_sdpram.xpm_memory_base_inst with a P_MEMORY_PRIMITIVE property set to auto. A value of block is required. You will not be able to use the updatemem program to update the bitstream with new data for the bdw/design_1_i/hier_0/axi_mcdma_0/U0/I_PRMRY_DATAMOVER/GEN_S2MM_FULL.I_S2MM_FULL_WRAPPER/GEN_ENABLE_INDET_BTT_SF.I_INDET_BTT/I_XD_FIFO/NON_BLK_MEM.I_SYNC_FIFOGEN_FIFO/xpm_fifo_instance.xpm_fifo_sync_inst/xpm_fifo_base_inst/gen_sdpram.xpm_memory_base_inst block.
INFO: [Memdata 28-208] The XPM instance: <bdw/design_1_i/hier_0/axi_mcdma_0/U0/I_PRMRY_DATAMOVER/GEN_S2MM_FULL.I_S2MM_FULL_WRAPPER/GEN_ENABLE_INDET_BTT_SF.I_INDET_BTT/I_DATA_FIFO/BLK_MEM.I_SYNC_FIFOGEN_FIFO/xpm_fifo_instance.xpm_fifo_sync_inst/xpm_fifo_base_inst/gen_sdpram.xpm_memory_base_inst> is part of IP: <bdw/design_1_i/hier_0/axi_mcdma_0>. This XPM instance will be excluded from the .mmi because updatemem is prohibited from making changes to an XPM that is part of an IP.
INFO: [Memdata 28-208] The XPM instance: <bdw/design_1_i/hier_0/axi_mcdma_0/U0/I_PRMRY_DATAMOVER/GEN_MM2S_FULL.I_MM2S_FULL_WRAPPER/I_CMD_STATUS/I_CMD_FIFO/USE_ASYNC_FIFO.I_ASYNC_FIFO/I_ASYNC_FIFOGEN_FIFO/xpm_fifo_instance.xpm_fifo_async_inst/gnuram_async_fifo.xpm_fifo_base_inst/gen_sdpram.xpm_memory_base_inst> is part of IP: <bdw/design_1_i/hier_0/axi_mcdma_0>. This XPM instance will be excluded from the .mmi because updatemem is prohibited from making changes to an XPM that is part of an IP.
INFO: [Memdata 28-208] The XPM instance: <bdw/design_1_i/hier_0/axi_mcdma_0/U0/I_PRMRY_DATAMOVER/GEN_MM2S_FULL.I_MM2S_FULL_WRAPPER/I_CMD_STATUS/GEN_INCLUDE_STATUS_FIFO.I_STS_FIFO/USE_ASYNC_FIFO.I_ASYNC_FIFO/I_ASYNC_FIFOGEN_FIFO/xpm_fifo_instance.xpm_fifo_async_inst/gnuram_async_fifo.xpm_fifo_base_inst/gen_sdpram.xpm_memory_base_inst> is part of IP: <bdw/design_1_i/hier_0/axi_mcdma_0>. This XPM instance will be excluded from the .mmi because updatemem is prohibited from making changes to an XPM that is part of an IP.
INFO: [Memdata 28-208] The XPM instance: <bdw/design_1_i/hier_0/axi_mcdma_0/U0/I_PRMRY_DATAMOVER/GEN_MM2S_FULL.I_MM2S_FULL_WRAPPER/GEN_INCLUDE_MM2S_SF.I_RD_SF/I_DATA_FIFO/BLK_MEM.I_SYNC_FIFOGEN_FIFO/xpm_fifo_instance.xpm_fifo_sync_inst/xpm_fifo_base_inst/gen_sdpram.xpm_memory_base_inst> is part of IP: <bdw/design_1_i/hier_0/axi_mcdma_0>. This XPM instance will be excluded from the .mmi because updatemem is prohibited from making changes to an XPM that is part of an IP.
INFO: [Memdata 28-167] Found XPM memory block bdw/design_1_i/hier_0/axi_mcdma_0/U0/INCLUDE_S2MM_SOF_EOF_GENERATOR.I_S2MM_SOFEOF_GEN/GEN_FOR_ASYNC.I_SOF_EOF_FIFO/I_ASYNC_FIFOGEN_FIFO/xpm_fifo_instance.xpm_fifo_async_inst/gnuram_async_fifo.xpm_fifo_base_inst/gen_sdpram.xpm_memory_base_inst with a P_MEMORY_PRIMITIVE property set to auto. A value of block is required. You will not be able to use the updatemem program to update the bitstream with new data for the bdw/design_1_i/hier_0/axi_mcdma_0/U0/INCLUDE_S2MM_SOF_EOF_GENERATOR.I_S2MM_SOFEOF_GEN/GEN_FOR_ASYNC.I_SOF_EOF_FIFO/I_ASYNC_FIFOGEN_FIFO/xpm_fifo_instance.xpm_fifo_async_inst/gnuram_async_fifo.xpm_fifo_base_inst/gen_sdpram.xpm_memory_base_inst block.
INFO: [Memdata 28-167] Found XPM memory block bdw/design_1_i/hier_0/axi_mcdma_0/U0/INCLUDE_S2MM_SOF_EOF_GENERATOR.I_S2MM_DMA_MNGR/GEN_S2MM_DMA_CONTROL.I_S2MM_CMDSTS/ASYNC_FIFO.I_STSSTRM_FIFO_TUSER/I_ASYNC_FIFOGEN_FIFO/xpm_fifo_instance.xpm_fifo_async_inst/gnuram_async_fifo.xpm_fifo_base_inst/gen_sdpram.xpm_memory_base_inst with a P_MEMORY_PRIMITIVE property set to auto. A value of block is required. You will not be able to use the updatemem program to update the bitstream with new data for the bdw/design_1_i/hier_0/axi_mcdma_0/U0/INCLUDE_S2MM_SOF_EOF_GENERATOR.I_S2MM_DMA_MNGR/GEN_S2MM_DMA_CONTROL.I_S2MM_CMDSTS/ASYNC_FIFO.I_STSSTRM_FIFO_TUSER/I_ASYNC_FIFOGEN_FIFO/xpm_fifo_instance.xpm_fifo_async_inst/gnuram_async_fifo.xpm_fifo_base_inst/gen_sdpram.xpm_memory_base_inst block.
INFO: [Memdata 28-167] Found XPM memory block bdw/design_1_i/hier_0/axi_mcdma_0/U0/INCLUDE_S2MM_SOF_EOF_GENERATOR.I_S2MM_DMA_MNGR/GEN_S2MM_DMA_CONTROL.I_S2MM_CMDSTS/ASYNC_FIFO.I_STSSTRM_FIFO_TID_TDEST/I_ASYNC_FIFOGEN_FIFO/xpm_fifo_instance.xpm_fifo_async_inst/gnuram_async_fifo.xpm_fifo_base_inst/gen_sdpram.xpm_memory_base_inst with a P_MEMORY_PRIMITIVE property set to auto. A value of block is required. You will not be able to use the updatemem program to update the bitstream with new data for the bdw/design_1_i/hier_0/axi_mcdma_0/U0/INCLUDE_S2MM_SOF_EOF_GENERATOR.I_S2MM_DMA_MNGR/GEN_S2MM_DMA_CONTROL.I_S2MM_CMDSTS/ASYNC_FIFO.I_STSSTRM_FIFO_TID_TDEST/I_ASYNC_FIFOGEN_FIFO/xpm_fifo_instance.xpm_fifo_async_inst/gnuram_async_fifo.xpm_fifo_base_inst/gen_sdpram.xpm_memory_base_inst block.
INFO: [Memdata 28-167] Found XPM memory block bdw/design_1_i/hier_0/axi_mcdma_0/U0/INCLUDE_S2MM_SOF_EOF_GENERATOR.I_S2MM_DMA_MNGR/GEN_S2MM_DMA_CONTROL.GEN_STS_STREAM.I_S2MM_STS_STREAM/GEN_ASYNC_FIFO.I_STSSTRM_FIFO/I_ASYNC_FIFOGEN_FIFO/xpm_fifo_instance.xpm_fifo_async_inst/gnuram_async_fifo.xpm_fifo_base_inst/gen_sdpram.xpm_memory_base_inst with a P_MEMORY_PRIMITIVE property set to auto. A value of block is required. You will not be able to use the updatemem program to update the bitstream with new data for the bdw/design_1_i/hier_0/axi_mcdma_0/U0/INCLUDE_S2MM_SOF_EOF_GENERATOR.I_S2MM_DMA_MNGR/GEN_S2MM_DMA_CONTROL.GEN_STS_STREAM.I_S2MM_STS_STREAM/GEN_ASYNC_FIFO.I_STSSTRM_FIFO/I_ASYNC_FIFOGEN_FIFO/xpm_fifo_instance.xpm_fifo_async_inst/gnuram_async_fifo.xpm_fifo_base_inst/gen_sdpram.xpm_memory_base_inst block.
INFO: [Memdata 28-208] The XPM instance: <bdw/design_1_i/hier_0/axi_mcdma_0/U0/INCLUDE_S2MM_SOF_EOF_GENERATOR.INCLUDE_BUF_FIFO.I_BUF_FIFO/xpm_fifo_instance.xpm_fifo_sync_inst/xpm_fifo_base_inst/gen_sdpram.xpm_memory_base_inst> is part of IP: <bdw/design_1_i/hier_0/axi_mcdma_0>. This XPM instance will be excluded from the .mmi because updatemem is prohibited from making changes to an XPM that is part of an IP.
INFO: [Memdata 28-208] The XPM instance: <bdw/design_1_i/hier_0/axi_mcdma_0/U0/INCLUDE_S2MM_SOF_EOF_GENERATOR.INCLUDE_BUF_FIFO.INCLUDE_STS_FIFO.I_BUF_STS_FIFO/xpm_fifo_instance.xpm_fifo_sync_inst/xpm_fifo_base_inst/gen_sdpram.xpm_memory_base_inst> is part of IP: <bdw/design_1_i/hier_0/axi_mcdma_0>. This XPM instance will be excluded from the .mmi because updatemem is prohibited from making changes to an XPM that is part of an IP.
INFO: [Memdata 28-167] Found XPM memory block bdw/design_1_i/hier_0/axi_mcdma_0/U0/INCLUDE_MM2S_SOF_EOF_GENERATOR.I_MM2S_SOFEOF_GEN/GEN_FOR_ASYNC.I_SOF_EOF_FIFO/I_ASYNC_FIFOGEN_FIFO/xpm_fifo_instance.xpm_fifo_async_inst/gnuram_async_fifo.xpm_fifo_base_inst/gen_sdpram.xpm_memory_base_inst with a P_MEMORY_PRIMITIVE property set to auto. A value of block is required. You will not be able to use the updatemem program to update the bitstream with new data for the bdw/design_1_i/hier_0/axi_mcdma_0/U0/INCLUDE_MM2S_SOF_EOF_GENERATOR.I_MM2S_SOFEOF_GEN/GEN_FOR_ASYNC.I_SOF_EOF_FIFO/I_ASYNC_FIFOGEN_FIFO/xpm_fifo_instance.xpm_fifo_async_inst/gnuram_async_fifo.xpm_fifo_base_inst/gen_sdpram.xpm_memory_base_inst block.
INFO: [Memdata 28-167] Found XPM memory block bdw/design_1_i/hier_0/axi_mcdma_0/U0/INCLUDE_MM2S_SOF_EOF_GENERATOR.I_MM2S_DMA_MNGR/GEN_MM2S_DMA_CONTROL.GEN_SCATTER_GATHER_MODE.I_MM2S_TDEST_FIFO/GEN_ASYNC_FIFO.I_TUSER_FIFO/I_ASYNC_FIFOGEN_FIFO/xpm_fifo_instance.xpm_fifo_async_inst/gnuram_async_fifo.xpm_fifo_base_inst/gen_sdpram.xpm_memory_base_inst with a P_MEMORY_PRIMITIVE property set to auto. A value of block is required. You will not be able to use the updatemem program to update the bitstream with new data for the bdw/design_1_i/hier_0/axi_mcdma_0/U0/INCLUDE_MM2S_SOF_EOF_GENERATOR.I_MM2S_DMA_MNGR/GEN_MM2S_DMA_CONTROL.GEN_SCATTER_GATHER_MODE.I_MM2S_TDEST_FIFO/GEN_ASYNC_FIFO.I_TUSER_FIFO/I_ASYNC_FIFOGEN_FIFO/xpm_fifo_instance.xpm_fifo_async_inst/gnuram_async_fifo.xpm_fifo_base_inst/gen_sdpram.xpm_memory_base_inst block.
INFO: [Memdata 28-167] Found XPM memory block bdw/design_1_i/hier_0/axi_mcdma_0/U0/INCLUDE_MM2S_SOF_EOF_GENERATOR.I_MM2S_DMA_MNGR/GEN_MM2S_DMA_CONTROL.GEN_SCATTER_GATHER_MODE.I_MM2S_TDEST_FIFO/GEN_ASYNC_FIFO.I_TDEST_TID_FIFO/I_ASYNC_FIFOGEN_FIFO/xpm_fifo_instance.xpm_fifo_async_inst/gnuram_async_fifo.xpm_fifo_base_inst/gen_sdpram.xpm_memory_base_inst with a P_MEMORY_PRIMITIVE property set to auto. A value of block is required. You will not be able to use the updatemem program to update the bitstream with new data for the bdw/design_1_i/hier_0/axi_mcdma_0/U0/INCLUDE_MM2S_SOF_EOF_GENERATOR.I_MM2S_DMA_MNGR/GEN_MM2S_DMA_CONTROL.GEN_SCATTER_GATHER_MODE.I_MM2S_TDEST_FIFO/GEN_ASYNC_FIFO.I_TDEST_TID_FIFO/I_ASYNC_FIFOGEN_FIFO/xpm_fifo_instance.xpm_fifo_async_inst/gnuram_async_fifo.xpm_fifo_base_inst/gen_sdpram.xpm_memory_base_inst block.
INFO: [Memdata 28-167] Found XPM memory block bdw/design_1_i/hier_0/axi_mcdma_0/U0/INCLUDE_MM2S_SOF_EOF_GENERATOR.I_MM2S_DMA_MNGR/GEN_MM2S_DMA_CONTROL.GEN_CNTRL_STREAM.I_MM2S_CNTRL_STREAM/GEN_ASYNC_FIFO.I_CNTRL_STRM_FIFO/I_ASYNC_FIFOGEN_FIFO/xpm_fifo_instance.xpm_fifo_async_inst/gnuram_async_fifo.xpm_fifo_base_inst/gen_sdpram.xpm_memory_base_inst with a P_MEMORY_PRIMITIVE property set to auto. A value of block is required. You will not be able to use the updatemem program to update the bitstream with new data for the bdw/design_1_i/hier_0/axi_mcdma_0/U0/INCLUDE_MM2S_SOF_EOF_GENERATOR.I_MM2S_DMA_MNGR/GEN_MM2S_DMA_CONTROL.GEN_CNTRL_STREAM.I_MM2S_CNTRL_STREAM/GEN_ASYNC_FIFO.I_CNTRL_STRM_FIFO/I_ASYNC_FIFOGEN_FIFO/xpm_fifo_instance.xpm_fifo_async_inst/gnuram_async_fifo.xpm_fifo_base_inst/gen_sdpram.xpm_memory_base_inst block.
INFO: [Memdata 28-208] The XPM instance: <bdw/design_1_i/hier_0/axi_mcdma_0/U0/GEN_SG_ENGINE.I_SG_ENGINE/I_SG_FETCH_QUEUE/GEN_S2MM_FTCH_Q_IF.FTCH_QUEUE_I/I_FTCH_BRAM/USE_XPM.xpm_memory_sdpram_inst/xpm_memory_base_inst> is part of IP: <bdw/design_1_i/hier_0/axi_mcdma_0>. This XPM instance will be excluded from the .mmi because updatemem is prohibited from making changes to an XPM that is part of an IP.
INFO: [Memdata 28-208] The XPM instance: <bdw/design_1_i/hier_0/axi_mcdma_0/U0/GEN_SG_ENGINE.I_SG_ENGINE/I_SG_FETCH_QUEUE/GEN_MM2S_FTCH_Q_IF.FTCH_QUEUE_I/I_FTCH_BRAM/USE_XPM.xpm_memory_sdpram_inst/xpm_memory_base_inst> is part of IP: <bdw/design_1_i/hier_0/axi_mcdma_0>. This XPM instance will be excluded from the .mmi because updatemem is prohibited from making changes to an XPM that is part of an IP.
INFO: [Memdata 28-167] Found XPM memory block bdw/design_1_i/axis_data_fifo_0/inst/gen_fifo.xpm_fifo_axis_inst/xpm_fifo_base_inst/gen_sdpram.xpm_memory_base_inst with a P_MEMORY_PRIMITIVE property set to auto. A value of block is required. You will not be able to use the updatemem program to update the bitstream with new data for the bdw/design_1_i/axis_data_fifo_0/inst/gen_fifo.xpm_fifo_axis_inst/xpm_fifo_base_inst/gen_sdpram.xpm_memory_base_inst block.
INFO: [Memdata 28-167] Found XPM memory block bdw/design_1_i/axi_dma_0/U0/I_PRMRY_DATAMOVER/GEN_S2MM_FULL.I_S2MM_FULL_WRAPPER/GEN_ENABLE_INDET_BTT_SF.I_INDET_BTT/I_XD_FIFO/NON_BLK_MEM.I_SYNC_FIFOGEN_FIFO/xpm_fifo_instance.xpm_fifo_sync_inst/xpm_fifo_base_inst/gen_sdpram.xpm_memory_base_inst with a P_MEMORY_PRIMITIVE property set to auto. A value of block is required. You will not be able to use the updatemem program to update the bitstream with new data for the bdw/design_1_i/axi_dma_0/U0/I_PRMRY_DATAMOVER/GEN_S2MM_FULL.I_S2MM_FULL_WRAPPER/GEN_ENABLE_INDET_BTT_SF.I_INDET_BTT/I_XD_FIFO/NON_BLK_MEM.I_SYNC_FIFOGEN_FIFO/xpm_fifo_instance.xpm_fifo_sync_inst/xpm_fifo_base_inst/gen_sdpram.xpm_memory_base_inst block.
INFO: [Memdata 28-208] The XPM instance: <bdw/design_1_i/axi_dma_0/U0/I_PRMRY_DATAMOVER/GEN_S2MM_FULL.I_S2MM_FULL_WRAPPER/GEN_ENABLE_INDET_BTT_SF.I_INDET_BTT/I_DATA_FIFO/BLK_MEM.I_SYNC_FIFOGEN_FIFO/xpm_fifo_instance.xpm_fifo_sync_inst/xpm_fifo_base_inst/gen_sdpram.xpm_memory_base_inst> is part of IP: <bdw/design_1_i/axi_dma_0>. This XPM instance will be excluded from the .mmi because updatemem is prohibited from making changes to an XPM that is part of an IP.
INFO: [Memdata 28-208] The XPM instance: <bdw/design_1_i/axi_dma_0/U0/I_PRMRY_DATAMOVER/GEN_MM2S_FULL.I_MM2S_FULL_WRAPPER/GEN_INCLUDE_MM2S_SF.I_RD_SF/I_DATA_FIFO/BLK_MEM.I_SYNC_FIFOGEN_FIFO/xpm_fifo_instance.xpm_fifo_sync_inst/xpm_fifo_base_inst/gen_sdpram.xpm_memory_base_inst> is part of IP: <bdw/design_1_i/axi_dma_0>. This XPM instance will be excluded from the .mmi because updatemem is prohibited from making changes to an XPM that is part of an IP.
INFO: [Memdata 28-208] The XPM instance: <bdw/design_1_i/C2C/axi_chip2chip_1/inst/master_fpga_gen.axi_chip2chip_master_inst/axi_chip2chip_w_fifo_inst/axi_chip2chip_async_fifo_inst/xpm_fifo_async_inst/gnuram_async_fifo.xpm_fifo_base_inst/gen_sdpram.xpm_memory_base_inst> is part of IP: <bdw/design_1_i/C2C/axi_chip2chip_1>. This XPM instance will be excluded from the .mmi because updatemem is prohibited from making changes to an XPM that is part of an IP.
INFO: [Memdata 28-208] The XPM instance: <bdw/design_1_i/C2C/axi_chip2chip_1/inst/master_fpga_gen.axi_chip2chip_master_inst/axi_chip2chip_r_fifo_inst/axi_chip2chip_async_fifo_inst/xpm_fifo_async_inst/gnuram_async_fifo.xpm_fifo_base_inst/gen_sdpram.xpm_memory_base_inst> is part of IP: <bdw/design_1_i/C2C/axi_chip2chip_1>. This XPM instance will be excluded from the .mmi because updatemem is prohibited from making changes to an XPM that is part of an IP.
INFO: [Memdata 28-167] Found XPM memory block bdw/design_1_i/C2C/axi_chip2chip_1/inst/master_fpga_gen.axi_chip2chip_master_inst/axi_chip2chip_b_fifo_inst/axi_chip2chip_async_fifo_inst/xpm_fifo_async_inst/gnuram_async_fifo.xpm_fifo_base_inst/gen_sdpram.xpm_memory_base_inst with a P_MEMORY_PRIMITIVE property set to distributed. A value of block is required. You will not be able to use the updatemem program to update the bitstream with new data for the bdw/design_1_i/C2C/axi_chip2chip_1/inst/master_fpga_gen.axi_chip2chip_master_inst/axi_chip2chip_b_fifo_inst/axi_chip2chip_async_fifo_inst/xpm_fifo_async_inst/gnuram_async_fifo.xpm_fifo_base_inst/gen_sdpram.xpm_memory_base_inst block.
INFO: [Memdata 28-208] The XPM instance: <bdw/design_1_i/C2C/axi_chip2chip_1/inst/master_fpga_gen.axi_chip2chip_master_inst/axi_chip2chip_aw_fifo_inst/axi_chip2chip_async_fifo_inst/xpm_fifo_async_inst/gnuram_async_fifo.xpm_fifo_base_inst/gen_sdpram.xpm_memory_base_inst> is part of IP: <bdw/design_1_i/C2C/axi_chip2chip_1>. This XPM instance will be excluded from the .mmi because updatemem is prohibited from making changes to an XPM that is part of an IP.
INFO: [Memdata 28-208] The XPM instance: <bdw/design_1_i/C2C/axi_chip2chip_1/inst/master_fpga_gen.axi_chip2chip_master_inst/axi_chip2chip_ar_fifo_inst/axi_chip2chip_async_fifo_inst/xpm_fifo_async_inst/gnuram_async_fifo.xpm_fifo_base_inst/gen_sdpram.xpm_memory_base_inst> is part of IP: <bdw/design_1_i/C2C/axi_chip2chip_1>. This XPM instance will be excluded from the .mmi because updatemem is prohibited from making changes to an XPM that is part of an IP.
INFO: [Memdata 28-208] The XPM instance: <bdw/design_1_i/C2C/axi_chip2chip_0/inst/master_fpga_gen.axi_chip2chip_master_inst/axi_chip2chip_w_fifo_inst/axi_chip2chip_async_fifo_inst/xpm_fifo_async_inst/gnuram_async_fifo.xpm_fifo_base_inst/gen_sdpram.xpm_memory_base_inst> is part of IP: <bdw/design_1_i/C2C/axi_chip2chip_0>. This XPM instance will be excluded from the .mmi because updatemem is prohibited from making changes to an XPM that is part of an IP.
INFO: [Memdata 28-208] The XPM instance: <bdw/design_1_i/C2C/axi_chip2chip_0/inst/master_fpga_gen.axi_chip2chip_master_inst/axi_chip2chip_r_fifo_inst/axi_chip2chip_async_fifo_inst/xpm_fifo_async_inst/gnuram_async_fifo.xpm_fifo_base_inst/gen_sdpram.xpm_memory_base_inst> is part of IP: <bdw/design_1_i/C2C/axi_chip2chip_0>. This XPM instance will be excluded from the .mmi because updatemem is prohibited from making changes to an XPM that is part of an IP.
INFO: [Memdata 28-167] Found XPM memory block bdw/design_1_i/C2C/axi_chip2chip_0/inst/master_fpga_gen.axi_chip2chip_master_inst/axi_chip2chip_b_fifo_inst/axi_chip2chip_async_fifo_inst/xpm_fifo_async_inst/gnuram_async_fifo.xpm_fifo_base_inst/gen_sdpram.xpm_memory_base_inst with a P_MEMORY_PRIMITIVE property set to distributed. A value of block is required. You will not be able to use the updatemem program to update the bitstream with new data for the bdw/design_1_i/C2C/axi_chip2chip_0/inst/master_fpga_gen.axi_chip2chip_master_inst/axi_chip2chip_b_fifo_inst/axi_chip2chip_async_fifo_inst/xpm_fifo_async_inst/gnuram_async_fifo.xpm_fifo_base_inst/gen_sdpram.xpm_memory_base_inst block.
INFO: [Memdata 28-208] The XPM instance: <bdw/design_1_i/C2C/axi_chip2chip_0/inst/master_fpga_gen.axi_chip2chip_master_inst/axi_chip2chip_aw_fifo_inst/axi_chip2chip_async_fifo_inst/xpm_fifo_async_inst/gnuram_async_fifo.xpm_fifo_base_inst/gen_sdpram.xpm_memory_base_inst> is part of IP: <bdw/design_1_i/C2C/axi_chip2chip_0>. This XPM instance will be excluded from the .mmi because updatemem is prohibited from making changes to an XPM that is part of an IP.
INFO: [Memdata 28-208] The XPM instance: <bdw/design_1_i/C2C/axi_chip2chip_0/inst/master_fpga_gen.axi_chip2chip_master_inst/axi_chip2chip_ar_fifo_inst/axi_chip2chip_async_fifo_inst/xpm_fifo_async_inst/gnuram_async_fifo.xpm_fifo_base_inst/gen_sdpram.xpm_memory_base_inst> is part of IP: <bdw/design_1_i/C2C/axi_chip2chip_0>. This XPM instance will be excluded from the .mmi because updatemem is prohibited from making changes to an XPM that is part of an IP.
Command: write_bitstream -force apex_control_mgt_top.bit
Attempting to get a license for feature 'Implementation' and/or device 'xck26'
INFO: [Common 17-349] Got license for feature 'Implementation' and/or device 'xck26'
CRITICAL WARNING: [Vivado 12-1790] Evaluation License Warning: This design contains one or more IP cores that use separately licensed features. If the design has been configured to make use of evaluation features, please note that these features will cease to function after a certain period of time. Please consult the core datasheet to determine whether the core which you have configured will be affected. Evaluation features should NOT be used in production systems.

Evaluation cores found in this design:
    IP core 'design_1_xxv_ethernet_0_0' (xxv_ethernet_v4_1_3) was generated with multiple features:
        IP feature 'x_eth_mac@2022.04' was enabled using a bought license.
        IP feature 'xxv_eth_basekr@2022.04' was enabled using a design_linking license.
        IP feature 'xxv_eth_mac_pcs@2022.04' was enabled using a bought license.
        IP feature 'xxv_tsn_802d1cm@2022.04' was enabled using a design_linking license.

Resolution: If a new IP Core license was added, in order for the new license to be picked up, the current netlist needs to be updated by resetting and re-generating the IP output products before bitstream generation.
Running DRC as a precondition to command write_bitstream
INFO: [IP_Flow 19-1839] IP Catalog is up to date.
INFO: [DRC 23-27] Running DRC with 8 threads
WARNING: [DRC PDCN-1569] LUT equation term check: Used physical LUT pin 'A1' of cell bdw/design_1_i/cpu/axi_interconnect_4/s00_couplers/auto_ds/inst/gen_downsizer.gen_simple_downsizer.axi_downsizer_inst/USE_WRITE.write_addr_inst/cmd_queue/inst/fifo_gen_inst/inst_fifo_gen/gconvfifo.rf/grf.rf/gntv_or_sync_fifo.gl0.rd/gr1.gr1_int.rfwft/gpregsm1.user_valid_i_1 (pin bdw/design_1_i/cpu/axi_interconnect_4/s00_couplers/auto_ds/inst/gen_downsizer.gen_simple_downsizer.axi_downsizer_inst/USE_WRITE.write_addr_inst/cmd_queue/inst/fifo_gen_inst/inst_fifo_gen/gconvfifo.rf/grf.rf/gntv_or_sync_fifo.gl0.rd/gr1.gr1_int.rfwft/gpregsm1.user_valid_i_1/I1) is not included in the LUT equation: 'O5=(A3)+((~A3)*(~A5)*A4)'. If this cell is a user instantiated LUT in the design, please remove connectivity to the pin or change the equation and/or INIT string of the LUT to prevent this issue. If the cell is inferred or IP created LUT, please regenerate the IP and/or resynthesize the design to attempt to correct the issue.
WARNING: [DRC PDCN-1569] LUT equation term check: Used physical LUT pin 'A1' of cell bdw/design_1_i/cpu/axi_interconnect_5/s00_couplers/auto_ds/inst/gen_downsizer.gen_simple_downsizer.axi_downsizer_inst/USE_READ.read_addr_inst/cmd_queue/inst/fifo_gen_inst/inst_fifo_gen/gconvfifo.rf/grf.rf/gntv_or_sync_fifo.gl0.rd/gr1.gr1_int.rfwft/gpregsm1.user_valid_i_1 (pin bdw/design_1_i/cpu/axi_interconnect_5/s00_couplers/auto_ds/inst/gen_downsizer.gen_simple_downsizer.axi_downsizer_inst/USE_READ.read_addr_inst/cmd_queue/inst/fifo_gen_inst/inst_fifo_gen/gconvfifo.rf/grf.rf/gntv_or_sync_fifo.gl0.rd/gr1.gr1_int.rfwft/gpregsm1.user_valid_i_1/I1) is not included in the LUT equation: 'O5=(A3)+((~A3)*(~A5)*A4)'. If this cell is a user instantiated LUT in the design, please remove connectivity to the pin or change the equation and/or INIT string of the LUT to prevent this issue. If the cell is inferred or IP created LUT, please regenerate the IP and/or resynthesize the design to attempt to correct the issue.
WARNING: [DRC PDCN-1569] LUT equation term check: Used physical LUT pin 'A1' of cell bdw/design_1_i/cpu/axi_interconnect_5/s00_couplers/auto_ds/inst/gen_downsizer.gen_simple_downsizer.axi_downsizer_inst/USE_WRITE.write_addr_inst/USE_B_CHANNEL.cmd_b_queue/inst/fifo_gen_inst/inst_fifo_gen/gconvfifo.rf/grf.rf/gntv_or_sync_fifo.gl0.rd/gr1.gr1_int.rfwft/gpregsm1.user_valid_i_1 (pin bdw/design_1_i/cpu/axi_interconnect_5/s00_couplers/auto_ds/inst/gen_downsizer.gen_simple_downsizer.axi_downsizer_inst/USE_WRITE.write_addr_inst/USE_B_CHANNEL.cmd_b_queue/inst/fifo_gen_inst/inst_fifo_gen/gconvfifo.rf/grf.rf/gntv_or_sync_fifo.gl0.rd/gr1.gr1_int.rfwft/gpregsm1.user_valid_i_1/I1) is not included in the LUT equation: 'O5=(A3)+((~A3)*(~A5)*A4)'. If this cell is a user instantiated LUT in the design, please remove connectivity to the pin or change the equation and/or INIT string of the LUT to prevent this issue. If the cell is inferred or IP created LUT, please regenerate the IP and/or resynthesize the design to attempt to correct the issue.
WARNING: [DRC PDCN-1569] LUT equation term check: Used physical LUT pin 'A1' of cell bdw/design_1_i/cpu/ps7_0_axi_periph/s00_couplers/auto_ds/inst/gen_downsizer.gen_simple_downsizer.axi_downsizer_inst/USE_READ.read_addr_inst/cmd_queue/inst/fifo_gen_inst/inst_fifo_gen/gconvfifo.rf/grf.rf/gntv_or_sync_fifo.gl0.rd/gr1.gr1_int.rfwft/gpregsm1.user_valid_i_1 (pin bdw/design_1_i/cpu/ps7_0_axi_periph/s00_couplers/auto_ds/inst/gen_downsizer.gen_simple_downsizer.axi_downsizer_inst/USE_READ.read_addr_inst/cmd_queue/inst/fifo_gen_inst/inst_fifo_gen/gconvfifo.rf/grf.rf/gntv_or_sync_fifo.gl0.rd/gr1.gr1_int.rfwft/gpregsm1.user_valid_i_1/I1) is not included in the LUT equation: 'O5=(A2)+((~A2)*(~A5)*A4)'. If this cell is a user instantiated LUT in the design, please remove connectivity to the pin or change the equation and/or INIT string of the LUT to prevent this issue. If the cell is inferred or IP created LUT, please regenerate the IP and/or resynthesize the design to attempt to correct the issue.
WARNING: [DRC PDCN-1569] LUT equation term check: Used physical LUT pin 'A1' of cell bdw/design_1_i/cpu/ps7_0_axi_periph/s01_couplers/s01_data_fifo/inst/gen_fifo.fifo_gen_inst/inst_fifo_gen/gaxi_full_lite.gread_ch.grach2.axi_rach/grf.rf/gntv_or_sync_fifo.gl0.rd/gr1.gr1_int.rfwft/gpregsm1.user_valid_i_1__1 (pin bdw/design_1_i/cpu/ps7_0_axi_periph/s01_couplers/s01_data_fifo/inst/gen_fifo.fifo_gen_inst/inst_fifo_gen/gaxi_full_lite.gread_ch.grach2.axi_rach/grf.rf/gntv_or_sync_fifo.gl0.rd/gr1.gr1_int.rfwft/gpregsm1.user_valid_i_1__1/I0) is not included in the LUT equation: 'O6=(A2*A6*A5*A3)+(A2*A6*A5*(~A3)*A4)+(A2*A6*(~A5)*A4)+(A2*(~A6)*A3)+(A2*(~A6)*(~A3)*A4)+((~A2)*A3)+((~A2)*(~A3)*A4)'. If this cell is a user instantiated LUT in the design, please remove connectivity to the pin or change the equation and/or INIT string of the LUT to prevent this issue. If the cell is inferred or IP created LUT, please regenerate the IP and/or resynthesize the design to attempt to correct the issue.
WARNING: [DRC PDCN-1569] LUT equation term check: Used physical LUT pin 'A2' of cell bdw/design_1_i/cpu/axi_interconnect_2/s00_couplers/s00_data_fifo/inst/gen_fifo.fifo_gen_inst/inst_fifo_gen/gaxi_full_lite.gread_ch.grdch2.axi_rdch/grf.rf/gntv_or_sync_fifo.gl0.rd/gr1.gr1_int.rfwft/gpregsm1.user_valid_i_1__0 (pin bdw/design_1_i/cpu/axi_interconnect_2/s00_couplers/s00_data_fifo/inst/gen_fifo.fifo_gen_inst/inst_fifo_gen/gaxi_full_lite.gread_ch.grdch2.axi_rdch/grf.rf/gntv_or_sync_fifo.gl0.rd/gr1.gr1_int.rfwft/gpregsm1.user_valid_i_1__0/I1) is not included in the LUT equation: 'O6=(A6+~A6)*((A3)+((~A3)*A1*A4*A5)+((~A3)*(~A1)*A5))'. If this cell is a user instantiated LUT in the design, please remove connectivity to the pin or change the equation and/or INIT string of the LUT to prevent this issue. If the cell is inferred or IP created LUT, please regenerate the IP and/or resynthesize the design to attempt to correct the issue.
WARNING: [DRC PDCN-1569] LUT equation term check: Used physical LUT pin 'A2' of cell bdw/design_1_i/cpu/axi_interconnect_2/s00_couplers/s00_data_fifo/inst/gen_fifo.fifo_gen_inst/inst_fifo_gen/gaxi_full_lite.gwrite_ch.gwdch2.axi_wdch/grf.rf/gntv_or_sync_fifo.gl0.rd/gr1.gr1_int.rfwft/gpregsm1.user_valid_i_1 (pin bdw/design_1_i/cpu/axi_interconnect_2/s00_couplers/s00_data_fifo/inst/gen_fifo.fifo_gen_inst/inst_fifo_gen/gaxi_full_lite.gwrite_ch.gwdch2.axi_wdch/grf.rf/gntv_or_sync_fifo.gl0.rd/gr1.gr1_int.rfwft/gpregsm1.user_valid_i_1/I1) is not included in the LUT equation: 'O6=(A6+~A6)*((A5)+((~A5)*A3*A1*A4)+((~A5)*(~A3)*A4))'. If this cell is a user instantiated LUT in the design, please remove connectivity to the pin or change the equation and/or INIT string of the LUT to prevent this issue. If the cell is inferred or IP created LUT, please regenerate the IP and/or resynthesize the design to attempt to correct the issue.
WARNING: [DRC PDCN-1569] LUT equation term check: Used physical LUT pin 'A2' of cell bdw/design_1_i/cpu/axi_interconnect_4/s00_couplers/auto_ds/inst/gen_downsizer.gen_simple_downsizer.axi_downsizer_inst/USE_READ.read_addr_inst/cmd_queue/inst/fifo_gen_inst/inst_fifo_gen/gconvfifo.rf/grf.rf/gntv_or_sync_fifo.gl0.rd/gr1.gr1_int.rfwft/gpregsm1.user_valid_i_1 (pin bdw/design_1_i/cpu/axi_interconnect_4/s00_couplers/auto_ds/inst/gen_downsizer.gen_simple_downsizer.axi_downsizer_inst/USE_READ.read_addr_inst/cmd_queue/inst/fifo_gen_inst/inst_fifo_gen/gconvfifo.rf/grf.rf/gntv_or_sync_fifo.gl0.rd/gr1.gr1_int.rfwft/gpregsm1.user_valid_i_1/I1) is not included in the LUT equation: 'O5=(A3)+((~A3)*(~A1)*A4)'. If this cell is a user instantiated LUT in the design, please remove connectivity to the pin or change the equation and/or INIT string of the LUT to prevent this issue. If the cell is inferred or IP created LUT, please regenerate the IP and/or resynthesize the design to attempt to correct the issue.
WARNING: [DRC PDCN-1569] LUT equation term check: Used physical LUT pin 'A2' of cell bdw/design_1_i/cpu/ps7_0_axi_periph/s00_couplers/auto_ds/inst/gen_downsizer.gen_simple_downsizer.axi_downsizer_inst/USE_WRITE.write_addr_inst/cmd_queue/inst/fifo_gen_inst/inst_fifo_gen/gconvfifo.rf/grf.rf/gntv_or_sync_fifo.gl0.rd/gr1.gr1_int.rfwft/gpregsm1.user_valid_i_1 (pin bdw/design_1_i/cpu/ps7_0_axi_periph/s00_couplers/auto_ds/inst/gen_downsizer.gen_simple_downsizer.axi_downsizer_inst/USE_WRITE.write_addr_inst/cmd_queue/inst/fifo_gen_inst/inst_fifo_gen/gconvfifo.rf/grf.rf/gntv_or_sync_fifo.gl0.rd/gr1.gr1_int.rfwft/gpregsm1.user_valid_i_1/I1) is not included in the LUT equation: 'O5=(A3)+((~A3)*(~A5)*A4)'. If this cell is a user instantiated LUT in the design, please remove connectivity to the pin or change the equation and/or INIT string of the LUT to prevent this issue. If the cell is inferred or IP created LUT, please regenerate the IP and/or resynthesize the design to attempt to correct the issue.
WARNING: [DRC PDCN-1569] LUT equation term check: Used physical LUT pin 'A2' of cell bdw/design_1_i/cpu/ps7_0_axi_periph/s00_couplers/s00_data_fifo/inst/gen_fifo.fifo_gen_inst/inst_fifo_gen/gaxi_full_lite.gread_ch.grach2.axi_rach/grf.rf/gntv_or_sync_fifo.gl0.rd/gr1.gr1_int.rfwft/gpregsm1.user_valid_i_1__1 (pin bdw/design_1_i/cpu/ps7_0_axi_periph/s00_couplers/s00_data_fifo/inst/gen_fifo.fifo_gen_inst/inst_fifo_gen/gaxi_full_lite.gread_ch.grach2.axi_rach/grf.rf/gntv_or_sync_fifo.gl0.rd/gr1.gr1_int.rfwft/gpregsm1.user_valid_i_1__1/I0) is not included in the LUT equation: 'O6=(A1*A3*A6*A4)+(A1*A3*A6*(~A4)*A5)+(A1*A3*(~A6)*A5)+(A1*(~A3)*A4)+(A1*(~A3)*(~A4)*A5)+((~A1)*A4)+((~A1)*(~A4)*A5)'. If this cell is a user instantiated LUT in the design, please remove connectivity to the pin or change the equation and/or INIT string of the LUT to prevent this issue. If the cell is inferred or IP created LUT, please regenerate the IP and/or resynthesize the design to attempt to correct the issue.
WARNING: [DRC PDCN-1569] LUT equation term check: Used physical LUT pin 'A2' of cell bdw/design_1_i/cpu/ps7_0_axi_periph/s01_couplers/s01_data_fifo/inst/gen_fifo.fifo_gen_inst/inst_fifo_gen/gaxi_full_lite.gwrite_ch.gwdch2.axi_wdch/grf.rf/gntv_or_sync_fifo.gl0.rd/gr1.gr1_int.rfwft/gpregsm1.user_valid_i_1__0 (pin bdw/design_1_i/cpu/ps7_0_axi_periph/s01_couplers/s01_data_fifo/inst/gen_fifo.fifo_gen_inst/inst_fifo_gen/gaxi_full_lite.gwrite_ch.gwdch2.axi_wdch/grf.rf/gntv_or_sync_fifo.gl0.rd/gr1.gr1_int.rfwft/gpregsm1.user_valid_i_1__0/I0) is not included in the LUT equation: 'O6=(A5*A3)+(A5*(~A3)*A4)+((~A5)*A6*A4)+((~A5)*(~A6)*A3)+((~A5)*(~A6)*(~A3)*A4)'. If this cell is a user instantiated LUT in the design, please remove connectivity to the pin or change the equation and/or INIT string of the LUT to prevent this issue. If the cell is inferred or IP created LUT, please regenerate the IP and/or resynthesize the design to attempt to correct the issue.
WARNING: [DRC PDCN-1569] LUT equation term check: Used physical LUT pin 'A2' of cell bdw/design_1_i/dbg/debug_bridge_0/inst/bs_switch_1/inst/BSCAN_SWITCH.EXT_BSCAN.bscan_switch/temp_curid[31]_i_1 (pin bdw/design_1_i/dbg/debug_bridge_0/inst/bs_switch_1/inst/BSCAN_SWITCH.EXT_BSCAN.bscan_switch/temp_curid[31]_i_1/I1) is not included in the LUT equation: 'O6=(A6+~A6)*((A1*A5)+(A1*(~A5)*(~A3))+((~A1)))'. If this cell is a user instantiated LUT in the design, please remove connectivity to the pin or change the equation and/or INIT string of the LUT to prevent this issue. If the cell is inferred or IP created LUT, please regenerate the IP and/or resynthesize the design to attempt to correct the issue.
WARNING: [DRC PDCN-1569] LUT equation term check: Used physical LUT pin 'A3' of cell bdw/design_1_i/cpu/axi_interconnect_1/s00_couplers/s00_data_fifo/inst/gen_fifo.fifo_gen_inst/inst_fifo_gen/gaxi_full_lite.gwrite_ch.gwdch2.axi_wdch/grf.rf/gntv_or_sync_fifo.gl0.rd/gr1.gr1_int.rfwft/gpregsm1.user_valid_i_1 (pin bdw/design_1_i/cpu/axi_interconnect_1/s00_couplers/s00_data_fifo/inst/gen_fifo.fifo_gen_inst/inst_fifo_gen/gaxi_full_lite.gwrite_ch.gwdch2.axi_wdch/grf.rf/gntv_or_sync_fifo.gl0.rd/gr1.gr1_int.rfwft/gpregsm1.user_valid_i_1/I1) is not included in the LUT equation: 'O6=(A6+~A6)*((A5)+((~A5)*A1*A2*A4)+((~A5)*(~A1)*A4))'. If this cell is a user instantiated LUT in the design, please remove connectivity to the pin or change the equation and/or INIT string of the LUT to prevent this issue. If the cell is inferred or IP created LUT, please regenerate the IP and/or resynthesize the design to attempt to correct the issue.
WARNING: [DRC PDCN-1569] LUT equation term check: Used physical LUT pin 'A3' of cell bdw/design_1_i/cpu/axi_interconnect_5/s00_couplers/auto_ds/inst/gen_downsizer.gen_simple_downsizer.axi_downsizer_inst/USE_WRITE.write_addr_inst/cmd_queue/inst/fifo_gen_inst/inst_fifo_gen/gconvfifo.rf/grf.rf/gntv_or_sync_fifo.gl0.rd/gr1.gr1_int.rfwft/gpregsm1.user_valid_i_1 (pin bdw/design_1_i/cpu/axi_interconnect_5/s00_couplers/auto_ds/inst/gen_downsizer.gen_simple_downsizer.axi_downsizer_inst/USE_WRITE.write_addr_inst/cmd_queue/inst/fifo_gen_inst/inst_fifo_gen/gconvfifo.rf/grf.rf/gntv_or_sync_fifo.gl0.rd/gr1.gr1_int.rfwft/gpregsm1.user_valid_i_1/I1) is not included in the LUT equation: 'O5=(A5)+((~A5)*(~A2)*A4)'. If this cell is a user instantiated LUT in the design, please remove connectivity to the pin or change the equation and/or INIT string of the LUT to prevent this issue. If the cell is inferred or IP created LUT, please regenerate the IP and/or resynthesize the design to attempt to correct the issue.
WARNING: [DRC PDCN-1569] LUT equation term check: Used physical LUT pin 'A3' of cell bdw/design_1_i/cpu/ps7_0_axi_periph/s00_couplers/auto_ds/inst/gen_downsizer.gen_simple_downsizer.axi_downsizer_inst/USE_WRITE.write_addr_inst/USE_B_CHANNEL.cmd_b_queue/inst/fifo_gen_inst/inst_fifo_gen/gconvfifo.rf/grf.rf/gntv_or_sync_fifo.gl0.rd/gr1.gr1_int.rfwft/gpregsm1.user_valid_i_1 (pin bdw/design_1_i/cpu/ps7_0_axi_periph/s00_couplers/auto_ds/inst/gen_downsizer.gen_simple_downsizer.axi_downsizer_inst/USE_WRITE.write_addr_inst/USE_B_CHANNEL.cmd_b_queue/inst/fifo_gen_inst/inst_fifo_gen/gconvfifo.rf/grf.rf/gntv_or_sync_fifo.gl0.rd/gr1.gr1_int.rfwft/gpregsm1.user_valid_i_1/I1) is not included in the LUT equation: 'O5=(A1)+((~A1)*(~A5)*A4)'. If this cell is a user instantiated LUT in the design, please remove connectivity to the pin or change the equation and/or INIT string of the LUT to prevent this issue. If the cell is inferred or IP created LUT, please regenerate the IP and/or resynthesize the design to attempt to correct the issue.
WARNING: [DRC PDCN-1569] LUT equation term check: Used physical LUT pin 'A3' of cell bdw/design_1_i/cpu/ps7_0_axi_periph/s00_couplers/s00_data_fifo/inst/gen_fifo.fifo_gen_inst/inst_fifo_gen/gaxi_full_lite.gread_ch.grdch2.axi_rdch/grf.rf/gntv_or_sync_fifo.gl0.rd/gr1.gr1_int.rfwft/gpregsm1.user_valid_i_1__2 (pin bdw/design_1_i/cpu/ps7_0_axi_periph/s00_couplers/s00_data_fifo/inst/gen_fifo.fifo_gen_inst/inst_fifo_gen/gaxi_full_lite.gread_ch.grdch2.axi_rdch/grf.rf/gntv_or_sync_fifo.gl0.rd/gr1.gr1_int.rfwft/gpregsm1.user_valid_i_1__2/I0) is not included in the LUT equation: 'O6=(A6+~A6)*((A1*A2)+(A1*(~A2)*A5)+((~A1)*A4*A5)+((~A1)*(~A4)*A2)+((~A1)*(~A4)*(~A2)*A5))'. If this cell is a user instantiated LUT in the design, please remove connectivity to the pin or change the equation and/or INIT string of the LUT to prevent this issue. If the cell is inferred or IP created LUT, please regenerate the IP and/or resynthesize the design to attempt to correct the issue.
WARNING: [DRC PDCN-1569] LUT equation term check: Used physical LUT pin 'A3' of cell bdw/design_1_i/cpu/ps7_0_axi_periph/s00_couplers/s00_data_fifo/inst/gen_fifo.fifo_gen_inst/inst_fifo_gen/gaxi_full_lite.gwrite_ch.gwach2.axi_wach/grf.rf/gntv_or_sync_fifo.gl0.rd/gr1.gr1_int.rfwft/gpregsm1.user_valid_i_1 (pin bdw/design_1_i/cpu/ps7_0_axi_periph/s00_couplers/s00_data_fifo/inst/gen_fifo.fifo_gen_inst/inst_fifo_gen/gaxi_full_lite.gwrite_ch.gwach2.axi_wach/grf.rf/gntv_or_sync_fifo.gl0.rd/gr1.gr1_int.rfwft/gpregsm1.user_valid_i_1/I0) is not included in the LUT equation: 'O5=(A4*A2)+((~A4)*A1)+((~A4)*(~A1)*A2)'. If this cell is a user instantiated LUT in the design, please remove connectivity to the pin or change the equation and/or INIT string of the LUT to prevent this issue. If the cell is inferred or IP created LUT, please regenerate the IP and/or resynthesize the design to attempt to correct the issue.
WARNING: [DRC PDCN-1569] LUT equation term check: Used physical LUT pin 'A3' of cell bdw/design_1_i/cpu/ps7_0_axi_periph/s01_couplers/s01_data_fifo/inst/gen_fifo.fifo_gen_inst/inst_fifo_gen/gaxi_full_lite.gread_ch.grdch2.axi_rdch/grf.rf/gntv_or_sync_fifo.gl0.rd/gr1.gr1_int.rfwft/gpregsm1.user_valid_i_1__2 (pin bdw/design_1_i/cpu/ps7_0_axi_periph/s01_couplers/s01_data_fifo/inst/gen_fifo.fifo_gen_inst/inst_fifo_gen/gaxi_full_lite.gread_ch.grdch2.axi_rdch/grf.rf/gntv_or_sync_fifo.gl0.rd/gr1.gr1_int.rfwft/gpregsm1.user_valid_i_1__2/I0) is not included in the LUT equation: 'O6=(A6+~A6)*((A5*A1)+(A5*(~A1)*A4)+((~A5)*A2*A4)+((~A5)*(~A2)*A1)+((~A5)*(~A2)*(~A1)*A4))'. If this cell is a user instantiated LUT in the design, please remove connectivity to the pin or change the equation and/or INIT string of the LUT to prevent this issue. If the cell is inferred or IP created LUT, please regenerate the IP and/or resynthesize the design to attempt to correct the issue.
WARNING: [DRC PDCN-1569] LUT equation term check: Used physical LUT pin 'A3' of cell bdw/design_1_i/cpu/ps7_0_axi_periph/s01_couplers/s01_data_fifo/inst/gen_fifo.fifo_gen_inst/inst_fifo_gen/gaxi_full_lite.gwrite_ch.gwach2.axi_wach/grf.rf/gntv_or_sync_fifo.gl0.rd/gr1.gr1_int.rfwft/gpregsm1.user_valid_i_1 (pin bdw/design_1_i/cpu/ps7_0_axi_periph/s01_couplers/s01_data_fifo/inst/gen_fifo.fifo_gen_inst/inst_fifo_gen/gaxi_full_lite.gwrite_ch.gwach2.axi_wach/grf.rf/gntv_or_sync_fifo.gl0.rd/gr1.gr1_int.rfwft/gpregsm1.user_valid_i_1/I0) is not included in the LUT equation: 'O5=(A1*A4)+((~A1)*A5)+((~A1)*(~A5)*A4)'. If this cell is a user instantiated LUT in the design, please remove connectivity to the pin or change the equation and/or INIT string of the LUT to prevent this issue. If the cell is inferred or IP created LUT, please regenerate the IP and/or resynthesize the design to attempt to correct the issue.
WARNING: [DRC PDCN-1569] LUT equation term check: Used physical LUT pin 'A4' of cell bdw/design_1_i/cpu/ps7_0_axi_periph/s00_couplers/s00_data_fifo/inst/gen_fifo.fifo_gen_inst/inst_fifo_gen/gaxi_full_lite.gwrite_ch.gwdch2.axi_wdch/grf.rf/gntv_or_sync_fifo.gl0.rd/gr1.gr1_int.rfwft/gpregsm1.user_valid_i_1__0 (pin bdw/design_1_i/cpu/ps7_0_axi_periph/s00_couplers/s00_data_fifo/inst/gen_fifo.fifo_gen_inst/inst_fifo_gen/gaxi_full_lite.gwrite_ch.gwdch2.axi_wdch/grf.rf/gntv_or_sync_fifo.gl0.rd/gr1.gr1_int.rfwft/gpregsm1.user_valid_i_1__0/I0) is not included in the LUT equation: 'O6=(A6+~A6)*((A2*A1)+(A2*(~A1)*A5)+((~A2)*A3*A5)+((~A2)*(~A3)*A1)+((~A2)*(~A3)*(~A1)*A5))'. If this cell is a user instantiated LUT in the design, please remove connectivity to the pin or change the equation and/or INIT string of the LUT to prevent this issue. If the cell is inferred or IP created LUT, please regenerate the IP and/or resynthesize the design to attempt to correct the issue.
WARNING: [DRC PDCN-1569] LUT equation term check: Used physical LUT pin 'A4' of cell bdw/design_1_i/dbg/debug_bridge_0/inst/bs_switch_1/inst/BSCAN_SWITCH.EXT_BSCAN.bscan_switch/temp_curid[31]_i_1 (pin bdw/design_1_i/dbg/debug_bridge_0/inst/bs_switch_1/inst/BSCAN_SWITCH.EXT_BSCAN.bscan_switch/temp_curid[31]_i_1/I0) is not included in the LUT equation: 'O6=(A6+~A6)*((A1*A5)+(A1*(~A5)*(~A3))+((~A1)))'. If this cell is a user instantiated LUT in the design, please remove connectivity to the pin or change the equation and/or INIT string of the LUT to prevent this issue. If the cell is inferred or IP created LUT, please regenerate the IP and/or resynthesize the design to attempt to correct the issue.
WARNING: [DRC PDCN-1569] LUT equation term check: Used physical LUT pin 'A4' of cell bdw/design_1_i/dbg/debug_bridge_1/inst/xsdbm/inst/BSCANID.u_xsdbm_id/EXT_BSCAN.id_state[0]_i_1 (pin bdw/design_1_i/dbg/debug_bridge_1/inst/xsdbm/inst/BSCANID.u_xsdbm_id/EXT_BSCAN.id_state[0]_i_1/I0) is not included in the LUT equation: 'O6=(A6+~A6)*((A2))'. If this cell is a user instantiated LUT in the design, please remove connectivity to the pin or change the equation and/or INIT string of the LUT to prevent this issue. If the cell is inferred or IP created LUT, please regenerate the IP and/or resynthesize the design to attempt to correct the issue.
WARNING: [DRC PDCN-1569] LUT equation term check: Used physical LUT pin 'A5' of cell bdw/design_1_i/cpu/axi_interconnect_3/s00_couplers/s00_data_fifo/inst/gen_fifo.fifo_gen_inst/inst_fifo_gen/gaxi_full_lite.gread_ch.grdch2.axi_rdch/grf.rf/gntv_or_sync_fifo.gl0.rd/gr1.gr1_int.rfwft/gpregsm1.user_valid_i_1 (pin bdw/design_1_i/cpu/axi_interconnect_3/s00_couplers/s00_data_fifo/inst/gen_fifo.fifo_gen_inst/inst_fifo_gen/gaxi_full_lite.gread_ch.grdch2.axi_rdch/grf.rf/gntv_or_sync_fifo.gl0.rd/gr1.gr1_int.rfwft/gpregsm1.user_valid_i_1/I1) is not included in the LUT equation: 'O6=(A6+~A6)*((A1)+((~A1)*A4*A2*A3)+((~A1)*(~A4)*A3))'. If this cell is a user instantiated LUT in the design, please remove connectivity to the pin or change the equation and/or INIT string of the LUT to prevent this issue. If the cell is inferred or IP created LUT, please regenerate the IP and/or resynthesize the design to attempt to correct the issue.
WARNING: [DRC PDCN-1569] LUT equation term check: Used physical LUT pin 'A5' of cell bdw/design_1_i/cpu/axi_interconnect_4/s00_couplers/auto_ds/inst/gen_downsizer.gen_simple_downsizer.axi_downsizer_inst/USE_WRITE.write_addr_inst/USE_B_CHANNEL.cmd_b_queue/inst/fifo_gen_inst/inst_fifo_gen/gconvfifo.rf/grf.rf/gntv_or_sync_fifo.gl0.rd/gr1.gr1_int.rfwft/gpregsm1.user_valid_i_1 (pin bdw/design_1_i/cpu/axi_interconnect_4/s00_couplers/auto_ds/inst/gen_downsizer.gen_simple_downsizer.axi_downsizer_inst/USE_WRITE.write_addr_inst/USE_B_CHANNEL.cmd_b_queue/inst/fifo_gen_inst/inst_fifo_gen/gconvfifo.rf/grf.rf/gntv_or_sync_fifo.gl0.rd/gr1.gr1_int.rfwft/gpregsm1.user_valid_i_1/I1) is not included in the LUT equation: 'O5=(A3)+((~A3)*(~A1)*A4)'. If this cell is a user instantiated LUT in the design, please remove connectivity to the pin or change the equation and/or INIT string of the LUT to prevent this issue. If the cell is inferred or IP created LUT, please regenerate the IP and/or resynthesize the design to attempt to correct the issue.
WARNING: [DRC REQP-1774] RAMB36E2_WRITE_WIDTH_A_18_doesnt_use_WEA32: The RAMB36E2 cell bdw/design_1_i/cpu/blk_mem_gen_0/U0/inst_blk_mem_gen/gnbram.gnative_mem_map_bmg.native_mem_map_blk_mem_gen/valid.cstr/ramloop[0].ram.r/prim_noinit.ram/DEVICE_8SERIES.WITH_BMM_INFO.TRUE_DP.SIMPLE_PRIM36.SERIES8_TDP_SP36_NO_ECC_ATTR.ram has WRITE_WIDTH_A set to 18. The WEA[3:2] pins should not be connected to active signal.
WARNING: [DRC REQP-1774] RAMB36E2_WRITE_WIDTH_A_18_doesnt_use_WEA32: The RAMB36E2 cell bdw/design_1_i/cpu/blk_mem_gen_0/U0/inst_blk_mem_gen/gnbram.gnative_mem_map_bmg.native_mem_map_blk_mem_gen/valid.cstr/ramloop[1].ram.r/prim_noinit.ram/DEVICE_8SERIES.WITH_BMM_INFO.TRUE_DP.SIMPLE_PRIM36.SERIES8_TDP_SP36_NO_ECC_ATTR.ram has WRITE_WIDTH_A set to 18. The WEA[3:2] pins should not be connected to active signal.
WARNING: [DRC REQP-1858] RAMB36E2_writefirst_collision_advisory: Synchronous clocking is detected for BRAM (bdw/design_1_i/cpu/ps7_0_axi_periph/s00_couplers/s00_data_fifo/inst/gen_fifo.fifo_gen_inst/inst_fifo_gen/gaxi_full_lite.gread_ch.grdch2.axi_rdch/grf.rf/gntv_or_sync_fifo.mem/gbm.gbmg.gbmga.ngecc.bmg/inst_blk_mem_gen/gnbram.gnativebmg.native_blk_mem_gen/valid.cstr/ramloop[0].ram.r/prim_noinit.ram/DEVICE_8SERIES.NO_BMM_INFO.SDP.WIDE_PRIM36_NO_ECC.ram) in SDP mode with WRITE_FIRST write-mode. It is strongly suggested to change this mode to NO_CHANGE for best power characteristics. However, both WRITE_FIRST and NO_CHANGE may exhibit address collisions if the same address appears on both read and write ports resulting in unknown or corrupted read data. It is suggested to confirm via simulation that an address collision never occurs and if so it is suggested to try and avoid this situation. If address collisions cannot be avoided, the write-mode may be set to READ_FIRST which guarantees that the read data is the prior contents of the memory at the cost of additional power in the design. See the FPGA Memory Resources User Guide for additional information.
WARNING: [DRC REQP-1858] RAMB36E2_writefirst_collision_advisory: Synchronous clocking is detected for BRAM (bdw/design_1_i/cpu/ps7_0_axi_periph/s00_couplers/s00_data_fifo/inst/gen_fifo.fifo_gen_inst/inst_fifo_gen/gaxi_full_lite.gwrite_ch.gwdch2.axi_wdch/grf.rf/gntv_or_sync_fifo.mem/gbm.gbmg.gbmga.ngecc.bmg/inst_blk_mem_gen/gnbram.gnativebmg.native_blk_mem_gen/valid.cstr/ramloop[0].ram.r/prim_noinit.ram/DEVICE_8SERIES.NO_BMM_INFO.SDP.WIDE_PRIM36_NO_ECC.ram) in SDP mode with WRITE_FIRST write-mode. It is strongly suggested to change this mode to NO_CHANGE for best power characteristics. However, both WRITE_FIRST and NO_CHANGE may exhibit address collisions if the same address appears on both read and write ports resulting in unknown or corrupted read data. It is suggested to confirm via simulation that an address collision never occurs and if so it is suggested to try and avoid this situation. If address collisions cannot be avoided, the write-mode may be set to READ_FIRST which guarantees that the read data is the prior contents of the memory at the cost of additional power in the design. See the FPGA Memory Resources User Guide for additional information.
WARNING: [DRC REQP-1858] RAMB36E2_writefirst_collision_advisory: Synchronous clocking is detected for BRAM (bdw/design_1_i/cpu/ps7_0_axi_periph/s01_couplers/s01_data_fifo/inst/gen_fifo.fifo_gen_inst/inst_fifo_gen/gaxi_full_lite.gwrite_ch.gwdch2.axi_wdch/grf.rf/gntv_or_sync_fifo.mem/gbm.gbmg.gbmga.ngecc.bmg/inst_blk_mem_gen/gnbram.gnativebmg.native_blk_mem_gen/valid.cstr/ramloop[0].ram.r/prim_noinit.ram/DEVICE_8SERIES.NO_BMM_INFO.SDP.WIDE_PRIM36_NO_ECC.ram) in SDP mode with WRITE_FIRST write-mode. It is strongly suggested to change this mode to NO_CHANGE for best power characteristics. However, both WRITE_FIRST and NO_CHANGE may exhibit address collisions if the same address appears on both read and write ports resulting in unknown or corrupted read data. It is suggested to confirm via simulation that an address collision never occurs and if so it is suggested to try and avoid this situation. If address collisions cannot be avoided, the write-mode may be set to READ_FIRST which guarantees that the read data is the prior contents of the memory at the cost of additional power in the design. See the FPGA Memory Resources User Guide for additional information.
WARNING: [DRC REQP-1934] RAMB18E2_nochange_collision_advisory: Synchronous clocking is detected for BRAM (bdw/design_1_i/hier_0/axi_mcdma_0/U0/GEN_SG_ENGINE.I_SG_ENGINE/I_SG_FETCH_QUEUE/GEN_MM2S_FTCH_Q_IF.FTCH_QUEUE_I/I_FTCH_BRAM/USE_XPM.xpm_memory_sdpram_inst/xpm_memory_base_inst/gen_wr_a.gen_word_narrow.mem_reg) in SDP mode with NO_CHANGE write-mode. This is the preferred mode for best power characteristics. However, NO_CHANGE may exhibit address collisions if the same address appears on both read and write ports resulting in unknown or corrupted read data. It is suggested to confirm via simulation that an address collision never occurs and if so it is suggested to try and avoid this situation. If address collisions cannot be avoided, the write-mode may be set to READ_FIRST which guarantees that the read data is the prior contents of the memory at the cost of additional power in the design. See the FPGA Memory Resources User Guide for additional information.
WARNING: [DRC REQP-1934] RAMB18E2_nochange_collision_advisory: Synchronous clocking is detected for BRAM (bdw/design_1_i/hier_0/axi_mcdma_0/U0/GEN_SG_ENGINE.I_SG_ENGINE/I_SG_FETCH_QUEUE/GEN_S2MM_FTCH_Q_IF.FTCH_QUEUE_I/I_FTCH_BRAM/USE_XPM.xpm_memory_sdpram_inst/xpm_memory_base_inst/gen_wr_a.gen_word_narrow.mem_reg) in SDP mode with NO_CHANGE write-mode. This is the preferred mode for best power characteristics. However, NO_CHANGE may exhibit address collisions if the same address appears on both read and write ports resulting in unknown or corrupted read data. It is suggested to confirm via simulation that an address collision never occurs and if so it is suggested to try and avoid this situation. If address collisions cannot be avoided, the write-mode may be set to READ_FIRST which guarantees that the read data is the prior contents of the memory at the cost of additional power in the design. See the FPGA Memory Resources User Guide for additional information.
WARNING: [DRC REQP-1934] RAMB18E2_nochange_collision_advisory: Synchronous clocking is detected for BRAM (bdw/design_1_i/hier_0/axi_mcdma_0/U0/INCLUDE_S2MM_SOF_EOF_GENERATOR.INCLUDE_BUF_FIFO.I_BUF_FIFO/xpm_fifo_instance.xpm_fifo_sync_inst/xpm_fifo_base_inst/gen_sdpram.xpm_memory_base_inst/gen_wr_a.gen_word_narrow.mem_reg_1) in SDP mode with NO_CHANGE write-mode. This is the preferred mode for best power characteristics. However, NO_CHANGE may exhibit address collisions if the same address appears on both read and write ports resulting in unknown or corrupted read data. It is suggested to confirm via simulation that an address collision never occurs and if so it is suggested to try and avoid this situation. If address collisions cannot be avoided, the write-mode may be set to READ_FIRST which guarantees that the read data is the prior contents of the memory at the cost of additional power in the design. See the FPGA Memory Resources User Guide for additional information.
WARNING: [DRC REQP-1934] RAMB18E2_nochange_collision_advisory: Synchronous clocking is detected for BRAM (bdw/design_1_i/hier_0/axi_mcdma_0/U0/I_PRMRY_DATAMOVER/GEN_MM2S_FULL.I_MM2S_FULL_WRAPPER/I_CMD_STATUS/I_CMD_FIFO/USE_ASYNC_FIFO.I_ASYNC_FIFO/I_ASYNC_FIFOGEN_FIFO/xpm_fifo_instance.xpm_fifo_async_inst/gnuram_async_fifo.xpm_fifo_base_inst/gen_sdpram.xpm_memory_base_inst/gen_wr_a.gen_word_narrow.mem_reg_1) in SDP mode with NO_CHANGE write-mode. This is the preferred mode for best power characteristics. However, NO_CHANGE may exhibit address collisions if the same address appears on both read and write ports resulting in unknown or corrupted read data. It is suggested to confirm via simulation that an address collision never occurs and if so it is suggested to try and avoid this situation. If address collisions cannot be avoided, the write-mode may be set to READ_FIRST which guarantees that the read data is the prior contents of the memory at the cost of additional power in the design. See the FPGA Memory Resources User Guide for additional information.
WARNING: [DRC REQP-1934] RAMB18E2_nochange_collision_advisory: Synchronous clocking is detected for BRAM (bdw/design_1_i/hier_0/axi_mcdma_0/U0/I_PRMRY_DATAMOVER/GEN_S2MM_FULL.I_S2MM_FULL_WRAPPER/I_CMD_STATUS/GEN_INCLUDE_STATUS_FIFO.I_STS_FIFO/USE_ASYNC_FIFO.I_ASYNC_FIFO/I_ASYNC_FIFOGEN_FIFO/xpm_fifo_instance.xpm_fifo_async_inst/gnuram_async_fifo.xpm_fifo_base_inst/gen_sdpram.xpm_memory_base_inst/gen_wr_a.gen_word_narrow.mem_reg) in SDP mode with NO_CHANGE write-mode. This is the preferred mode for best power characteristics. However, NO_CHANGE may exhibit address collisions if the same address appears on both read and write ports resulting in unknown or corrupted read data. It is suggested to confirm via simulation that an address collision never occurs and if so it is suggested to try and avoid this situation. If address collisions cannot be avoided, the write-mode may be set to READ_FIRST which guarantees that the read data is the prior contents of the memory at the cost of additional power in the design. See the FPGA Memory Resources User Guide for additional information.
WARNING: [DRC REQP-1934] RAMB18E2_nochange_collision_advisory: Synchronous clocking is detected for BRAM (bdw/design_1_i/hier_0/axi_mcdma_0/U0/I_PRMRY_DATAMOVER/GEN_S2MM_FULL.I_S2MM_FULL_WRAPPER/I_CMD_STATUS/I_CMD_FIFO/USE_ASYNC_FIFO.I_ASYNC_FIFO/I_ASYNC_FIFOGEN_FIFO/xpm_fifo_instance.xpm_fifo_async_inst/gnuram_async_fifo.xpm_fifo_base_inst/gen_sdpram.xpm_memory_base_inst/gen_wr_a.gen_word_narrow.mem_reg_1) in SDP mode with NO_CHANGE write-mode. This is the preferred mode for best power characteristics. However, NO_CHANGE may exhibit address collisions if the same address appears on both read and write ports resulting in unknown or corrupted read data. It is suggested to confirm via simulation that an address collision never occurs and if so it is suggested to try and avoid this situation. If address collisions cannot be avoided, the write-mode may be set to READ_FIRST which guarantees that the read data is the prior contents of the memory at the cost of additional power in the design. See the FPGA Memory Resources User Guide for additional information.
WARNING: [DRC REQP-1935] RAMB36E2_nochange_collision_advisory: Synchronous clocking is detected for BRAM (bdw/design_1_i/hier_0/axi_mcdma_0/U0/INCLUDE_S2MM_SOF_EOF_GENERATOR.INCLUDE_BUF_FIFO.INCLUDE_STS_FIFO.I_BUF_STS_FIFO/xpm_fifo_instance.xpm_fifo_sync_inst/xpm_fifo_base_inst/gen_sdpram.xpm_memory_base_inst/gen_wr_a.gen_word_narrow.mem_reg) in SDP mode with NO_CHANGE write-mode. This is the preferred mode for best power characteristics. However, NO_CHANGE may exhibit address collisions if the same address appears on both read and write ports resulting in unknown or corrupted read data. It is suggested to confirm via simulation that an address collision never occurs and if so it is suggested to try and avoid this situation. If address collisions cannot be avoided, the write-mode may be set to READ_FIRST which guarantees that the read data is the prior contents of the memory at the cost of additional power in the design. See the FPGA Memory Resources User Guide for additional information.
WARNING: [DRC REQP-1935] RAMB36E2_nochange_collision_advisory: Synchronous clocking is detected for BRAM (bdw/design_1_i/hier_0/axi_mcdma_0/U0/INCLUDE_S2MM_SOF_EOF_GENERATOR.INCLUDE_BUF_FIFO.I_BUF_FIFO/xpm_fifo_instance.xpm_fifo_sync_inst/xpm_fifo_base_inst/gen_sdpram.xpm_memory_base_inst/gen_wr_a.gen_word_narrow.mem_reg_0) in SDP mode with NO_CHANGE write-mode. This is the preferred mode for best power characteristics. However, NO_CHANGE may exhibit address collisions if the same address appears on both read and write ports resulting in unknown or corrupted read data. It is suggested to confirm via simulation that an address collision never occurs and if so it is suggested to try and avoid this situation. If address collisions cannot be avoided, the write-mode may be set to READ_FIRST which guarantees that the read data is the prior contents of the memory at the cost of additional power in the design. See the FPGA Memory Resources User Guide for additional information.
WARNING: [DRC REQP-1935] RAMB36E2_nochange_collision_advisory: Synchronous clocking is detected for BRAM (bdw/design_1_i/hier_0/axi_mcdma_0/U0/I_PRMRY_DATAMOVER/GEN_MM2S_FULL.I_MM2S_FULL_WRAPPER/I_CMD_STATUS/I_CMD_FIFO/USE_ASYNC_FIFO.I_ASYNC_FIFO/I_ASYNC_FIFOGEN_FIFO/xpm_fifo_instance.xpm_fifo_async_inst/gnuram_async_fifo.xpm_fifo_base_inst/gen_sdpram.xpm_memory_base_inst/gen_wr_a.gen_word_narrow.mem_reg_0) in SDP mode with NO_CHANGE write-mode. This is the preferred mode for best power characteristics. However, NO_CHANGE may exhibit address collisions if the same address appears on both read and write ports resulting in unknown or corrupted read data. It is suggested to confirm via simulation that an address collision never occurs and if so it is suggested to try and avoid this situation. If address collisions cannot be avoided, the write-mode may be set to READ_FIRST which guarantees that the read data is the prior contents of the memory at the cost of additional power in the design. See the FPGA Memory Resources User Guide for additional information.
WARNING: [DRC REQP-1935] RAMB36E2_nochange_collision_advisory: Synchronous clocking is detected for BRAM (bdw/design_1_i/hier_0/axi_mcdma_0/U0/I_PRMRY_DATAMOVER/GEN_S2MM_FULL.I_S2MM_FULL_WRAPPER/I_CMD_STATUS/I_CMD_FIFO/USE_ASYNC_FIFO.I_ASYNC_FIFO/I_ASYNC_FIFOGEN_FIFO/xpm_fifo_instance.xpm_fifo_async_inst/gnuram_async_fifo.xpm_fifo_base_inst/gen_sdpram.xpm_memory_base_inst/gen_wr_a.gen_word_narrow.mem_reg_0) in SDP mode with NO_CHANGE write-mode. This is the preferred mode for best power characteristics. However, NO_CHANGE may exhibit address collisions if the same address appears on both read and write ports resulting in unknown or corrupted read data. It is suggested to confirm via simulation that an address collision never occurs and if so it is suggested to try and avoid this situation. If address collisions cannot be avoided, the write-mode may be set to READ_FIRST which guarantees that the read data is the prior contents of the memory at the cost of additional power in the design. See the FPGA Memory Resources User Guide for additional information.
WARNING: [DRC RTSTAT-10] No routable loads: 632 net(s) have no routable loads. The problem bus(es) and/or net(s) are bdw/design_1_i/dbg/debug_bridge_1/inst/xsdbm/inst/BSCANID.u_xsdbm_id/EXT_BSCAN.reset_i, bdw/design_1_i/dbg/debug_bridge_1/inst/xsdbm/inst/BSCANID.u_xsdbm_id/EXT_BSCAN.runtest_i, bdw/design_1_i/dbg/debug_bridge_1/inst/xsdbm/inst/BSCANID.u_xsdbm_id/EXT_BSCAN.tck_i, bdw/design_1_i/dbg/debug_bridge_1/inst/xsdbm/inst/BSCANID.u_xsdbm_id/EXT_BSCAN.tms_i, bdw/design_1_i/IPMC/i2cSlave_1/inst/u_registerInterface/addr_cnt_w[6], bdw/design_1_i/IPMC/i2cSlave_0/inst/u_registerInterface/addr_cnt_w[6], bdw/design_1_i/IPMC/i2cSlave_0/inst/u_registerInterface/addr_cnt_w[7], bdw/design_1_i/IPMC/i2cSlave_1/inst/u_registerInterface/addr_cnt_w[7], bdw/design_1_i/cpu/ps7_0_axi_periph/s00_couplers/s00_data_fifo/inst/gen_fifo.fifo_gen_inst/inst_fifo_gen/gaxi_full_lite.gread_ch.grdch2.axi_rdch/grf.rf/gntv_or_sync_fifo.gl0.rd/gr1.gr1_int.rfwft/aempty_fwft_i, bdw/design_1_i/cpu/ps7_0_axi_periph/s01_couplers/s01_data_fifo/inst/gen_fifo.fifo_gen_inst/inst_fifo_gen/gaxi_full_lite.gwrite_ch.gwach2.axi_wach/grf.rf/gntv_or_sync_fifo.gl0.rd/gr1.gr1_int.rfwft/aempty_fwft_i, bdw/design_1_i/cpu/ps7_0_axi_periph/m03_couplers/auto_cc/inst/gen_clock_conv.gen_async_conv.asyncfifo_axi/inst_fifo_gen/gaxi_full_lite.gwrite_ch.gwdch2.axi_wdch/grf.rf/gntv_or_sync_fifo.gl0.rd/gr1.gr1_int.rfwft/aempty_fwft_i, bdw/design_1_i/cpu/axi_interconnect_4/s00_couplers/auto_ds/inst/gen_downsizer.gen_simple_downsizer.axi_downsizer_inst/USE_WRITE.write_addr_inst/USE_B_CHANNEL.cmd_b_queue/inst/fifo_gen_inst/inst_fifo_gen/gconvfifo.rf/grf.rf/gntv_or_sync_fifo.gl0.rd/gr1.gr1_int.rfwft/aempty_fwft_i, bdw/design_1_i/cpu/axi_interconnect_4/s00_couplers/auto_ds/inst/gen_downsizer.gen_simple_downsizer.axi_downsizer_inst/USE_READ.read_addr_inst/cmd_queue/inst/fifo_gen_inst/inst_fifo_gen/gconvfifo.rf/grf.rf/gntv_or_sync_fifo.gl0.rd/gr1.gr1_int.rfwft/aempty_fwft_i, bdw/design_1_i/cpu/ps7_0_axi_periph/s00_couplers/s00_data_fifo/inst/gen_fifo.fifo_gen_inst/inst_fifo_gen/gaxi_full_lite.gwrite_ch.gwach2.axi_wach/grf.rf/gntv_or_sync_fifo.gl0.rd/gr1.gr1_int.rfwft/aempty_fwft_i, bdw/design_1_i/cpu/ps7_0_axi_periph/m03_couplers/auto_cc/inst/gen_clock_conv.gen_async_conv.asyncfifo_axi/inst_fifo_gen/gaxi_full_lite.gread_ch.grach2.axi_rach/grf.rf/gntv_or_sync_fifo.gl0.rd/gr1.gr1_int.rfwft/aempty_fwft_i... and (the first 15 of 338 listed).
INFO: [Vivado 12-3199] DRC finished with 0 Errors, 40 Warnings
INFO: [Vivado 12-3200] Please refer to the DRC report (report_drc) for more information.
INFO: [Designutils 20-2272] Running write_bitstream with 8 threads.
Loading data files...
Loading site data...
Loading route data...
Processing options...
Overwriting "TIMESTAMP" with "13357D6D" for option USR_ACCESS
TIMESTAMP = Tue Jun  2 23:53:45 2026

Creating bitmap...
Creating bitstream...
Bitstream compression saved 9203392 bits.
Writing bitstream ./apex_control_mgt_top.bit...
INFO: [Vivado 12-1842] Bitgen Completed Successfully.
INFO: [Common 17-83] Releasing license: Implementation
50 Infos, 40 Warnings, 1 Critical Warnings and 0 Errors encountered.
write_bitstream completed successfully
write_bitstream: Time (s): cpu = 00:01:10 ; elapsed = 00:00:35 . Memory (MB): peak = 7509.047 ; gain = 0.000 ; free physical = 1096 ; free virtual = 9933
INFO: [Common 17-206] Exiting Vivado at Tue Jun  2 23:54:07 2026...
